12-09-26 18:52:10: Namespace(exp_name='B1_kpconv_da0', out_path='/home/pearl/25m0301/plant3d-thesis/results', epochs=100, batch_size=16, test_batch_size=16, lr=0.001, wd=5e-05, dropout=0.5, seed=1, gpu=0, verbose_batches=True, num_workers=0)
12-09-26 18:52:11: Using GPU 0: NVIDIA A100-SXM4-80GB
12-09-26 18:52:15: Crops3D train: 263 {'Tomato': 71, 'Maize': 192}
12-09-26 18:52:15: Crops3D val:   45 {'Tomato': 12, 'Maize': 33}
12-09-26 18:52:15: Pheno4D held-out eval (target, never trained on, cls-only): 63 {'Tomato': 40, 'Maize': 23}
12-09-26 18:52:17: L_cls class weights (w_c=(f_c+eps)^-1, normalized): {'Tomato': 1.4600751399993896, 'Maize': 0.5399248600006104}
12-09-26 18:52:17: L_seg class weights for Tomato (counts=[59711, 228589, 2516]): [0.12004272639751434, 0.031357139348983765, 2.848600149154663]
12-09-26 18:52:17: L_seg class weights for Maize (counts=[105103, 53541, 475303, 3874, 3443, 145168]): [0.09747688472270966, 0.19134941697120667, 0.021555034443736076, 2.6440656185150146, 2.974978446960449, 0.0705743357539177]
12-09-26 18:52:51: Calibrated neighborhood_limits (per layer, 90th-percentile cap): [499, 45, 31]
12-09-26 18:53:38:   epoch 0 batch 0: collate wait 3.1s, fwd+bwd+step 24.0s
12-09-26 18:53:41:   epoch 0 batch 1: collate wait 3.1s, fwd+bwd+step 0.3s
12-09-26 18:53:45:   epoch 0 batch 2: collate wait 3.5s, fwd+bwd+step 0.3s
12-09-26 18:53:49:   epoch 0 batch 3: collate wait 3.1s, fwd+bwd+step 0.3s
12-09-26 18:53:52:   epoch 0 batch 4: collate wait 3.2s, fwd+bwd+step 0.2s
12-09-26 18:53:55:   epoch 0 batch 5: collate wait 2.9s, fwd+bwd+step 0.3s
12-09-26 18:53:58:   epoch 0 batch 6: collate wait 2.9s, fwd+bwd+step 0.3s
12-09-26 18:54:02:   epoch 0 batch 7: collate wait 3.1s, fwd+bwd+step 0.3s
12-09-26 18:54:05:   epoch 0 batch 8: collate wait 3.3s, fwd+bwd+step 0.3s
12-09-26 18:54:09:   epoch 0 batch 9: collate wait 3.0s, fwd+bwd+step 0.3s
12-09-26 18:54:12:   epoch 0 batch 10: collate wait 3.5s, fwd+bwd+step 0.3s
12-09-26 18:54:15:   epoch 0 batch 11: collate wait 2.6s, fwd+bwd+step 0.2s
12-09-26 18:54:18:   epoch 0 batch 12: collate wait 2.8s, fwd+bwd+step 0.3s
12-09-26 18:54:22:   epoch 0 batch 13: collate wait 3.2s, fwd+bwd+step 0.3s
12-09-26 18:54:25:   epoch 0 batch 14: collate wait 2.7s, fwd+bwd+step 0.3s
12-09-26 18:54:29:   epoch 0 batch 15: collate wait 3.0s, fwd+bwd+step 0.9s
12-09-26 18:54:29: Trn - Source 0, cls loss: 0.3568, seg loss: 2.1866, kendall s_cls: -0.0045, s_seg: 0.0157
12-09-26 18:54:37: Val - Source 0, cls acc: 0.9111, cls avg acc: 0.9394, cls loss: 0.4854, seg loss: 2.3236, total loss: 2.7807
12-09-26 18:54:37: Val - Source 0, Tomato seg: loss=1.8960, mIoU=0.2688, acc=0.8063
12-09-26 18:54:37: Val - Source 0, Maize seg: loss=2.4791, mIoU=0.0838, acc=0.1538
12-09-26 18:54:46: Eval(no-train) - Target 0, acc: 0.9048, avg acc: 0.8696, cls loss: 0.4315  <- domain gap indicator (DA-0 baseline, cls-only)
12-09-26 18:54:49:   epoch 1 batch 0: collate wait 2.7s, fwd+bwd+step 0.3s
12-09-26 18:54:52:   epoch 1 batch 1: collate wait 2.8s, fwd+bwd+step 0.3s
12-09-26 18:54:55:   epoch 1 batch 2: collate wait 2.6s, fwd+bwd+step 0.3s
12-09-26 18:54:58:   epoch 1 batch 3: collate wait 3.0s, fwd+bwd+step 0.2s
12-09-26 18:55:01:   epoch 1 batch 4: collate wait 2.7s, fwd+bwd+step 0.3s
12-09-26 18:55:05:   epoch 1 batch 5: collate wait 3.1s, fwd+bwd+step 0.2s
12-09-26 18:55:08:   epoch 1 batch 6: collate wait 2.9s, fwd+bwd+step 0.3s
12-09-26 18:55:12:   epoch 1 batch 7: collate wait 3.4s, fwd+bwd+step 1.0s
12-09-26 18:55:16:   epoch 1 batch 8: collate wait 3.4s, fwd+bwd+step 0.3s
12-09-26 18:55:22:   epoch 1 batch 9: collate wait 4.2s, fwd+bwd+step 1.7s
12-09-26 18:55:25:   epoch 1 batch 10: collate wait 2.9s, fwd+bwd+step 0.3s
12-09-26 18:55:28:   epoch 1 batch 11: collate wait 2.9s, fwd+bwd+step 0.3s
12-09-26 18:55:32:   epoch 1 batch 12: collate wait 3.4s, fwd+bwd+step 0.3s
12-09-26 18:55:35:   epoch 1 batch 13: collate wait 3.3s, fwd+bwd+step 0.3s
12-09-26 18:55:39:   epoch 1 batch 14: collate wait 3.0s, fwd+bwd+step 0.3s
12-09-26 18:55:42:   epoch 1 batch 15: collate wait 3.0s, fwd+bwd+step 0.3s
12-09-26 18:55:42: Trn - Source 1, cls loss: 0.1040, seg loss: 1.7811, kendall s_cls: -0.0198, s_seg: 0.0301
12-09-26 18:55:51: Val - Source 1, cls acc: 0.4444, cls avg acc: 0.6212, cls loss: 0.7477, seg loss: 2.2220, total loss: 2.9239
12-09-26 18:55:51: Val - Source 1, Tomato seg: loss=1.6673, mIoU=0.0201, acc=0.0496
12-09-26 18:55:51: Val - Source 1, Maize seg: loss=2.4236, mIoU=0.0865, acc=0.2263
12-09-26 18:56:00: Eval(no-train) - Target 1, acc: 0.7937, avg acc: 0.7174, cls loss: 0.4699  <- domain gap indicator (DA-0 baseline, cls-only)
12-09-26 18:56:04:   epoch 2 batch 0: collate wait 3.7s, fwd+bwd+step 0.2s
12-09-26 18:56:08:   epoch 2 batch 1: collate wait 3.4s, fwd+bwd+step 0.3s
12-09-26 18:56:12:   epoch 2 batch 2: collate wait 3.7s, fwd+bwd+step 0.2s
12-09-26 18:56:15:   epoch 2 batch 3: collate wait 3.0s, fwd+bwd+step 0.2s
12-09-26 18:56:18:   epoch 2 batch 4: collate wait 2.9s, fwd+bwd+step 0.3s
12-09-26 18:56:21:   epoch 2 batch 5: collate wait 3.1s, fwd+bwd+step 0.2s
12-09-26 18:56:25:   epoch 2 batch 6: collate wait 2.9s, fwd+bwd+step 0.3s
12-09-26 18:56:28:   epoch 2 batch 7: collate wait 3.3s, fwd+bwd+step 0.2s
12-09-26 18:56:31:   epoch 2 batch 8: collate wait 3.1s, fwd+bwd+step 0.3s
12-09-26 18:56:35:   epoch 2 batch 9: collate wait 2.9s, fwd+bwd+step 0.3s
12-09-26 18:56:38:   epoch 2 batch 10: collate wait 2.8s, fwd+bwd+step 0.3s
12-09-26 18:56:41:   epoch 2 batch 11: collate wait 2.6s, fwd+bwd+step 0.2s
12-09-26 18:56:44:   epoch 2 batch 12: collate wait 3.1s, fwd+bwd+step 0.3s
12-09-26 18:56:47:   epoch 2 batch 13: collate wait 3.1s, fwd+bwd+step 0.3s
12-09-26 18:56:51:   epoch 2 batch 14: collate wait 3.6s, fwd+bwd+step 0.3s
12-09-26 18:56:54:   epoch 2 batch 15: collate wait 2.7s, fwd+bwd+step 0.3s
12-09-26 18:56:54: Trn - Source 2, cls loss: 0.1414, seg loss: 1.6262, kendall s_cls: -0.0365, s_seg: 0.0433
12-09-26 18:57:02: Val - Source 2, cls acc: 0.2889, cls avg acc: 0.5152, cls loss: 0.8730, seg loss: 2.1639, total loss: 2.9810
12-09-26 18:57:02: Val - Source 2, Tomato seg: loss=1.5960, mIoU=0.0408, acc=0.1030
12-09-26 18:57:02: Val - Source 2, Maize seg: loss=2.3704, mIoU=0.1028, acc=0.2357
12-09-26 18:57:11: Eval(no-train) - Target 2, acc: 0.7619, avg acc: 0.6739, cls loss: 0.5570  <- domain gap indicator (DA-0 baseline, cls-only)
12-09-26 18:57:14:   epoch 3 batch 0: collate wait 2.9s, fwd+bwd+step 0.3s
12-09-26 18:57:18:   epoch 3 batch 1: collate wait 3.1s, fwd+bwd+step 0.2s
12-09-26 18:57:21:   epoch 3 batch 2: collate wait 3.3s, fwd+bwd+step 0.3s
12-09-26 18:57:24:   epoch 3 batch 3: collate wait 2.7s, fwd+bwd+step 0.3s
12-09-26 18:57:27:   epoch 3 batch 4: collate wait 2.3s, fwd+bwd+step 0.2s
12-09-26 18:57:29:   epoch 3 batch 5: collate wait 2.6s, fwd+bwd+step 0.2s
12-09-26 18:57:33:   epoch 3 batch 6: collate wait 3.2s, fwd+bwd+step 0.3s
12-09-26 18:57:36:   epoch 3 batch 7: collate wait 2.9s, fwd+bwd+step 0.3s
12-09-26 18:57:40:   epoch 3 batch 8: collate wait 3.6s, fwd+bwd+step 0.3s
12-09-26 18:57:43:   epoch 3 batch 9: collate wait 2.5s, fwd+bwd+step 0.3s
12-09-26 18:57:46:   epoch 3 batch 10: collate wait 3.0s, fwd+bwd+step 0.3s
12-09-26 18:57:49:   epoch 3 batch 11: collate wait 3.1s, fwd+bwd+step 0.3s
12-09-26 18:57:53:   epoch 3 batch 12: collate wait 2.9s, fwd+bwd+step 0.2s
12-09-26 18:57:56:   epoch 3 batch 13: collate wait 2.9s, fwd+bwd+step 0.3s
12-09-26 18:57:59:   epoch 3 batch 14: collate wait 3.1s, fwd+bwd+step 0.3s
12-09-26 18:58:03:   epoch 3 batch 15: collate wait 3.7s, fwd+bwd+step 0.3s
12-09-26 18:58:03: Trn - Source 3, cls loss: 0.1271, seg loss: 1.5470, kendall s_cls: -0.0524, s_seg: 0.0559
12-09-26 18:58:11: Val - Source 3, cls acc: 0.4444, cls avg acc: 0.6212, cls loss: 0.8040, seg loss: 1.9069, total loss: 2.6523
12-09-26 18:58:11: Val - Source 3, Tomato seg: loss=1.5329, mIoU=0.1377, acc=0.2157
12-09-26 18:58:11: Val - Source 3, Maize seg: loss=2.0429, mIoU=0.1868, acc=0.4563
12-09-26 18:58:20: Eval(no-train) - Target 3, acc: 0.7778, avg acc: 0.6957, cls loss: 0.5837  <- domain gap indicator (DA-0 baseline, cls-only)
12-09-26 18:58:23:   epoch 4 batch 0: collate wait 2.6s, fwd+bwd+step 0.3s
12-09-26 18:58:26:   epoch 4 batch 1: collate wait 2.7s, fwd+bwd+step 0.3s
12-09-26 18:58:30:   epoch 4 batch 2: collate wait 3.1s, fwd+bwd+step 0.3s
12-09-26 18:58:33:   epoch 4 batch 3: collate wait 3.5s, fwd+bwd+step 0.3s
12-09-26 18:58:37:   epoch 4 batch 4: collate wait 3.1s, fwd+bwd+step 0.3s
12-09-26 18:58:40:   epoch 4 batch 5: collate wait 3.2s, fwd+bwd+step 0.2s
12-09-26 18:58:43:   epoch 4 batch 6: collate wait 2.7s, fwd+bwd+step 0.3s
12-09-26 18:58:46:   epoch 4 batch 7: collate wait 2.9s, fwd+bwd+step 0.2s
12-09-26 18:58:50:   epoch 4 batch 8: collate wait 3.0s, fwd+bwd+step 0.3s
12-09-26 18:58:53:   epoch 4 batch 9: collate wait 3.1s, fwd+bwd+step 0.3s
12-09-26 18:58:57:   epoch 4 batch 10: collate wait 3.3s, fwd+bwd+step 0.3s
12-09-26 18:59:00:   epoch 4 batch 11: collate wait 3.2s, fwd+bwd+step 0.3s
12-09-26 18:59:03:   epoch 4 batch 12: collate wait 3.1s, fwd+bwd+step 0.3s
12-09-26 18:59:06:   epoch 4 batch 13: collate wait 2.6s, fwd+bwd+step 0.2s
12-09-26 18:59:10:   epoch 4 batch 14: collate wait 3.3s, fwd+bwd+step 0.3s
12-09-26 18:59:13:   epoch 4 batch 15: collate wait 2.7s, fwd+bwd+step 0.3s
12-09-26 18:59:13: Trn - Source 4, cls loss: 0.0702, seg loss: 1.4683, kendall s_cls: -0.0696, s_seg: 0.0679
12-09-26 18:59:21: Val - Source 4, cls acc: 0.7333, cls avg acc: 0.8182, cls loss: 0.4521, seg loss: 1.7642, total loss: 2.1322
12-09-26 18:59:21: Val - Source 4, Tomato seg: loss=1.4370, mIoU=0.2699, acc=0.5988
12-09-26 18:59:21: Val - Source 4, Maize seg: loss=1.8832, mIoU=0.2478, acc=0.6006
12-09-26 18:59:30: Eval(no-train) - Target 4, acc: 0.8254, avg acc: 0.7609, cls loss: 0.5599  <- domain gap indicator (DA-0 baseline, cls-only)
12-09-26 18:59:33:   epoch 5 batch 0: collate wait 2.7s, fwd+bwd+step 0.3s
12-09-26 18:59:36:   epoch 5 batch 1: collate wait 2.7s, fwd+bwd+step 0.3s
12-09-26 18:59:39:   epoch 5 batch 2: collate wait 3.4s, fwd+bwd+step 0.3s
12-09-26 18:59:42:   epoch 5 batch 3: collate wait 2.7s, fwd+bwd+step 0.2s
12-09-26 18:59:45:   epoch 5 batch 4: collate wait 2.8s, fwd+bwd+step 0.2s
12-09-26 18:59:49:   epoch 5 batch 5: collate wait 3.3s, fwd+bwd+step 0.3s
12-09-26 18:59:52:   epoch 5 batch 6: collate wait 3.1s, fwd+bwd+step 0.2s
12-09-26 18:59:55:   epoch 5 batch 7: collate wait 2.7s, fwd+bwd+step 0.2s
12-09-26 18:59:58:   epoch 5 batch 8: collate wait 2.8s, fwd+bwd+step 0.3s
12-09-26 19:00:02:   epoch 5 batch 9: collate wait 3.4s, fwd+bwd+step 0.3s
12-09-26 19:00:05:   epoch 5 batch 10: collate wait 3.0s, fwd+bwd+step 0.3s
12-09-26 19:00:08:   epoch 5 batch 11: collate wait 3.0s, fwd+bwd+step 0.2s
12-09-26 19:00:12:   epoch 5 batch 12: collate wait 3.3s, fwd+bwd+step 0.3s
12-09-26 19:00:15:   epoch 5 batch 13: collate wait 3.0s, fwd+bwd+step 0.3s
12-09-26 19:00:19:   epoch 5 batch 14: collate wait 3.4s, fwd+bwd+step 0.2s
12-09-26 19:00:22:   epoch 5 batch 15: collate wait 3.0s, fwd+bwd+step 0.2s
12-09-26 19:00:22: Trn - Source 5, cls loss: 0.0306, seg loss: 1.4038, kendall s_cls: -0.0878, s_seg: 0.0796
12-09-26 19:00:30: Val - Source 5, cls acc: 0.8889, cls avg acc: 0.9242, cls loss: 0.1944, seg loss: 1.8341, total loss: 1.9020
12-09-26 19:00:30: Val - Source 5, Tomato seg: loss=1.4315, mIoU=0.3029, acc=0.6448
12-09-26 19:00:30: Val - Source 5, Maize seg: loss=1.9805, mIoU=0.2463, acc=0.5471
12-09-26 19:00:39: Eval(no-train) - Target 5, acc: 0.8889, avg acc: 0.8478, cls loss: 0.5878  <- domain gap indicator (DA-0 baseline, cls-only)
12-09-26 19:00:42:   epoch 6 batch 0: collate wait 2.9s, fwd+bwd+step 0.3s
12-09-26 19:00:45:   epoch 6 batch 1: collate wait 2.9s, fwd+bwd+step 0.3s
12-09-26 19:00:48:   epoch 6 batch 2: collate wait 3.1s, fwd+bwd+step 0.3s
12-09-26 19:00:52:   epoch 6 batch 3: collate wait 3.3s, fwd+bwd+step 0.3s
12-09-26 19:00:55:   epoch 6 batch 4: collate wait 2.4s, fwd+bwd+step 0.3s
12-09-26 19:00:59:   epoch 6 batch 5: collate wait 3.8s, fwd+bwd+step 0.3s
12-09-26 19:01:02:   epoch 6 batch 6: collate wait 3.2s, fwd+bwd+step 0.3s
12-09-26 19:01:05:   epoch 6 batch 7: collate wait 3.2s, fwd+bwd+step 0.2s
12-09-26 19:01:09:   epoch 6 batch 8: collate wait 3.3s, fwd+bwd+step 0.2s
12-09-26 19:01:13:   epoch 6 batch 9: collate wait 3.4s, fwd+bwd+step 0.2s
12-09-26 19:01:16:   epoch 6 batch 10: collate wait 3.0s, fwd+bwd+step 0.3s
12-09-26 19:01:19:   epoch 6 batch 11: collate wait 3.0s, fwd+bwd+step 0.3s
12-09-26 19:01:22:   epoch 6 batch 12: collate wait 2.6s, fwd+bwd+step 0.3s
12-09-26 19:01:25:   epoch 6 batch 13: collate wait 3.0s, fwd+bwd+step 0.2s
12-09-26 19:01:29:   epoch 6 batch 14: collate wait 3.2s, fwd+bwd+step 0.2s
12-09-26 19:01:32:   epoch 6 batch 15: collate wait 2.7s, fwd+bwd+step 0.3s
12-09-26 19:01:32: Trn - Source 6, cls loss: 0.2043, seg loss: 1.3541, kendall s_cls: -0.1011, s_seg: 0.0905
12-09-26 19:01:40: Val - Source 6, cls acc: 1.0000, cls avg acc: 1.0000, cls loss: 0.0381, seg loss: 1.4875, total loss: 1.3956
12-09-26 19:01:40: Val - Source 6, Tomato seg: loss=1.4409, mIoU=0.2692, acc=0.5523
12-09-26 19:01:40: Val - Source 6, Maize seg: loss=1.5044, mIoU=0.3015, acc=0.6746
12-09-26 19:01:48: Eval(no-train) - Target 6, acc: 0.9206, avg acc: 0.8913, cls loss: 0.2595  <- domain gap indicator (DA-0 baseline, cls-only)
12-09-26 19:01:52:   epoch 7 batch 0: collate wait 3.0s, fwd+bwd+step 0.2s
12-09-26 19:01:56:   epoch 7 batch 1: collate wait 3.9s, fwd+bwd+step 0.3s
12-09-26 19:01:59:   epoch 7 batch 2: collate wait 3.4s, fwd+bwd+step 0.3s
12-09-26 19:02:03:   epoch 7 batch 3: collate wait 3.0s, fwd+bwd+step 0.2s
12-09-26 19:02:06:   epoch 7 batch 4: collate wait 2.9s, fwd+bwd+step 0.2s
12-09-26 19:02:09:   epoch 7 batch 5: collate wait 3.2s, fwd+bwd+step 0.3s
12-09-26 19:02:12:   epoch 7 batch 6: collate wait 2.9s, fwd+bwd+step 0.3s
12-09-26 19:02:16:   epoch 7 batch 7: collate wait 3.6s, fwd+bwd+step 0.2s
12-09-26 19:02:20:   epoch 7 batch 8: collate wait 3.2s, fwd+bwd+step 0.3s
12-09-26 19:02:23:   epoch 7 batch 9: collate wait 2.9s, fwd+bwd+step 0.3s
12-09-26 19:02:25:   epoch 7 batch 10: collate wait 2.5s, fwd+bwd+step 0.3s
12-09-26 19:02:29:   epoch 7 batch 11: collate wait 3.0s, fwd+bwd+step 0.2s
12-09-26 19:02:32:   epoch 7 batch 12: collate wait 2.8s, fwd+bwd+step 0.2s
12-09-26 19:02:35:   epoch 7 batch 13: collate wait 2.6s, fwd+bwd+step 0.3s
12-09-26 19:02:37:   epoch 7 batch 14: collate wait 2.6s, fwd+bwd+step 0.2s
12-09-26 19:02:41:   epoch 7 batch 15: collate wait 2.9s, fwd+bwd+step 0.3s
12-09-26 19:02:41: Trn - Source 7, cls loss: 0.0873, seg loss: 1.3366, kendall s_cls: -0.1145, s_seg: 0.1014
12-09-26 19:02:49: Val - Source 7, cls acc: 1.0000, cls avg acc: 1.0000, cls loss: 0.0263, seg loss: 1.3247, total loss: 1.2199
12-09-26 19:02:49: Val - Source 7, Tomato seg: loss=1.3564, mIoU=0.2612, acc=0.5118
12-09-26 19:02:49: Val - Source 7, Maize seg: loss=1.3132, mIoU=0.2988, acc=0.6764
12-09-26 19:02:57: Eval(no-train) - Target 7, acc: 0.8413, avg acc: 0.8380, cls loss: 0.3677  <- domain gap indicator (DA-0 baseline, cls-only)
12-09-26 19:03:00:   epoch 8 batch 0: collate wait 2.6s, fwd+bwd+step 0.3s
12-09-26 19:03:04:   epoch 8 batch 1: collate wait 2.8s, fwd+bwd+step 0.3s
12-09-26 19:03:07:   epoch 8 batch 2: collate wait 3.1s, fwd+bwd+step 0.3s
12-09-26 19:03:11:   epoch 8 batch 3: collate wait 3.4s, fwd+bwd+step 0.3s
12-09-26 19:03:14:   epoch 8 batch 4: collate wait 3.2s, fwd+bwd+step 0.2s
12-09-26 19:03:17:   epoch 8 batch 5: collate wait 3.0s, fwd+bwd+step 0.2s
12-09-26 19:03:20:   epoch 8 batch 6: collate wait 3.0s, fwd+bwd+step 0.2s
12-09-26 19:03:24:   epoch 8 batch 7: collate wait 3.3s, fwd+bwd+step 0.3s
12-09-26 19:03:27:   epoch 8 batch 8: collate wait 3.2s, fwd+bwd+step 0.3s
12-09-26 19:03:31:   epoch 8 batch 9: collate wait 3.8s, fwd+bwd+step 0.3s
12-09-26 19:03:35:   epoch 8 batch 10: collate wait 3.5s, fwd+bwd+step 0.3s
12-09-26 19:03:38:   epoch 8 batch 11: collate wait 2.7s, fwd+bwd+step 0.3s
12-09-26 19:03:42:   epoch 8 batch 12: collate wait 3.5s, fwd+bwd+step 0.2s
12-09-26 19:03:45:   epoch 8 batch 13: collate wait 2.6s, fwd+bwd+step 0.3s
12-09-26 19:03:48:   epoch 8 batch 14: collate wait 3.2s, fwd+bwd+step 0.3s
12-09-26 19:03:52:   epoch 8 batch 15: collate wait 3.6s, fwd+bwd+step 0.3s
12-09-26 19:03:52: Trn - Source 8, cls loss: 0.0411, seg loss: 1.3164, kendall s_cls: -0.1301, s_seg: 0.1122
12-09-26 19:04:00: Val - Source 8, cls acc: 1.0000, cls avg acc: 1.0000, cls loss: 0.0089, seg loss: 1.1523, total loss: 1.0313
12-09-26 19:04:00: Val - Source 8, Tomato seg: loss=1.4166, mIoU=0.3118, acc=0.6521
12-09-26 19:04:00: Val - Source 8, Maize seg: loss=1.0562, mIoU=0.3453, acc=0.7299
12-09-26 19:04:09: Eval(no-train) - Target 8, acc: 0.9365, avg acc: 0.9130, cls loss: 0.2763  <- domain gap indicator (DA-0 baseline, cls-only)
12-09-26 19:04:12:   epoch 9 batch 0: collate wait 2.9s, fwd+bwd+step 0.3s
12-09-26 19:04:16:   epoch 9 batch 1: collate wait 3.1s, fwd+bwd+step 0.3s
12-09-26 19:04:19:   epoch 9 batch 2: collate wait 3.2s, fwd+bwd+step 0.3s
12-09-26 19:04:23:   epoch 9 batch 3: collate wait 3.2s, fwd+bwd+step 0.2s
12-09-26 19:04:26:   epoch 9 batch 4: collate wait 2.7s, fwd+bwd+step 0.3s
12-09-26 19:04:29:   epoch 9 batch 5: collate wait 2.9s, fwd+bwd+step 0.3s
12-09-26 19:04:32:   epoch 9 batch 6: collate wait 2.8s, fwd+bwd+step 0.2s
12-09-26 19:04:36:   epoch 9 batch 7: collate wait 3.6s, fwd+bwd+step 0.3s
12-09-26 19:04:39:   epoch 9 batch 8: collate wait 2.7s, fwd+bwd+step 0.3s
12-09-26 19:04:42:   epoch 9 batch 9: collate wait 3.2s, fwd+bwd+step 0.2s
12-09-26 19:04:45:   epoch 9 batch 10: collate wait 3.1s, fwd+bwd+step 0.3s
12-09-26 19:04:48:   epoch 9 batch 11: collate wait 2.5s, fwd+bwd+step 0.3s
12-09-26 19:04:52:   epoch 9 batch 12: collate wait 3.1s, fwd+bwd+step 0.3s
12-09-26 19:04:55:   epoch 9 batch 13: collate wait 3.4s, fwd+bwd+step 0.3s
12-09-26 19:04:58:   epoch 9 batch 14: collate wait 2.7s, fwd+bwd+step 0.3s
12-09-26 19:05:02:   epoch 9 batch 15: collate wait 3.3s, fwd+bwd+step 0.2s
12-09-26 19:05:02: Trn - Source 9, cls loss: 0.0373, seg loss: 1.2685, kendall s_cls: -0.1467, s_seg: 0.1224
12-09-26 19:05:10: Val - Source 9, cls acc: 1.0000, cls avg acc: 1.0000, cls loss: 0.0046, seg loss: 1.3568, total loss: 1.1937
12-09-26 19:05:10: Val - Source 9, Tomato seg: loss=1.4348, mIoU=0.2616, acc=0.5322
12-09-26 19:05:10: Val - Source 9, Maize seg: loss=1.3285, mIoU=0.3612, acc=0.8037
12-09-26 19:05:19: Eval(no-train) - Target 9, acc: 0.9365, avg acc: 0.9130, cls loss: 0.2264  <- domain gap indicator (DA-0 baseline, cls-only)
12-09-26 19:05:22:   epoch 10 batch 0: collate wait 3.4s, fwd+bwd+step 0.2s
12-09-26 19:05:26:   epoch 10 batch 1: collate wait 3.4s, fwd+bwd+step 0.3s
12-09-26 19:05:29:   epoch 10 batch 2: collate wait 2.5s, fwd+bwd+step 0.3s
12-09-26 19:05:32:   epoch 10 batch 3: collate wait 2.9s, fwd+bwd+step 0.2s
12-09-26 19:05:35:   epoch 10 batch 4: collate wait 2.8s, fwd+bwd+step 0.2s
12-09-26 19:05:38:   epoch 10 batch 5: collate wait 2.7s, fwd+bwd+step 0.3s
12-09-26 19:05:42:   epoch 10 batch 6: collate wait 3.4s, fwd+bwd+step 0.2s
12-09-26 19:05:45:   epoch 10 batch 7: collate wait 3.2s, fwd+bwd+step 0.3s
12-09-26 19:05:48:   epoch 10 batch 8: collate wait 3.1s, fwd+bwd+step 0.2s
12-09-26 19:05:52:   epoch 10 batch 9: collate wait 3.8s, fwd+bwd+step 0.2s
12-09-26 19:05:56:   epoch 10 batch 10: collate wait 2.9s, fwd+bwd+step 0.3s
12-09-26 19:05:59:   epoch 10 batch 11: collate wait 3.2s, fwd+bwd+step 0.3s
12-09-26 19:06:02:   epoch 10 batch 12: collate wait 2.9s, fwd+bwd+step 0.3s
12-09-26 19:06:05:   epoch 10 batch 13: collate wait 3.0s, fwd+bwd+step 0.3s
12-09-26 19:06:08:   epoch 10 batch 14: collate wait 2.8s, fwd+bwd+step 0.2s
12-09-26 19:06:12:   epoch 10 batch 15: collate wait 2.8s, fwd+bwd+step 0.2s
12-09-26 19:06:12: Trn - Source 10, cls loss: 0.0369, seg loss: 1.1631, kendall s_cls: -0.1627, s_seg: 0.1319
12-09-26 19:06:20: Val - Source 10, cls acc: 1.0000, cls avg acc: 1.0000, cls loss: 0.0055, seg loss: 1.4583, total loss: 1.2692
12-09-26 19:06:20: Val - Source 10, Tomato seg: loss=1.7369, mIoU=0.3051, acc=0.6398
12-09-26 19:06:20: Val - Source 10, Maize seg: loss=1.3570, mIoU=0.3840, acc=0.8445
12-09-26 19:06:28: Eval(no-train) - Target 10, acc: 0.7937, avg acc: 0.8005, cls loss: 0.3149  <- domain gap indicator (DA-0 baseline, cls-only)
12-09-26 19:06:31:   epoch 11 batch 0: collate wait 2.8s, fwd+bwd+step 0.2s
12-09-26 19:06:34:   epoch 11 batch 1: collate wait 2.9s, fwd+bwd+step 0.3s
12-09-26 19:06:38:   epoch 11 batch 2: collate wait 3.0s, fwd+bwd+step 0.3s
12-09-26 19:06:41:   epoch 11 batch 3: collate wait 3.1s, fwd+bwd+step 0.3s
12-09-26 19:06:44:   epoch 11 batch 4: collate wait 3.0s, fwd+bwd+step 0.2s
12-09-26 19:06:48:   epoch 11 batch 5: collate wait 3.1s, fwd+bwd+step 0.3s
12-09-26 19:06:51:   epoch 11 batch 6: collate wait 3.1s, fwd+bwd+step 0.2s
12-09-26 19:06:54:   epoch 11 batch 7: collate wait 3.3s, fwd+bwd+step 0.3s
12-09-26 19:06:58:   epoch 11 batch 8: collate wait 3.3s, fwd+bwd+step 0.2s
12-09-26 19:07:02:   epoch 11 batch 9: collate wait 3.8s, fwd+bwd+step 0.2s
12-09-26 19:07:05:   epoch 11 batch 10: collate wait 2.9s, fwd+bwd+step 0.3s
12-09-26 19:07:08:   epoch 11 batch 11: collate wait 2.7s, fwd+bwd+step 0.3s
12-09-26 19:07:11:   epoch 11 batch 12: collate wait 2.8s, fwd+bwd+step 0.2s
12-09-26 19:07:15:   epoch 11 batch 13: collate wait 3.0s, fwd+bwd+step 0.3s
12-09-26 19:07:18:   epoch 11 batch 14: collate wait 3.0s, fwd+bwd+step 0.3s
12-09-26 19:07:21:   epoch 11 batch 15: collate wait 3.4s, fwd+bwd+step 0.2s
12-09-26 19:07:21: Trn - Source 11, cls loss: 0.0581, seg loss: 1.2035, kendall s_cls: -0.1782, s_seg: 0.1410
12-09-26 19:07:30: Val - Source 11, cls acc: 1.0000, cls avg acc: 1.0000, cls loss: 0.0055, seg loss: 1.5726, total loss: 1.3538
12-09-26 19:07:30: Val - Source 11, Tomato seg: loss=1.8136, mIoU=0.3110, acc=0.6542
12-09-26 19:07:30: Val - Source 11, Maize seg: loss=1.4850, mIoU=0.3796, acc=0.8340
12-09-26 19:07:38: Eval(no-train) - Target 11, acc: 0.4921, avg acc: 0.6000, cls loss: 1.8704  <- domain gap indicator (DA-0 baseline, cls-only)
12-09-26 19:07:41:   epoch 12 batch 0: collate wait 2.8s, fwd+bwd+step 0.3s
12-09-26 19:07:45:   epoch 12 batch 1: collate wait 3.3s, fwd+bwd+step 0.2s
12-09-26 19:07:48:   epoch 12 batch 2: collate wait 3.3s, fwd+bwd+step 0.3s
12-09-26 19:07:51:   epoch 12 batch 3: collate wait 2.8s, fwd+bwd+step 0.3s
12-09-26 19:07:55:   epoch 12 batch 4: collate wait 3.4s, fwd+bwd+step 0.3s
12-09-26 19:07:58:   epoch 12 batch 5: collate wait 3.1s, fwd+bwd+step 0.3s
12-09-26 19:08:02:   epoch 12 batch 6: collate wait 3.0s, fwd+bwd+step 0.2s
12-09-26 19:08:05:   epoch 12 batch 7: collate wait 2.8s, fwd+bwd+step 0.2s
12-09-26 19:08:08:   epoch 12 batch 8: collate wait 2.8s, fwd+bwd+step 0.2s
12-09-26 19:08:11:   epoch 12 batch 9: collate wait 2.7s, fwd+bwd+step 0.3s
12-09-26 19:08:15:   epoch 12 batch 10: collate wait 3.7s, fwd+bwd+step 0.2s
12-09-26 19:08:18:   epoch 12 batch 11: collate wait 3.3s, fwd+bwd+step 0.3s
12-09-26 19:08:21:   epoch 12 batch 12: collate wait 2.7s, fwd+bwd+step 0.3s
12-09-26 19:08:24:   epoch 12 batch 13: collate wait 2.6s, fwd+bwd+step 0.3s
12-09-26 19:08:27:   epoch 12 batch 14: collate wait 3.0s, fwd+bwd+step 0.3s
12-09-26 19:08:30:   epoch 12 batch 15: collate wait 2.9s, fwd+bwd+step 0.3s
12-09-26 19:08:30: Trn - Source 12, cls loss: 0.0494, seg loss: 1.1638, kendall s_cls: -0.1938, s_seg: 0.1499
12-09-26 19:08:38: Val - Source 12, cls acc: 1.0000, cls avg acc: 1.0000, cls loss: 0.0013, seg loss: 1.5754, total loss: 1.3357
12-09-26 19:08:38: Val - Source 12, Tomato seg: loss=1.8869, mIoU=0.3288, acc=0.7040
12-09-26 19:08:38: Val - Source 12, Maize seg: loss=1.4621, mIoU=0.3735, acc=0.8208
12-09-26 19:08:47: Eval(no-train) - Target 12, acc: 0.5556, avg acc: 0.6500, cls loss: 1.3059  <- domain gap indicator (DA-0 baseline, cls-only)
12-09-26 19:08:50:   epoch 13 batch 0: collate wait 2.4s, fwd+bwd+step 0.2s
12-09-26 19:08:53:   epoch 13 batch 1: collate wait 3.0s, fwd+bwd+step 0.2s
12-09-26 19:08:57:   epoch 13 batch 2: collate wait 3.4s, fwd+bwd+step 0.3s
12-09-26 19:09:00:   epoch 13 batch 3: collate wait 3.2s, fwd+bwd+step 0.3s
12-09-26 19:09:03:   epoch 13 batch 4: collate wait 3.1s, fwd+bwd+step 0.2s
12-09-26 19:09:07:   epoch 13 batch 5: collate wait 3.0s, fwd+bwd+step 0.2s
12-09-26 19:09:10:   epoch 13 batch 6: collate wait 3.0s, fwd+bwd+step 0.2s
12-09-26 19:09:13:   epoch 13 batch 7: collate wait 2.6s, fwd+bwd+step 0.2s
12-09-26 19:09:16:   epoch 13 batch 8: collate wait 2.7s, fwd+bwd+step 0.3s
12-09-26 19:09:19:   epoch 13 batch 9: collate wait 2.6s, fwd+bwd+step 0.3s
12-09-26 19:09:22:   epoch 13 batch 10: collate wait 3.1s, fwd+bwd+step 0.2s
12-09-26 19:09:25:   epoch 13 batch 11: collate wait 3.2s, fwd+bwd+step 0.2s
12-09-26 19:09:29:   epoch 13 batch 12: collate wait 3.4s, fwd+bwd+step 0.2s
12-09-26 19:09:33:   epoch 13 batch 13: collate wait 3.4s, fwd+bwd+step 0.3s
12-09-26 19:09:36:   epoch 13 batch 14: collate wait 3.3s, fwd+bwd+step 0.2s
12-09-26 19:09:39:   epoch 13 batch 15: collate wait 2.9s, fwd+bwd+step 0.3s
12-09-26 19:09:39: Trn - Source 13, cls loss: 0.0127, seg loss: 1.1403, kendall s_cls: -0.2099, s_seg: 0.1586
12-09-26 19:09:48: Val - Source 13, cls acc: 1.0000, cls avg acc: 1.0000, cls loss: 0.0115, seg loss: 1.2332, total loss: 1.0410
12-09-26 19:09:48: Val - Source 13, Tomato seg: loss=1.9322, mIoU=0.2950, acc=0.6207
12-09-26 19:09:48: Val - Source 13, Maize seg: loss=0.9790, mIoU=0.3728, acc=0.7994
12-09-26 19:09:56: Eval(no-train) - Target 13, acc: 0.6349, avg acc: 0.6848, cls loss: 0.8014  <- domain gap indicator (DA-0 baseline, cls-only)
12-09-26 19:10:00:   epoch 14 batch 0: collate wait 3.2s, fwd+bwd+step 0.3s
12-09-26 19:10:03:   epoch 14 batch 1: collate wait 3.0s, fwd+bwd+step 0.3s
12-09-26 19:10:07:   epoch 14 batch 2: collate wait 3.8s, fwd+bwd+step 0.2s
12-09-26 19:10:10:   epoch 14 batch 3: collate wait 2.8s, fwd+bwd+step 0.3s
12-09-26 19:10:13:   epoch 14 batch 4: collate wait 2.8s, fwd+bwd+step 0.3s
12-09-26 19:10:17:   epoch 14 batch 5: collate wait 3.3s, fwd+bwd+step 0.3s
12-09-26 19:10:20:   epoch 14 batch 6: collate wait 2.9s, fwd+bwd+step 0.2s
12-09-26 19:10:23:   epoch 14 batch 7: collate wait 2.6s, fwd+bwd+step 0.2s
12-09-26 19:10:26:   epoch 14 batch 8: collate wait 3.3s, fwd+bwd+step 0.2s
12-09-26 19:10:30:   epoch 14 batch 9: collate wait 3.1s, fwd+bwd+step 0.3s
12-09-26 19:10:33:   epoch 14 batch 10: collate wait 3.1s, fwd+bwd+step 0.3s
12-09-26 19:10:36:   epoch 14 batch 11: collate wait 2.7s, fwd+bwd+step 0.2s
12-09-26 19:10:39:   epoch 14 batch 12: collate wait 3.2s, fwd+bwd+step 0.3s
12-09-26 19:10:43:   epoch 14 batch 13: collate wait 3.1s, fwd+bwd+step 0.3s
12-09-26 19:10:45:   epoch 14 batch 14: collate wait 2.3s, fwd+bwd+step 0.3s
12-09-26 19:10:49:   epoch 14 batch 15: collate wait 3.2s, fwd+bwd+step 0.2s
12-09-26 19:10:49: Trn - Source 14, cls loss: 0.0087, seg loss: 1.1256, kendall s_cls: -0.2264, s_seg: 0.1668
12-09-26 19:10:57: Val - Source 14, cls acc: 1.0000, cls avg acc: 1.0000, cls loss: 0.0035, seg loss: 1.2336, total loss: 1.0186
12-09-26 19:10:57: Val - Source 14, Tomato seg: loss=1.9760, mIoU=0.3238, acc=0.7157
12-09-26 19:10:57: Val - Source 14, Maize seg: loss=0.9636, mIoU=0.3546, acc=0.7661
12-09-26 19:11:06: Eval(no-train) - Target 14, acc: 0.6508, avg acc: 0.6973, cls loss: 0.7976  <- domain gap indicator (DA-0 baseline, cls-only)
12-09-26 19:11:09:   epoch 15 batch 0: collate wait 3.5s, fwd+bwd+step 0.3s
12-09-26 19:11:13:   epoch 15 batch 1: collate wait 3.4s, fwd+bwd+step 0.2s
12-09-26 19:11:16:   epoch 15 batch 2: collate wait 3.0s, fwd+bwd+step 0.2s
12-09-26 19:11:20:   epoch 15 batch 3: collate wait 3.0s, fwd+bwd+step 0.3s
12-09-26 19:11:23:   epoch 15 batch 4: collate wait 2.9s, fwd+bwd+step 0.3s
12-09-26 19:11:27:   epoch 15 batch 5: collate wait 3.5s, fwd+bwd+step 0.2s
12-09-26 19:11:30:   epoch 15 batch 6: collate wait 3.2s, fwd+bwd+step 0.2s
12-09-26 19:11:33:   epoch 15 batch 7: collate wait 2.7s, fwd+bwd+step 0.2s
12-09-26 19:11:36:   epoch 15 batch 8: collate wait 3.3s, fwd+bwd+step 0.3s
12-09-26 19:11:39:   epoch 15 batch 9: collate wait 2.6s, fwd+bwd+step 0.3s
12-09-26 19:11:42:   epoch 15 batch 10: collate wait 2.5s, fwd+bwd+step 0.2s
12-09-26 19:11:45:   epoch 15 batch 11: collate wait 3.1s, fwd+bwd+step 0.2s
12-09-26 19:11:49:   epoch 15 batch 12: collate wait 3.2s, fwd+bwd+step 0.2s
12-09-26 19:11:52:   epoch 15 batch 13: collate wait 2.7s, fwd+bwd+step 0.3s
12-09-26 19:11:55:   epoch 15 batch 14: collate wait 2.5s, fwd+bwd+step 0.3s
12-09-26 19:11:58:   epoch 15 batch 15: collate wait 3.0s, fwd+bwd+step 0.3s
12-09-26 19:11:58: Trn - Source 15, cls loss: 0.0553, seg loss: 1.1656, kendall s_cls: -0.2418, s_seg: 0.1756
12-09-26 19:12:06: Val - Source 15, cls acc: 1.0000, cls avg acc: 1.0000, cls loss: 0.0032, seg loss: 1.2376, total loss: 1.0094
12-09-26 19:12:06: Val - Source 15, Tomato seg: loss=1.8452, mIoU=0.2813, acc=0.6000
12-09-26 19:12:06: Val - Source 15, Maize seg: loss=1.0167, mIoU=0.3905, acc=0.8330
12-09-26 19:12:15: Eval(no-train) - Target 15, acc: 0.9365, avg acc: 0.9130, cls loss: 0.2623  <- domain gap indicator (DA-0 baseline, cls-only)
12-09-26 19:12:18:   epoch 16 batch 0: collate wait 2.8s, fwd+bwd+step 0.2s
12-09-26 19:12:21:   epoch 16 batch 1: collate wait 3.2s, fwd+bwd+step 0.3s
12-09-26 19:12:24:   epoch 16 batch 2: collate wait 3.0s, fwd+bwd+step 0.3s
12-09-26 19:12:27:   epoch 16 batch 3: collate wait 2.9s, fwd+bwd+step 0.3s
12-09-26 19:12:30:   epoch 16 batch 4: collate wait 2.7s, fwd+bwd+step 0.3s
12-09-26 19:12:34:   epoch 16 batch 5: collate wait 3.1s, fwd+bwd+step 0.3s
12-09-26 19:12:38:   epoch 16 batch 6: collate wait 3.6s, fwd+bwd+step 0.3s
12-09-26 19:12:41:   epoch 16 batch 7: collate wait 3.3s, fwd+bwd+step 0.2s
12-09-26 19:12:44:   epoch 16 batch 8: collate wait 2.7s, fwd+bwd+step 0.3s
12-09-26 19:12:47:   epoch 16 batch 9: collate wait 2.8s, fwd+bwd+step 0.3s
12-09-26 19:12:51:   epoch 16 batch 10: collate wait 3.5s, fwd+bwd+step 0.3s
12-09-26 19:12:55:   epoch 16 batch 11: collate wait 3.4s, fwd+bwd+step 0.2s
12-09-26 19:12:58:   epoch 16 batch 12: collate wait 2.8s, fwd+bwd+step 0.2s
12-09-26 19:13:01:   epoch 16 batch 13: collate wait 2.8s, fwd+bwd+step 0.3s
12-09-26 19:13:04:   epoch 16 batch 14: collate wait 2.9s, fwd+bwd+step 0.3s
12-09-26 19:13:07:   epoch 16 batch 15: collate wait 3.0s, fwd+bwd+step 0.2s
12-09-26 19:13:07: Trn - Source 16, cls loss: 0.1398, seg loss: 1.1800, kendall s_cls: -0.2539, s_seg: 0.1846
12-09-26 19:13:15: Val - Source 16, cls acc: 1.0000, cls avg acc: 1.0000, cls loss: 0.0017, seg loss: 1.3834, total loss: 1.1177
12-09-26 19:13:15: Val - Source 16, Tomato seg: loss=2.4671, mIoU=0.3380, acc=0.7308
12-09-26 19:13:15: Val - Source 16, Maize seg: loss=0.9893, mIoU=0.3550, acc=0.7404
12-09-26 19:13:24: Eval(no-train) - Target 16, acc: 0.9365, avg acc: 0.9130, cls loss: 0.2903  <- domain gap indicator (DA-0 baseline, cls-only)
12-09-26 19:13:27:   epoch 17 batch 0: collate wait 3.0s, fwd+bwd+step 0.3s
12-09-26 19:13:31:   epoch 17 batch 1: collate wait 3.2s, fwd+bwd+step 0.3s
12-09-26 19:13:33:   epoch 17 batch 2: collate wait 2.6s, fwd+bwd+step 0.3s
12-09-26 19:13:37:   epoch 17 batch 3: collate wait 3.5s, fwd+bwd+step 0.2s
12-09-26 19:13:41:   epoch 17 batch 4: collate wait 3.1s, fwd+bwd+step 0.2s
12-09-26 19:13:44:   epoch 17 batch 5: collate wait 2.7s, fwd+bwd+step 0.3s
12-09-26 19:13:47:   epoch 17 batch 6: collate wait 3.0s, fwd+bwd+step 0.2s
12-09-26 19:13:50:   epoch 17 batch 7: collate wait 2.9s, fwd+bwd+step 0.3s
12-09-26 19:13:54:   epoch 17 batch 8: collate wait 3.4s, fwd+bwd+step 0.3s
12-09-26 19:13:57:   epoch 17 batch 9: collate wait 3.1s, fwd+bwd+step 0.3s
12-09-26 19:14:00:   epoch 17 batch 10: collate wait 2.9s, fwd+bwd+step 0.3s
12-09-26 19:14:03:   epoch 17 batch 11: collate wait 3.0s, fwd+bwd+step 0.3s
12-09-26 19:14:07:   epoch 17 batch 12: collate wait 3.0s, fwd+bwd+step 0.3s
12-09-26 19:14:10:   epoch 17 batch 13: collate wait 2.9s, fwd+bwd+step 0.3s
12-09-26 19:14:13:   epoch 17 batch 14: collate wait 3.0s, fwd+bwd+step 0.3s
12-09-26 19:14:17:   epoch 17 batch 15: collate wait 3.4s, fwd+bwd+step 0.2s
12-09-26 19:14:17: Trn - Source 17, cls loss: 0.0372, seg loss: 1.1402, kendall s_cls: -0.2672, s_seg: 0.1931
12-09-26 19:14:25: Val - Source 17, cls acc: 1.0000, cls avg acc: 1.0000, cls loss: 0.0021, seg loss: 1.0640, total loss: 0.8429
12-09-26 19:14:25: Val - Source 17, Tomato seg: loss=1.3894, mIoU=0.3218, acc=0.6533
12-09-26 19:14:25: Val - Source 17, Maize seg: loss=0.9457, mIoU=0.3631, acc=0.7973
12-09-26 19:14:34: Eval(no-train) - Target 17, acc: 0.9365, avg acc: 0.9130, cls loss: 0.2278  <- domain gap indicator (DA-0 baseline, cls-only)
12-09-26 19:14:37:   epoch 18 batch 0: collate wait 3.0s, fwd+bwd+step 0.3s
12-09-26 19:14:41:   epoch 18 batch 1: collate wait 3.8s, fwd+bwd+step 0.3s
12-09-26 19:14:44:   epoch 18 batch 2: collate wait 2.5s, fwd+bwd+step 0.3s
12-09-26 19:14:47:   epoch 18 batch 3: collate wait 2.9s, fwd+bwd+step 0.3s
12-09-26 19:14:50:   epoch 18 batch 4: collate wait 3.3s, fwd+bwd+step 0.3s
12-09-26 19:14:53:   epoch 18 batch 5: collate wait 2.7s, fwd+bwd+step 0.2s
12-09-26 19:14:57:   epoch 18 batch 6: collate wait 3.5s, fwd+bwd+step 0.2s
12-09-26 19:15:01:   epoch 18 batch 7: collate wait 3.2s, fwd+bwd+step 0.2s
12-09-26 19:15:04:   epoch 18 batch 8: collate wait 2.8s, fwd+bwd+step 0.2s
12-09-26 19:15:07:   epoch 18 batch 9: collate wait 2.9s, fwd+bwd+step 0.3s
12-09-26 19:15:10:   epoch 18 batch 10: collate wait 2.8s, fwd+bwd+step 0.3s
12-09-26 19:15:13:   epoch 18 batch 11: collate wait 3.1s, fwd+bwd+step 0.3s
12-09-26 19:15:17:   epoch 18 batch 12: collate wait 3.3s, fwd+bwd+step 0.2s
12-09-26 19:15:20:   epoch 18 batch 13: collate wait 3.4s, fwd+bwd+step 0.3s
12-09-26 19:15:23:   epoch 18 batch 14: collate wait 2.8s, fwd+bwd+step 0.3s
12-09-26 19:15:26:   epoch 18 batch 15: collate wait 2.8s, fwd+bwd+step 0.3s
12-09-26 19:15:26: Trn - Source 18, cls loss: 0.0340, seg loss: 1.0977, kendall s_cls: -0.2811, s_seg: 0.2009
12-09-26 19:15:35: Val - Source 18, cls acc: 1.0000, cls avg acc: 1.0000, cls loss: 0.0069, seg loss: 1.1737, total loss: 0.9291
12-09-26 19:15:35: Val - Source 18, Tomato seg: loss=1.3875, mIoU=0.3446, acc=0.7074
12-09-26 19:15:35: Val - Source 18, Maize seg: loss=1.0960, mIoU=0.3777, acc=0.8268
12-09-26 19:15:43: Eval(no-train) - Target 18, acc: 0.8254, avg acc: 0.7609, cls loss: 0.7533  <- domain gap indicator (DA-0 baseline, cls-only)
12-09-26 19:15:47:   epoch 19 batch 0: collate wait 3.2s, fwd+bwd+step 0.3s
12-09-26 19:15:50:   epoch 19 batch 1: collate wait 3.3s, fwd+bwd+step 0.2s
12-09-26 19:15:54:   epoch 19 batch 2: collate wait 3.2s, fwd+bwd+step 0.3s
12-09-26 19:15:57:   epoch 19 batch 3: collate wait 3.0s, fwd+bwd+step 0.2s
12-09-26 19:16:00:   epoch 19 batch 4: collate wait 2.7s, fwd+bwd+step 0.3s
12-09-26 19:16:03:   epoch 19 batch 5: collate wait 2.8s, fwd+bwd+step 0.3s
12-09-26 19:16:07:   epoch 19 batch 6: collate wait 3.1s, fwd+bwd+step 0.2s
12-09-26 19:16:10:   epoch 19 batch 7: collate wait 3.0s, fwd+bwd+step 0.2s
12-09-26 19:16:13:   epoch 19 batch 8: collate wait 2.8s, fwd+bwd+step 0.2s
12-09-26 19:16:16:   epoch 19 batch 9: collate wait 3.0s, fwd+bwd+step 0.3s
12-09-26 19:16:20:   epoch 19 batch 10: collate wait 3.5s, fwd+bwd+step 0.2s
12-09-26 19:16:23:   epoch 19 batch 11: collate wait 3.1s, fwd+bwd+step 0.3s
12-09-26 19:16:27:   epoch 19 batch 12: collate wait 3.1s, fwd+bwd+step 0.3s
12-09-26 19:16:30:   epoch 19 batch 13: collate wait 3.0s, fwd+bwd+step 0.3s
12-09-26 19:16:33:   epoch 19 batch 14: collate wait 2.7s, fwd+bwd+step 0.3s
12-09-26 19:16:36:   epoch 19 batch 15: collate wait 2.6s, fwd+bwd+step 0.3s
12-09-26 19:16:36: Trn - Source 19, cls loss: 0.0473, seg loss: 1.1527, kendall s_cls: -0.2952, s_seg: 0.2092
12-09-26 19:16:44: Val - Source 19, cls acc: 0.9333, cls avg acc: 0.8750, cls loss: 0.2488, seg loss: 1.3090, total loss: 1.3532
12-09-26 19:16:44: Val - Source 19, Tomato seg: loss=1.7303, mIoU=0.3438, acc=0.7711
12-09-26 19:16:44: Val - Source 19, Maize seg: loss=1.1557, mIoU=0.3518, acc=0.7763
12-09-26 19:16:53: Eval(no-train) - Target 19, acc: 0.3651, avg acc: 0.5000, cls loss: 9.5335  <- domain gap indicator (DA-0 baseline, cls-only)
12-09-26 19:16:56:   epoch 20 batch 0: collate wait 3.4s, fwd+bwd+step 0.3s
12-09-26 19:17:00:   epoch 20 batch 1: collate wait 3.3s, fwd+bwd+step 0.2s
12-09-26 19:17:03:   epoch 20 batch 2: collate wait 2.6s, fwd+bwd+step 0.3s
12-09-26 19:17:06:   epoch 20 batch 3: collate wait 3.5s, fwd+bwd+step 0.3s
12-09-26 19:17:10:   epoch 20 batch 4: collate wait 3.2s, fwd+bwd+step 0.3s
12-09-26 19:17:13:   epoch 20 batch 5: collate wait 2.8s, fwd+bwd+step 0.3s
12-09-26 19:17:16:   epoch 20 batch 6: collate wait 2.8s, fwd+bwd+step 0.3s
12-09-26 19:17:19:   epoch 20 batch 7: collate wait 3.3s, fwd+bwd+step 0.2s
12-09-26 19:17:23:   epoch 20 batch 8: collate wait 3.4s, fwd+bwd+step 0.3s
12-09-26 19:17:27:   epoch 20 batch 9: collate wait 3.2s, fwd+bwd+step 0.3s
12-09-26 19:17:30:   epoch 20 batch 10: collate wait 3.0s, fwd+bwd+step 0.2s
12-09-26 19:17:33:   epoch 20 batch 11: collate wait 2.8s, fwd+bwd+step 0.2s
12-09-26 19:17:36:   epoch 20 batch 12: collate wait 3.2s, fwd+bwd+step 0.3s
12-09-26 19:17:40:   epoch 20 batch 13: collate wait 3.0s, fwd+bwd+step 0.2s
12-09-26 19:17:43:   epoch 20 batch 14: collate wait 2.9s, fwd+bwd+step 0.3s
12-09-26 19:17:46:   epoch 20 batch 15: collate wait 2.9s, fwd+bwd+step 0.3s
12-09-26 19:17:46: Trn - Source 20, cls loss: 0.0457, seg loss: 1.1064, kendall s_cls: -0.3089, s_seg: 0.2171
12-09-26 19:17:54: Val - Source 20, cls acc: 0.9778, cls avg acc: 0.9583, cls loss: 0.0381, seg loss: 1.2503, total loss: 1.0122
12-09-26 19:17:54: Val - Source 20, Tomato seg: loss=1.4890, mIoU=0.3049, acc=0.6372
12-09-26 19:17:54: Val - Source 20, Maize seg: loss=1.1635, mIoU=0.3717, acc=0.8239
12-09-26 19:18:03: Eval(no-train) - Target 20, acc: 0.4444, avg acc: 0.5348, cls loss: 1.5536  <- domain gap indicator (DA-0 baseline, cls-only)
12-09-26 19:18:06:   epoch 21 batch 0: collate wait 3.2s, fwd+bwd+step 0.3s
12-09-26 19:18:10:   epoch 21 batch 1: collate wait 3.5s, fwd+bwd+step 0.3s
12-09-26 19:18:13:   epoch 21 batch 2: collate wait 3.0s, fwd+bwd+step 0.3s
12-09-26 19:18:17:   epoch 21 batch 3: collate wait 3.1s, fwd+bwd+step 0.3s
12-09-26 19:18:20:   epoch 21 batch 4: collate wait 3.0s, fwd+bwd+step 0.2s
12-09-26 19:18:23:   epoch 21 batch 5: collate wait 2.8s, fwd+bwd+step 0.3s
12-09-26 19:18:27:   epoch 21 batch 6: collate wait 3.4s, fwd+bwd+step 0.3s
12-09-26 19:18:30:   epoch 21 batch 7: collate wait 3.0s, fwd+bwd+step 0.3s
12-09-26 19:18:33:   epoch 21 batch 8: collate wait 2.8s, fwd+bwd+step 0.2s
12-09-26 19:18:36:   epoch 21 batch 9: collate wait 3.1s, fwd+bwd+step 0.3s
12-09-26 19:18:40:   epoch 21 batch 10: collate wait 3.0s, fwd+bwd+step 0.2s
12-09-26 19:18:43:   epoch 21 batch 11: collate wait 2.8s, fwd+bwd+step 0.2s
12-09-26 19:18:46:   epoch 21 batch 12: collate wait 3.5s, fwd+bwd+step 0.3s
12-09-26 19:18:50:   epoch 21 batch 13: collate wait 3.2s, fwd+bwd+step 0.3s
12-09-26 19:18:53:   epoch 21 batch 14: collate wait 2.6s, fwd+bwd+step 0.2s
12-09-26 19:18:56:   epoch 21 batch 15: collate wait 3.1s, fwd+bwd+step 0.3s
12-09-26 19:18:56: Trn - Source 21, cls loss: 0.0169, seg loss: 1.0791, kendall s_cls: -0.3232, s_seg: 0.2245
12-09-26 19:19:04: Val - Source 21, cls acc: 1.0000, cls avg acc: 1.0000, cls loss: 0.0065, seg loss: 1.0105, total loss: 0.7669
12-09-26 19:19:04: Val - Source 21, Tomato seg: loss=1.4336, mIoU=0.3585, acc=0.7382
12-09-26 19:19:04: Val - Source 21, Maize seg: loss=0.8566, mIoU=0.3870, acc=0.8077
12-09-26 19:19:13: Eval(no-train) - Target 21, acc: 0.5714, avg acc: 0.6533, cls loss: 0.8178  <- domain gap indicator (DA-0 baseline, cls-only)
12-09-26 19:19:16:   epoch 22 batch 0: collate wait 3.1s, fwd+bwd+step 0.3s
12-09-26 19:19:20:   epoch 22 batch 1: collate wait 3.3s, fwd+bwd+step 0.2s
12-09-26 19:19:23:   epoch 22 batch 2: collate wait 2.5s, fwd+bwd+step 0.3s
12-09-26 19:19:26:   epoch 22 batch 3: collate wait 3.5s, fwd+bwd+step 0.3s
12-09-26 19:19:30:   epoch 22 batch 4: collate wait 3.2s, fwd+bwd+step 0.3s
12-09-26 19:19:34:   epoch 22 batch 5: collate wait 3.5s, fwd+bwd+step 0.3s
12-09-26 19:19:37:   epoch 22 batch 6: collate wait 2.9s, fwd+bwd+step 0.2s
12-09-26 19:19:40:   epoch 22 batch 7: collate wait 2.9s, fwd+bwd+step 0.3s
12-09-26 19:19:43:   epoch 22 batch 8: collate wait 3.2s, fwd+bwd+step 0.3s
12-09-26 19:19:46:   epoch 22 batch 9: collate wait 2.6s, fwd+bwd+step 0.3s
12-09-26 19:19:49:   epoch 22 batch 10: collate wait 3.0s, fwd+bwd+step 0.2s
12-09-26 19:19:52:   epoch 22 batch 11: collate wait 2.7s, fwd+bwd+step 0.3s
12-09-26 19:19:56:   epoch 22 batch 12: collate wait 3.6s, fwd+bwd+step 0.2s
12-09-26 19:19:59:   epoch 22 batch 13: collate wait 2.7s, fwd+bwd+step 0.3s
12-09-26 19:20:03:   epoch 22 batch 14: collate wait 3.3s, fwd+bwd+step 0.3s
12-09-26 19:20:06:   epoch 22 batch 15: collate wait 2.8s, fwd+bwd+step 0.3s
12-09-26 19:20:06: Trn - Source 22, cls loss: 0.0771, seg loss: 1.0712, kendall s_cls: -0.3369, s_seg: 0.2316
12-09-26 19:20:14: Val - Source 22, cls acc: 1.0000, cls avg acc: 1.0000, cls loss: 0.0030, seg loss: 1.0676, total loss: 0.7984
12-09-26 19:20:14: Val - Source 22, Tomato seg: loss=1.5237, mIoU=0.3421, acc=0.7006
12-09-26 19:20:14: Val - Source 22, Maize seg: loss=0.9018, mIoU=0.3982, acc=0.8464
12-09-26 19:20:23: Eval(no-train) - Target 22, acc: 0.4286, avg acc: 0.5408, cls loss: 1.4534  <- domain gap indicator (DA-0 baseline, cls-only)
12-09-26 19:20:27:   epoch 23 batch 0: collate wait 3.7s, fwd+bwd+step 0.2s
12-09-26 19:20:30:   epoch 23 batch 1: collate wait 3.1s, fwd+bwd+step 0.3s
12-09-26 19:20:33:   epoch 23 batch 2: collate wait 2.8s, fwd+bwd+step 0.3s
12-09-26 19:20:37:   epoch 23 batch 3: collate wait 3.3s, fwd+bwd+step 0.3s
12-09-26 19:20:39:   epoch 23 batch 4: collate wait 2.5s, fwd+bwd+step 0.3s
12-09-26 19:20:42:   epoch 23 batch 5: collate wait 2.9s, fwd+bwd+step 0.3s
12-09-26 19:20:46:   epoch 23 batch 6: collate wait 3.1s, fwd+bwd+step 0.3s
12-09-26 19:20:49:   epoch 23 batch 7: collate wait 3.1s, fwd+bwd+step 0.3s
12-09-26 19:20:52:   epoch 23 batch 8: collate wait 2.6s, fwd+bwd+step 0.3s
12-09-26 19:20:55:   epoch 23 batch 9: collate wait 3.1s, fwd+bwd+step 0.2s
12-09-26 19:20:59:   epoch 23 batch 10: collate wait 3.1s, fwd+bwd+step 0.3s
12-09-26 19:21:02:   epoch 23 batch 11: collate wait 2.6s, fwd+bwd+step 0.3s
12-09-26 19:21:05:   epoch 23 batch 12: collate wait 3.4s, fwd+bwd+step 0.2s
12-09-26 19:21:08:   epoch 23 batch 13: collate wait 3.0s, fwd+bwd+step 0.3s
12-09-26 19:21:12:   epoch 23 batch 14: collate wait 2.8s, fwd+bwd+step 0.3s
12-09-26 19:21:14:   epoch 23 batch 15: collate wait 2.5s, fwd+bwd+step 0.3s
12-09-26 19:21:14: Trn - Source 23, cls loss: 0.0113, seg loss: 1.0372, kendall s_cls: -0.3500, s_seg: 0.2383
12-09-26 19:21:23: Val - Source 23, cls acc: 1.0000, cls avg acc: 1.0000, cls loss: 0.0049, seg loss: 1.0370, total loss: 0.7682
12-09-26 19:21:23: Val - Source 23, Tomato seg: loss=1.3832, mIoU=0.3784, acc=0.7449
12-09-26 19:21:23: Val - Source 23, Maize seg: loss=0.9111, mIoU=0.3676, acc=0.7774
12-09-26 19:21:32: Eval(no-train) - Target 23, acc: 0.7619, avg acc: 0.7848, cls loss: 0.4498  <- domain gap indicator (DA-0 baseline, cls-only)
12-09-26 19:21:35:   epoch 24 batch 0: collate wait 3.0s, fwd+bwd+step 0.4s
12-09-26 19:21:39:   epoch 24 batch 1: collate wait 3.0s, fwd+bwd+step 0.3s
12-09-26 19:21:42:   epoch 24 batch 2: collate wait 2.7s, fwd+bwd+step 0.3s
12-09-26 19:21:45:   epoch 24 batch 3: collate wait 3.4s, fwd+bwd+step 0.3s
12-09-26 19:21:49:   epoch 24 batch 4: collate wait 3.1s, fwd+bwd+step 0.2s
12-09-26 19:21:52:   epoch 24 batch 5: collate wait 3.3s, fwd+bwd+step 0.3s
12-09-26 19:21:56:   epoch 24 batch 6: collate wait 3.3s, fwd+bwd+step 0.3s
12-09-26 19:21:59:   epoch 24 batch 7: collate wait 3.1s, fwd+bwd+step 0.2s
12-09-26 19:22:02:   epoch 24 batch 8: collate wait 2.8s, fwd+bwd+step 0.3s
12-09-26 19:22:05:   epoch 24 batch 9: collate wait 2.6s, fwd+bwd+step 0.3s
12-09-26 19:22:08:   epoch 24 batch 10: collate wait 2.8s, fwd+bwd+step 0.3s
12-09-26 19:22:11:   epoch 24 batch 11: collate wait 3.1s, fwd+bwd+step 0.3s
12-09-26 19:22:15:   epoch 24 batch 12: collate wait 3.4s, fwd+bwd+step 0.2s
12-09-26 19:22:18:   epoch 24 batch 13: collate wait 2.9s, fwd+bwd+step 0.3s
12-09-26 19:22:22:   epoch 24 batch 14: collate wait 3.2s, fwd+bwd+step 0.3s
12-09-26 19:22:25:   epoch 24 batch 15: collate wait 2.6s, fwd+bwd+step 0.3s
12-09-26 19:22:25: Trn - Source 24, cls loss: 0.0291, seg loss: 1.0633, kendall s_cls: -0.3636, s_seg: 0.2450
12-09-26 19:22:33: Val - Source 24, cls acc: 1.0000, cls avg acc: 1.0000, cls loss: 0.0024, seg loss: 0.9990, total loss: 0.7260
12-09-26 19:22:33: Val - Source 24, Tomato seg: loss=1.3464, mIoU=0.3657, acc=0.7354
12-09-26 19:22:33: Val - Source 24, Maize seg: loss=0.8726, mIoU=0.3995, acc=0.8347
12-09-26 19:22:42: Eval(no-train) - Target 24, acc: 0.8254, avg acc: 0.8348, cls loss: 0.3659  <- domain gap indicator (DA-0 baseline, cls-only)
12-09-26 19:22:45:   epoch 25 batch 0: collate wait 2.9s, fwd+bwd+step 0.3s
12-09-26 19:22:48:   epoch 25 batch 1: collate wait 2.7s, fwd+bwd+step 0.2s
12-09-26 19:22:51:   epoch 25 batch 2: collate wait 2.9s, fwd+bwd+step 0.3s
12-09-26 19:22:54:   epoch 25 batch 3: collate wait 3.4s, fwd+bwd+step 0.3s
12-09-26 19:22:58:   epoch 25 batch 4: collate wait 3.0s, fwd+bwd+step 0.3s
12-09-26 19:23:01:   epoch 25 batch 5: collate wait 2.9s, fwd+bwd+step 0.2s
12-09-26 19:23:04:   epoch 25 batch 6: collate wait 3.3s, fwd+bwd+step 0.3s
12-09-26 19:23:08:   epoch 25 batch 7: collate wait 2.8s, fwd+bwd+step 0.3s
12-09-26 19:23:11:   epoch 25 batch 8: collate wait 2.7s, fwd+bwd+step 0.3s
12-09-26 19:23:14:   epoch 25 batch 9: collate wait 3.2s, fwd+bwd+step 0.3s
12-09-26 19:23:17:   epoch 25 batch 10: collate wait 2.9s, fwd+bwd+step 0.2s
12-09-26 19:23:20:   epoch 25 batch 11: collate wait 2.7s, fwd+bwd+step 0.3s
12-09-26 19:23:24:   epoch 25 batch 12: collate wait 3.4s, fwd+bwd+step 0.3s
12-09-26 19:23:27:   epoch 25 batch 13: collate wait 3.5s, fwd+bwd+step 0.3s
12-09-26 19:23:31:   epoch 25 batch 14: collate wait 3.1s, fwd+bwd+step 0.3s
12-09-26 19:23:35:   epoch 25 batch 15: collate wait 3.6s, fwd+bwd+step 0.2s
12-09-26 19:23:35: Trn - Source 25, cls loss: 0.0084, seg loss: 1.0763, kendall s_cls: -0.3776, s_seg: 0.2516
12-09-26 19:23:43: Val - Source 25, cls acc: 1.0000, cls avg acc: 1.0000, cls loss: 0.0030, seg loss: 0.9650, total loss: 0.6917
12-09-26 19:23:43: Val - Source 25, Tomato seg: loss=1.1653, mIoU=0.3700, acc=0.7325
12-09-26 19:23:43: Val - Source 25, Maize seg: loss=0.8922, mIoU=0.3910, acc=0.8373
12-09-26 19:23:52: Eval(no-train) - Target 25, acc: 0.9365, avg acc: 0.9223, cls loss: 0.2725  <- domain gap indicator (DA-0 baseline, cls-only)
12-09-26 19:23:55:   epoch 26 batch 0: collate wait 3.4s, fwd+bwd+step 0.3s
12-09-26 19:23:58:   epoch 26 batch 1: collate wait 2.6s, fwd+bwd+step 0.3s
12-09-26 19:24:01:   epoch 26 batch 2: collate wait 2.9s, fwd+bwd+step 0.3s
12-09-26 19:24:05:   epoch 26 batch 3: collate wait 3.1s, fwd+bwd+step 0.3s
12-09-26 19:24:08:   epoch 26 batch 4: collate wait 3.3s, fwd+bwd+step 0.2s
12-09-26 19:24:11:   epoch 26 batch 5: collate wait 3.0s, fwd+bwd+step 0.3s
12-09-26 19:24:14:   epoch 26 batch 6: collate wait 2.7s, fwd+bwd+step 0.3s
12-09-26 19:24:18:   epoch 26 batch 7: collate wait 3.6s, fwd+bwd+step 0.2s
12-09-26 19:24:21:   epoch 26 batch 8: collate wait 2.6s, fwd+bwd+step 0.2s
12-09-26 19:24:25:   epoch 26 batch 9: collate wait 3.5s, fwd+bwd+step 0.3s
12-09-26 19:24:28:   epoch 26 batch 10: collate wait 2.5s, fwd+bwd+step 0.3s
12-09-26 19:24:31:   epoch 26 batch 11: collate wait 2.9s, fwd+bwd+step 0.3s
12-09-26 19:24:34:   epoch 26 batch 12: collate wait 3.1s, fwd+bwd+step 0.2s
12-09-26 19:24:38:   epoch 26 batch 13: collate wait 3.3s, fwd+bwd+step 0.3s
12-09-26 19:24:41:   epoch 26 batch 14: collate wait 3.1s, fwd+bwd+step 0.3s
12-09-26 19:24:44:   epoch 26 batch 15: collate wait 2.8s, fwd+bwd+step 0.3s
12-09-26 19:24:44: Trn - Source 26, cls loss: 0.0744, seg loss: 1.0823, kendall s_cls: -0.3904, s_seg: 0.2585
12-09-26 19:24:52: Val - Source 26, cls acc: 1.0000, cls avg acc: 1.0000, cls loss: 0.0010, seg loss: 1.0271, total loss: 0.7287
12-09-26 19:24:52: Val - Source 26, Tomato seg: loss=1.3357, mIoU=0.3375, acc=0.6789
12-09-26 19:24:52: Val - Source 26, Maize seg: loss=0.9149, mIoU=0.4044, acc=0.8430
12-09-26 19:25:01: Eval(no-train) - Target 26, acc: 0.5238, avg acc: 0.6250, cls loss: 1.2592  <- domain gap indicator (DA-0 baseline, cls-only)
12-09-26 19:25:04:   epoch 27 batch 0: collate wait 2.9s, fwd+bwd+step 0.3s
12-09-26 19:25:07:   epoch 27 batch 1: collate wait 2.9s, fwd+bwd+step 0.2s
12-09-26 19:25:11:   epoch 27 batch 2: collate wait 2.9s, fwd+bwd+step 0.3s
12-09-26 19:25:14:   epoch 27 batch 3: collate wait 2.8s, fwd+bwd+step 0.2s
12-09-26 19:25:17:   epoch 27 batch 4: collate wait 3.0s, fwd+bwd+step 0.3s
12-09-26 19:25:20:   epoch 27 batch 5: collate wait 3.3s, fwd+bwd+step 0.2s
12-09-26 19:25:24:   epoch 27 batch 6: collate wait 3.7s, fwd+bwd+step 0.3s
12-09-26 19:25:27:   epoch 27 batch 7: collate wait 2.7s, fwd+bwd+step 0.3s
12-09-26 19:25:30:   epoch 27 batch 8: collate wait 2.7s, fwd+bwd+step 0.2s
12-09-26 19:25:34:   epoch 27 batch 9: collate wait 3.0s, fwd+bwd+step 0.3s
12-09-26 19:25:37:   epoch 27 batch 10: collate wait 3.5s, fwd+bwd+step 0.2s
12-09-26 19:25:41:   epoch 27 batch 11: collate wait 3.2s, fwd+bwd+step 0.3s
12-09-26 19:25:44:   epoch 27 batch 12: collate wait 2.5s, fwd+bwd+step 0.2s
12-09-26 19:25:47:   epoch 27 batch 13: collate wait 3.1s, fwd+bwd+step 0.3s
12-09-26 19:25:50:   epoch 27 batch 14: collate wait 3.2s, fwd+bwd+step 0.2s
12-09-26 19:25:54:   epoch 27 batch 15: collate wait 3.4s, fwd+bwd+step 0.2s
12-09-26 19:25:54: Trn - Source 27, cls loss: 0.0315, seg loss: 1.0989, kendall s_cls: -0.4029, s_seg: 0.2652
12-09-26 19:26:02: Val - Source 27, cls acc: 1.0000, cls avg acc: 1.0000, cls loss: 0.0051, seg loss: 1.1189, total loss: 0.7971
12-09-26 19:26:02: Val - Source 27, Tomato seg: loss=1.5775, mIoU=0.3817, acc=0.7640
12-09-26 19:26:02: Val - Source 27, Maize seg: loss=0.9522, mIoU=0.4097, acc=0.8457
12-09-26 19:26:11: Eval(no-train) - Target 27, acc: 0.9206, avg acc: 0.8913, cls loss: 0.3444  <- domain gap indicator (DA-0 baseline, cls-only)
12-09-26 19:26:14:   epoch 28 batch 0: collate wait 3.1s, fwd+bwd+step 0.3s
12-09-26 19:26:18:   epoch 28 batch 1: collate wait 3.3s, fwd+bwd+step 0.3s
12-09-26 19:26:21:   epoch 28 batch 2: collate wait 3.2s, fwd+bwd+step 0.3s
12-09-26 19:26:25:   epoch 28 batch 3: collate wait 3.2s, fwd+bwd+step 0.3s
12-09-26 19:26:28:   epoch 28 batch 4: collate wait 3.4s, fwd+bwd+step 0.3s
12-09-26 19:26:32:   epoch 28 batch 5: collate wait 3.1s, fwd+bwd+step 0.7s
12-09-26 19:26:35:   epoch 28 batch 6: collate wait 2.7s, fwd+bwd+step 0.3s
12-09-26 19:26:38:   epoch 28 batch 7: collate wait 3.1s, fwd+bwd+step 0.2s
12-09-26 19:26:41:   epoch 28 batch 8: collate wait 2.8s, fwd+bwd+step 0.2s
12-09-26 19:26:45:   epoch 28 batch 9: collate wait 3.1s, fwd+bwd+step 0.3s
12-09-26 19:26:48:   epoch 28 batch 10: collate wait 3.3s, fwd+bwd+step 0.3s
12-09-26 19:26:52:   epoch 28 batch 11: collate wait 3.3s, fwd+bwd+step 0.3s
12-09-26 19:26:55:   epoch 28 batch 12: collate wait 2.8s, fwd+bwd+step 0.3s
12-09-26 19:26:59:   epoch 28 batch 13: collate wait 3.2s, fwd+bwd+step 0.2s
12-09-26 19:27:02:   epoch 28 batch 14: collate wait 3.1s, fwd+bwd+step 0.3s
12-09-26 19:27:05:   epoch 28 batch 15: collate wait 2.8s, fwd+bwd+step 0.2s
12-09-26 19:27:05: Trn - Source 28, cls loss: 0.0191, seg loss: 1.0604, kendall s_cls: -0.4156, s_seg: 0.2721
12-09-26 19:27:13: Val - Source 28, cls acc: 1.0000, cls avg acc: 1.0000, cls loss: 0.0012, seg loss: 0.9977, total loss: 0.6901
12-09-26 19:27:13: Val - Source 28, Tomato seg: loss=1.2460, mIoU=0.3663, acc=0.7233
12-09-26 19:27:13: Val - Source 28, Maize seg: loss=0.9075, mIoU=0.3840, acc=0.8153
12-09-26 19:27:22: Eval(no-train) - Target 28, acc: 0.4603, avg acc: 0.5750, cls loss: 1.6299  <- domain gap indicator (DA-0 baseline, cls-only)
12-09-26 19:27:26:   epoch 29 batch 0: collate wait 3.6s, fwd+bwd+step 0.3s
12-09-26 19:27:29:   epoch 29 batch 1: collate wait 2.8s, fwd+bwd+step 0.3s
12-09-26 19:27:32:   epoch 29 batch 2: collate wait 3.2s, fwd+bwd+step 0.3s
12-09-26 19:27:36:   epoch 29 batch 3: collate wait 3.2s, fwd+bwd+step 0.3s
12-09-26 19:27:39:   epoch 29 batch 4: collate wait 3.3s, fwd+bwd+step 0.3s
12-09-26 19:27:43:   epoch 29 batch 5: collate wait 3.1s, fwd+bwd+step 0.3s
12-09-26 19:27:46:   epoch 29 batch 6: collate wait 3.2s, fwd+bwd+step 0.3s
12-09-26 19:27:50:   epoch 29 batch 7: collate wait 3.2s, fwd+bwd+step 0.3s
12-09-26 19:27:53:   epoch 29 batch 8: collate wait 2.9s, fwd+bwd+step 0.3s
12-09-26 19:27:56:   epoch 29 batch 9: collate wait 2.9s, fwd+bwd+step 0.2s
12-09-26 19:27:59:   epoch 29 batch 10: collate wait 2.7s, fwd+bwd+step 0.3s
12-09-26 19:28:02:   epoch 29 batch 11: collate wait 2.9s, fwd+bwd+step 0.3s
12-09-26 19:28:06:   epoch 29 batch 12: collate wait 3.6s, fwd+bwd+step 0.2s
12-09-26 19:28:09:   epoch 29 batch 13: collate wait 2.9s, fwd+bwd+step 0.3s
12-09-26 19:28:13:   epoch 29 batch 14: collate wait 3.4s, fwd+bwd+step 0.3s
12-09-26 19:28:15:   epoch 29 batch 15: collate wait 2.4s, fwd+bwd+step 0.2s
12-09-26 19:28:15: Trn - Source 29, cls loss: 0.0239, seg loss: 1.0305, kendall s_cls: -0.4285, s_seg: 0.2780
12-09-26 19:28:23: Val - Source 29, cls acc: 1.0000, cls avg acc: 1.0000, cls loss: 0.0010, seg loss: 0.9917, total loss: 0.6774
12-09-26 19:28:23: Val - Source 29, Tomato seg: loss=1.1574, mIoU=0.3473, acc=0.7048
12-09-26 19:28:23: Val - Source 29, Maize seg: loss=0.9315, mIoU=0.4192, acc=0.8643
12-09-26 19:28:32: Eval(no-train) - Target 29, acc: 0.6032, avg acc: 0.6875, cls loss: 1.0479  <- domain gap indicator (DA-0 baseline, cls-only)
12-09-26 19:28:35:   epoch 30 batch 0: collate wait 3.0s, fwd+bwd+step 0.2s
12-09-26 19:28:38:   epoch 30 batch 1: collate wait 2.6s, fwd+bwd+step 0.3s
12-09-26 19:28:41:   epoch 30 batch 2: collate wait 3.0s, fwd+bwd+step 0.3s
12-09-26 19:28:45:   epoch 30 batch 3: collate wait 3.2s, fwd+bwd+step 0.3s
12-09-26 19:28:49:   epoch 30 batch 4: collate wait 3.7s, fwd+bwd+step 0.3s
12-09-26 19:28:52:   epoch 30 batch 5: collate wait 2.9s, fwd+bwd+step 0.2s
12-09-26 19:28:55:   epoch 30 batch 6: collate wait 2.8s, fwd+bwd+step 0.3s
12-09-26 19:28:58:   epoch 30 batch 7: collate wait 2.6s, fwd+bwd+step 0.3s
12-09-26 19:29:02:   epoch 30 batch 8: collate wait 3.4s, fwd+bwd+step 0.2s
12-09-26 19:29:05:   epoch 30 batch 9: collate wait 3.0s, fwd+bwd+step 0.2s
12-09-26 19:29:08:   epoch 30 batch 10: collate wait 2.8s, fwd+bwd+step 0.2s
12-09-26 19:29:11:   epoch 30 batch 11: collate wait 3.2s, fwd+bwd+step 0.2s
12-09-26 19:29:15:   epoch 30 batch 12: collate wait 3.2s, fwd+bwd+step 0.3s
12-09-26 19:29:18:   epoch 30 batch 13: collate wait 3.2s, fwd+bwd+step 0.3s
12-09-26 19:29:21:   epoch 30 batch 14: collate wait 2.9s, fwd+bwd+step 0.2s
12-09-26 19:29:25:   epoch 30 batch 15: collate wait 3.1s, fwd+bwd+step 0.3s
12-09-26 19:29:25: Trn - Source 30, cls loss: 0.0209, seg loss: 1.0255, kendall s_cls: -0.4412, s_seg: 0.2837
12-09-26 19:29:33: Val - Source 30, cls acc: 1.0000, cls avg acc: 1.0000, cls loss: 0.0050, seg loss: 1.0618, total loss: 0.7286
12-09-26 19:29:33: Val - Source 30, Tomato seg: loss=1.4472, mIoU=0.3382, acc=0.6878
12-09-26 19:29:33: Val - Source 30, Maize seg: loss=0.9217, mIoU=0.3634, acc=0.7697
12-09-26 19:29:41: Eval(no-train) - Target 30, acc: 0.4286, avg acc: 0.5500, cls loss: 2.6702  <- domain gap indicator (DA-0 baseline, cls-only)
12-09-26 19:29:45:   epoch 31 batch 0: collate wait 3.0s, fwd+bwd+step 0.2s
12-09-26 19:29:48:   epoch 31 batch 1: collate wait 2.9s, fwd+bwd+step 0.3s
12-09-26 19:29:51:   epoch 31 batch 2: collate wait 2.7s, fwd+bwd+step 0.2s
12-09-26 19:29:54:   epoch 31 batch 3: collate wait 2.7s, fwd+bwd+step 0.2s
12-09-26 19:29:57:   epoch 31 batch 4: collate wait 3.1s, fwd+bwd+step 0.2s
12-09-26 19:30:00:   epoch 31 batch 5: collate wait 3.1s, fwd+bwd+step 0.3s
12-09-26 19:30:04:   epoch 31 batch 6: collate wait 2.8s, fwd+bwd+step 0.2s
12-09-26 19:30:07:   epoch 31 batch 7: collate wait 3.3s, fwd+bwd+step 0.3s
12-09-26 19:30:11:   epoch 31 batch 8: collate wait 3.3s, fwd+bwd+step 0.3s
12-09-26 19:30:14:   epoch 31 batch 9: collate wait 3.1s, fwd+bwd+step 0.2s
12-09-26 19:30:17:   epoch 31 batch 10: collate wait 2.9s, fwd+bwd+step 0.3s
12-09-26 19:30:21:   epoch 31 batch 11: collate wait 3.6s, fwd+bwd+step 0.3s
12-09-26 19:30:24:   epoch 31 batch 12: collate wait 2.6s, fwd+bwd+step 0.3s
12-09-26 19:30:27:   epoch 31 batch 13: collate wait 2.9s, fwd+bwd+step 0.3s
12-09-26 19:30:30:   epoch 31 batch 14: collate wait 2.9s, fwd+bwd+step 0.2s
12-09-26 19:30:34:   epoch 31 batch 15: collate wait 3.5s, fwd+bwd+step 0.2s
12-09-26 19:30:34: Trn - Source 31, cls loss: 0.0293, seg loss: 1.1032, kendall s_cls: -0.4537, s_seg: 0.2900
12-09-26 19:30:42: Val - Source 31, cls acc: 1.0000, cls avg acc: 1.0000, cls loss: 0.0040, seg loss: 1.0737, total loss: 0.7278
12-09-26 19:30:42: Val - Source 31, Tomato seg: loss=1.4830, mIoU=0.3320, acc=0.6742
12-09-26 19:30:42: Val - Source 31, Maize seg: loss=0.9249, mIoU=0.3870, acc=0.7806
12-09-26 19:30:51: Eval(no-train) - Target 31, acc: 0.3968, avg acc: 0.5250, cls loss: 1.7713  <- domain gap indicator (DA-0 baseline, cls-only)
12-09-26 19:30:54:   epoch 32 batch 0: collate wait 2.8s, fwd+bwd+step 0.3s
12-09-26 19:30:57:   epoch 32 batch 1: collate wait 3.0s, fwd+bwd+step 0.2s
12-09-26 19:31:00:   epoch 32 batch 2: collate wait 2.7s, fwd+bwd+step 0.3s
12-09-26 19:31:03:   epoch 32 batch 3: collate wait 3.4s, fwd+bwd+step 0.3s
12-09-26 19:31:07:   epoch 32 batch 4: collate wait 3.0s, fwd+bwd+step 0.2s
12-09-26 19:31:09:   epoch 32 batch 5: collate wait 2.5s, fwd+bwd+step 0.3s
12-09-26 19:31:13:   epoch 32 batch 6: collate wait 3.5s, fwd+bwd+step 0.2s
12-09-26 19:31:16:   epoch 32 batch 7: collate wait 2.5s, fwd+bwd+step 0.3s
12-09-26 19:31:19:   epoch 32 batch 8: collate wait 3.0s, fwd+bwd+step 0.2s
12-09-26 19:31:22:   epoch 32 batch 9: collate wait 2.8s, fwd+bwd+step 0.3s
12-09-26 19:31:25:   epoch 32 batch 10: collate wait 2.7s, fwd+bwd+step 0.2s
12-09-26 19:31:28:   epoch 32 batch 11: collate wait 3.1s, fwd+bwd+step 0.3s
12-09-26 19:31:32:   epoch 32 batch 12: collate wait 2.9s, fwd+bwd+step 0.3s
12-09-26 19:31:35:   epoch 32 batch 13: collate wait 3.3s, fwd+bwd+step 0.2s
12-09-26 19:31:39:   epoch 32 batch 14: collate wait 3.0s, fwd+bwd+step 0.3s
12-09-26 19:31:42:   epoch 32 batch 15: collate wait 3.3s, fwd+bwd+step 0.2s
12-09-26 19:31:42: Trn - Source 32, cls loss: 0.0066, seg loss: 1.0184, kendall s_cls: -0.4662, s_seg: 0.2956
12-09-26 19:31:50: Val - Source 32, cls acc: 1.0000, cls avg acc: 1.0000, cls loss: 0.0012, seg loss: 0.9918, total loss: 0.6546
12-09-26 19:31:50: Val - Source 32, Tomato seg: loss=1.2375, mIoU=0.3536, acc=0.7262
12-09-26 19:31:50: Val - Source 32, Maize seg: loss=0.9024, mIoU=0.3832, acc=0.7897
12-09-26 19:31:59: Eval(no-train) - Target 32, acc: 0.9206, avg acc: 0.8913, cls loss: 0.3902  <- domain gap indicator (DA-0 baseline, cls-only)
12-09-26 19:32:02:   epoch 33 batch 0: collate wait 2.5s, fwd+bwd+step 0.3s
12-09-26 19:32:05:   epoch 33 batch 1: collate wait 3.5s, fwd+bwd+step 0.3s
12-09-26 19:32:09:   epoch 33 batch 2: collate wait 3.0s, fwd+bwd+step 0.2s
12-09-26 19:32:12:   epoch 33 batch 3: collate wait 2.8s, fwd+bwd+step 0.3s
12-09-26 19:32:15:   epoch 33 batch 4: collate wait 3.4s, fwd+bwd+step 0.3s
12-09-26 19:32:18:   epoch 33 batch 5: collate wait 2.7s, fwd+bwd+step 0.2s
12-09-26 19:32:22:   epoch 33 batch 6: collate wait 3.2s, fwd+bwd+step 0.2s
12-09-26 19:32:24:   epoch 33 batch 7: collate wait 2.4s, fwd+bwd+step 0.3s
12-09-26 19:32:28:   epoch 33 batch 8: collate wait 2.9s, fwd+bwd+step 0.2s
12-09-26 19:32:31:   epoch 33 batch 9: collate wait 3.5s, fwd+bwd+step 0.2s
12-09-26 19:32:35:   epoch 33 batch 10: collate wait 3.2s, fwd+bwd+step 0.2s
12-09-26 19:32:37:   epoch 33 batch 11: collate wait 2.6s, fwd+bwd+step 0.2s
12-09-26 19:32:41:   epoch 33 batch 12: collate wait 3.2s, fwd+bwd+step 0.3s
12-09-26 19:32:44:   epoch 33 batch 13: collate wait 3.1s, fwd+bwd+step 0.2s
12-09-26 19:32:48:   epoch 33 batch 14: collate wait 3.5s, fwd+bwd+step 0.3s
12-09-26 19:32:52:   epoch 33 batch 15: collate wait 3.4s, fwd+bwd+step 0.2s
12-09-26 19:32:52: Trn - Source 33, cls loss: 0.0638, seg loss: 1.0252, kendall s_cls: -0.4782, s_seg: 0.3009
12-09-26 19:33:00: Val - Source 33, cls acc: 1.0000, cls avg acc: 1.0000, cls loss: 0.0012, seg loss: 0.9837, total loss: 0.6414
12-09-26 19:33:00: Val - Source 33, Tomato seg: loss=1.0829, mIoU=0.3326, acc=0.6738
12-09-26 19:33:00: Val - Source 33, Maize seg: loss=0.9476, mIoU=0.4153, acc=0.8702
12-09-26 19:33:08: Eval(no-train) - Target 33, acc: 0.9206, avg acc: 0.9005, cls loss: 0.3048  <- domain gap indicator (DA-0 baseline, cls-only)
12-09-26 19:33:12:   epoch 34 batch 0: collate wait 2.8s, fwd+bwd+step 0.2s
12-09-26 19:33:16:   epoch 34 batch 1: collate wait 3.5s, fwd+bwd+step 0.2s
12-09-26 19:33:19:   epoch 34 batch 2: collate wait 3.2s, fwd+bwd+step 0.3s
12-09-26 19:33:22:   epoch 34 batch 3: collate wait 2.5s, fwd+bwd+step 0.3s
12-09-26 19:33:26:   epoch 34 batch 4: collate wait 3.7s, fwd+bwd+step 0.2s
12-09-26 19:33:29:   epoch 34 batch 5: collate wait 2.6s, fwd+bwd+step 0.3s
12-09-26 19:33:32:   epoch 34 batch 6: collate wait 3.1s, fwd+bwd+step 0.3s
12-09-26 19:33:35:   epoch 34 batch 7: collate wait 3.0s, fwd+bwd+step 0.3s
12-09-26 19:33:39:   epoch 34 batch 8: collate wait 3.1s, fwd+bwd+step 0.2s
12-09-26 19:33:42:   epoch 34 batch 9: collate wait 3.2s, fwd+bwd+step 0.2s
12-09-26 19:33:45:   epoch 34 batch 10: collate wait 2.9s, fwd+bwd+step 0.2s
12-09-26 19:33:48:   epoch 34 batch 11: collate wait 2.8s, fwd+bwd+step 0.2s
12-09-26 19:33:51:   epoch 34 batch 12: collate wait 2.8s, fwd+bwd+step 0.2s
12-09-26 19:33:55:   epoch 34 batch 13: collate wait 3.5s, fwd+bwd+step 0.3s
12-09-26 19:33:58:   epoch 34 batch 14: collate wait 2.9s, fwd+bwd+step 0.2s
12-09-26 19:34:01:   epoch 34 batch 15: collate wait 3.1s, fwd+bwd+step 0.3s
12-09-26 19:34:01: Trn - Source 34, cls loss: 0.0293, seg loss: 0.9950, kendall s_cls: -0.4885, s_seg: 0.3059
12-09-26 19:34:10: Val - Source 34, cls acc: 0.9778, cls avg acc: 0.9583, cls loss: 0.0998, seg loss: 0.9923, total loss: 0.8022
12-09-26 19:34:10: Val - Source 34, Tomato seg: loss=1.1799, mIoU=0.3264, acc=0.6598
12-09-26 19:34:10: Val - Source 34, Maize seg: loss=0.9241, mIoU=0.3974, acc=0.8417
12-09-26 19:34:18: Eval(no-train) - Target 34, acc: 0.3968, avg acc: 0.5250, cls loss: 1.8848  <- domain gap indicator (DA-0 baseline, cls-only)
12-09-26 19:34:22:   epoch 35 batch 0: collate wait 3.6s, fwd+bwd+step 0.3s
12-09-26 19:34:26:   epoch 35 batch 1: collate wait 3.5s, fwd+bwd+step 0.2s
12-09-26 19:34:29:   epoch 35 batch 2: collate wait 2.8s, fwd+bwd+step 0.3s
12-09-26 19:34:32:   epoch 35 batch 3: collate wait 2.7s, fwd+bwd+step 0.2s
12-09-26 19:34:35:   epoch 35 batch 4: collate wait 3.0s, fwd+bwd+step 0.2s
12-09-26 19:34:38:   epoch 35 batch 5: collate wait 3.2s, fwd+bwd+step 0.2s
12-09-26 19:34:41:   epoch 35 batch 6: collate wait 2.7s, fwd+bwd+step 0.2s
12-09-26 19:34:45:   epoch 35 batch 7: collate wait 3.0s, fwd+bwd+step 0.3s
12-09-26 19:34:48:   epoch 35 batch 8: collate wait 3.3s, fwd+bwd+step 0.2s
12-09-26 19:34:52:   epoch 35 batch 9: collate wait 3.8s, fwd+bwd+step 0.3s
12-09-26 19:34:55:   epoch 35 batch 10: collate wait 2.6s, fwd+bwd+step 0.3s
12-09-26 19:34:58:   epoch 35 batch 11: collate wait 2.9s, fwd+bwd+step 0.3s
12-09-26 19:35:01:   epoch 35 batch 12: collate wait 2.7s, fwd+bwd+step 0.2s
12-09-26 19:35:05:   epoch 35 batch 13: collate wait 3.5s, fwd+bwd+step 0.2s
12-09-26 19:35:08:   epoch 35 batch 14: collate wait 3.0s, fwd+bwd+step 0.3s
12-09-26 19:35:11:   epoch 35 batch 15: collate wait 2.6s, fwd+bwd+step 0.2s
12-09-26 19:35:11: Trn - Source 35, cls loss: 0.0135, seg loss: 0.9863, kendall s_cls: -0.5000, s_seg: 0.3105
12-09-26 19:35:19: Val - Source 35, cls acc: 1.0000, cls avg acc: 1.0000, cls loss: 0.0121, seg loss: 0.9475, total loss: 0.6198
12-09-26 19:35:19: Val - Source 35, Tomato seg: loss=1.0962, mIoU=0.3260, acc=0.6617
12-09-26 19:35:19: Val - Source 35, Maize seg: loss=0.8934, mIoU=0.4052, acc=0.8539
12-09-26 19:35:28: Eval(no-train) - Target 35, acc: 0.4762, avg acc: 0.5875, cls loss: 1.3432  <- domain gap indicator (DA-0 baseline, cls-only)
12-09-26 19:35:31:   epoch 36 batch 0: collate wait 2.9s, fwd+bwd+step 0.3s
12-09-26 19:35:35:   epoch 36 batch 1: collate wait 3.5s, fwd+bwd+step 0.3s
12-09-26 19:35:38:   epoch 36 batch 2: collate wait 2.7s, fwd+bwd+step 0.3s
12-09-26 19:35:41:   epoch 36 batch 3: collate wait 3.2s, fwd+bwd+step 0.3s
12-09-26 19:35:45:   epoch 36 batch 4: collate wait 3.1s, fwd+bwd+step 0.2s
12-09-26 19:35:48:   epoch 36 batch 5: collate wait 2.8s, fwd+bwd+step 0.3s
12-09-26 19:35:51:   epoch 36 batch 6: collate wait 3.0s, fwd+bwd+step 0.3s
12-09-26 19:35:55:   epoch 36 batch 7: collate wait 3.4s, fwd+bwd+step 0.3s
12-09-26 19:35:58:   epoch 36 batch 8: collate wait 3.0s, fwd+bwd+step 0.3s
12-09-26 19:36:01:   epoch 36 batch 9: collate wait 3.1s, fwd+bwd+step 0.3s
12-09-26 19:36:04:   epoch 36 batch 10: collate wait 2.9s, fwd+bwd+step 0.3s
12-09-26 19:36:07:   epoch 36 batch 11: collate wait 2.8s, fwd+bwd+step 0.2s
12-09-26 19:36:11:   epoch 36 batch 12: collate wait 3.6s, fwd+bwd+step 0.2s
12-09-26 19:36:14:   epoch 36 batch 13: collate wait 2.6s, fwd+bwd+step 0.3s
12-09-26 19:36:17:   epoch 36 batch 14: collate wait 3.2s, fwd+bwd+step 0.3s
12-09-26 19:36:21:   epoch 36 batch 15: collate wait 3.4s, fwd+bwd+step 0.2s
12-09-26 19:36:21: Trn - Source 36, cls loss: 0.0105, seg loss: 0.9674, kendall s_cls: -0.5117, s_seg: 0.3149
12-09-26 19:36:29: Val - Source 36, cls acc: 1.0000, cls avg acc: 1.0000, cls loss: 0.0007, seg loss: 0.8624, total loss: 0.5322
12-09-26 19:36:29: Val - Source 36, Tomato seg: loss=1.0882, mIoU=0.3393, acc=0.6806
12-09-26 19:36:29: Val - Source 36, Maize seg: loss=0.7804, mIoU=0.4144, acc=0.8517
12-09-26 19:36:38: Eval(no-train) - Target 36, acc: 0.4762, avg acc: 0.5505, cls loss: 1.1317  <- domain gap indicator (DA-0 baseline, cls-only)
12-09-26 19:36:42:   epoch 37 batch 0: collate wait 3.3s, fwd+bwd+step 0.3s
12-09-26 19:36:45:   epoch 37 batch 1: collate wait 3.1s, fwd+bwd+step 0.3s
12-09-26 19:36:48:   epoch 37 batch 2: collate wait 3.2s, fwd+bwd+step 0.3s
12-09-26 19:36:52:   epoch 37 batch 3: collate wait 3.6s, fwd+bwd+step 0.2s
12-09-26 19:36:56:   epoch 37 batch 4: collate wait 3.4s, fwd+bwd+step 0.3s
12-09-26 19:36:59:   epoch 37 batch 5: collate wait 2.8s, fwd+bwd+step 0.3s
12-09-26 19:37:02:   epoch 37 batch 6: collate wait 3.0s, fwd+bwd+step 0.3s
12-09-26 19:37:05:   epoch 37 batch 7: collate wait 3.0s, fwd+bwd+step 0.3s
12-09-26 19:37:08:   epoch 37 batch 8: collate wait 2.7s, fwd+bwd+step 0.3s
12-09-26 19:37:12:   epoch 37 batch 9: collate wait 3.1s, fwd+bwd+step 0.3s
12-09-26 19:37:14:   epoch 37 batch 10: collate wait 2.2s, fwd+bwd+step 0.3s
12-09-26 19:37:18:   epoch 37 batch 11: collate wait 3.5s, fwd+bwd+step 0.3s
12-09-26 19:37:21:   epoch 37 batch 12: collate wait 2.9s, fwd+bwd+step 0.2s
12-09-26 19:37:24:   epoch 37 batch 13: collate wait 2.7s, fwd+bwd+step 0.3s
12-09-26 19:37:28:   epoch 37 batch 14: collate wait 3.1s, fwd+bwd+step 0.3s
12-09-26 19:37:31:   epoch 37 batch 15: collate wait 3.0s, fwd+bwd+step 0.3s
12-09-26 19:37:31: Trn - Source 37, cls loss: 0.0596, seg loss: 0.9707, kendall s_cls: -0.5225, s_seg: 0.3191
12-09-26 19:37:39: Val - Source 37, cls acc: 1.0000, cls avg acc: 1.0000, cls loss: 0.0004, seg loss: 1.0046, total loss: 0.6291
12-09-26 19:37:39: Val - Source 37, Tomato seg: loss=1.5617, mIoU=0.3644, acc=0.7432
12-09-26 19:37:39: Val - Source 37, Maize seg: loss=0.8020, mIoU=0.4242, acc=0.8673
12-09-26 19:37:48: Eval(no-train) - Target 37, acc: 0.3492, avg acc: 0.4690, cls loss: 2.4520  <- domain gap indicator (DA-0 baseline, cls-only)
12-09-26 19:37:51:   epoch 38 batch 0: collate wait 2.9s, fwd+bwd+step 0.3s
12-09-26 19:37:55:   epoch 38 batch 1: collate wait 3.6s, fwd+bwd+step 0.3s
12-09-26 19:37:58:   epoch 38 batch 2: collate wait 3.4s, fwd+bwd+step 0.3s
12-09-26 19:38:02:   epoch 38 batch 3: collate wait 3.0s, fwd+bwd+step 0.3s
12-09-26 19:38:05:   epoch 38 batch 4: collate wait 3.2s, fwd+bwd+step 0.2s
12-09-26 19:38:08:   epoch 38 batch 5: collate wait 2.7s, fwd+bwd+step 0.3s
12-09-26 19:38:11:   epoch 38 batch 6: collate wait 2.7s, fwd+bwd+step 0.3s
12-09-26 19:38:14:   epoch 38 batch 7: collate wait 3.1s, fwd+bwd+step 0.2s
12-09-26 19:38:18:   epoch 38 batch 8: collate wait 3.2s, fwd+bwd+step 0.3s
12-09-26 19:38:20:   epoch 38 batch 9: collate wait 2.5s, fwd+bwd+step 0.3s
12-09-26 19:38:24:   epoch 38 batch 10: collate wait 2.8s, fwd+bwd+step 0.2s
12-09-26 19:38:27:   epoch 38 batch 11: collate wait 2.7s, fwd+bwd+step 0.3s
12-09-26 19:38:29:   epoch 38 batch 12: collate wait 2.7s, fwd+bwd+step 0.3s
12-09-26 19:38:33:   epoch 38 batch 13: collate wait 3.2s, fwd+bwd+step 0.3s
12-09-26 19:38:37:   epoch 38 batch 14: collate wait 3.4s, fwd+bwd+step 0.2s
12-09-26 19:38:40:   epoch 38 batch 15: collate wait 3.2s, fwd+bwd+step 0.3s
12-09-26 19:38:40: Trn - Source 38, cls loss: 0.0161, seg loss: 0.9924, kendall s_cls: -0.5326, s_seg: 0.3234
12-09-26 19:38:48: Val - Source 38, cls acc: 1.0000, cls avg acc: 1.0000, cls loss: 0.0041, seg loss: 1.0006, total loss: 0.6265
12-09-26 19:38:48: Val - Source 38, Tomato seg: loss=1.1861, mIoU=0.3649, acc=0.7385
12-09-26 19:38:48: Val - Source 38, Maize seg: loss=0.9332, mIoU=0.4011, acc=0.8436
12-09-26 19:38:57: Eval(no-train) - Target 38, acc: 0.3651, avg acc: 0.5000, cls loss: 4.9324  <- domain gap indicator (DA-0 baseline, cls-only)
12-09-26 19:39:00:   epoch 39 batch 0: collate wait 3.0s, fwd+bwd+step 0.3s
12-09-26 19:39:03:   epoch 39 batch 1: collate wait 2.6s, fwd+bwd+step 0.3s
12-09-26 19:39:07:   epoch 39 batch 2: collate wait 3.3s, fwd+bwd+step 0.3s
12-09-26 19:39:10:   epoch 39 batch 3: collate wait 2.7s, fwd+bwd+step 0.2s
12-09-26 19:39:13:   epoch 39 batch 4: collate wait 3.1s, fwd+bwd+step 0.3s
12-09-26 19:39:16:   epoch 39 batch 5: collate wait 2.9s, fwd+bwd+step 0.3s
12-09-26 19:39:20:   epoch 39 batch 6: collate wait 3.7s, fwd+bwd+step 0.2s
12-09-26 19:39:24:   epoch 39 batch 7: collate wait 3.4s, fwd+bwd+step 0.2s
12-09-26 19:39:27:   epoch 39 batch 8: collate wait 3.3s, fwd+bwd+step 0.3s
12-09-26 19:39:30:   epoch 39 batch 9: collate wait 3.0s, fwd+bwd+step 0.3s
12-09-26 19:39:34:   epoch 39 batch 10: collate wait 3.1s, fwd+bwd+step 0.3s
12-09-26 19:39:37:   epoch 39 batch 11: collate wait 2.7s, fwd+bwd+step 0.3s
12-09-26 19:39:40:   epoch 39 batch 12: collate wait 2.7s, fwd+bwd+step 0.3s
12-09-26 19:39:43:   epoch 39 batch 13: collate wait 2.7s, fwd+bwd+step 0.3s
12-09-26 19:39:47:   epoch 39 batch 14: collate wait 3.6s, fwd+bwd+step 0.3s
12-09-26 19:39:50:   epoch 39 batch 15: collate wait 3.3s, fwd+bwd+step 0.2s
12-09-26 19:39:50: Trn - Source 39, cls loss: 0.0193, seg loss: 0.9801, kendall s_cls: -0.5431, s_seg: 0.3274
12-09-26 19:39:58: Val - Source 39, cls acc: 1.0000, cls avg acc: 1.0000, cls loss: 0.0032, seg loss: 0.9255, total loss: 0.5648
12-09-26 19:39:58: Val - Source 39, Tomato seg: loss=1.3635, mIoU=0.3377, acc=0.6823
12-09-26 19:39:58: Val - Source 39, Maize seg: loss=0.7662, mIoU=0.4057, acc=0.8406
12-09-26 19:40:07: Eval(no-train) - Target 39, acc: 0.3968, avg acc: 0.5250, cls loss: 2.9299  <- domain gap indicator (DA-0 baseline, cls-only)
12-09-26 19:40:10:   epoch 40 batch 0: collate wait 2.9s, fwd+bwd+step 0.3s
12-09-26 19:40:14:   epoch 40 batch 1: collate wait 3.0s, fwd+bwd+step 0.3s
12-09-26 19:40:17:   epoch 40 batch 2: collate wait 3.5s, fwd+bwd+step 0.3s
12-09-26 19:40:21:   epoch 40 batch 3: collate wait 3.2s, fwd+bwd+step 0.3s
12-09-26 19:40:24:   epoch 40 batch 4: collate wait 2.6s, fwd+bwd+step 0.3s
12-09-26 19:40:27:   epoch 40 batch 5: collate wait 2.6s, fwd+bwd+step 0.2s
12-09-26 19:40:30:   epoch 40 batch 6: collate wait 2.9s, fwd+bwd+step 0.3s
12-09-26 19:40:33:   epoch 40 batch 7: collate wait 3.3s, fwd+bwd+step 0.2s
12-09-26 19:40:36:   epoch 40 batch 8: collate wait 2.6s, fwd+bwd+step 0.2s
12-09-26 19:40:39:   epoch 40 batch 9: collate wait 3.1s, fwd+bwd+step 0.3s
12-09-26 19:40:43:   epoch 40 batch 10: collate wait 3.1s, fwd+bwd+step 0.2s
12-09-26 19:40:46:   epoch 40 batch 11: collate wait 3.3s, fwd+bwd+step 0.3s
12-09-26 19:40:50:   epoch 40 batch 12: collate wait 3.3s, fwd+bwd+step 0.3s
12-09-26 19:40:53:   epoch 40 batch 13: collate wait 3.0s, fwd+bwd+step 0.3s
12-09-26 19:40:56:   epoch 40 batch 14: collate wait 2.9s, fwd+bwd+step 0.3s
12-09-26 19:40:59:   epoch 40 batch 15: collate wait 2.9s, fwd+bwd+step 0.3s
12-09-26 19:40:59: Trn - Source 40, cls loss: 0.0032, seg loss: 0.9653, kendall s_cls: -0.5539, s_seg: 0.3314
12-09-26 19:41:08: Val - Source 40, cls acc: 1.0000, cls avg acc: 1.0000, cls loss: 0.0019, seg loss: 0.8940, total loss: 0.5339
12-09-26 19:41:08: Val - Source 40, Tomato seg: loss=1.2698, mIoU=0.3506, acc=0.7022
12-09-26 19:41:08: Val - Source 40, Maize seg: loss=0.7573, mIoU=0.4278, acc=0.8627
12-09-26 19:41:16: Eval(no-train) - Target 40, acc: 0.3810, avg acc: 0.5125, cls loss: 3.1262  <- domain gap indicator (DA-0 baseline, cls-only)
12-09-26 19:41:19:   epoch 41 batch 0: collate wait 2.8s, fwd+bwd+step 0.3s
12-09-26 19:41:23:   epoch 41 batch 1: collate wait 3.6s, fwd+bwd+step 0.3s
12-09-26 19:41:26:   epoch 41 batch 2: collate wait 2.7s, fwd+bwd+step 0.3s
12-09-26 19:41:30:   epoch 41 batch 3: collate wait 3.6s, fwd+bwd+step 0.2s
12-09-26 19:41:34:   epoch 41 batch 4: collate wait 3.7s, fwd+bwd+step 0.3s
12-09-26 19:41:37:   epoch 41 batch 5: collate wait 2.8s, fwd+bwd+step 0.3s
12-09-26 19:41:40:   epoch 41 batch 6: collate wait 3.1s, fwd+bwd+step 0.3s
12-09-26 19:41:44:   epoch 41 batch 7: collate wait 3.4s, fwd+bwd+step 0.3s
12-09-26 19:41:47:   epoch 41 batch 8: collate wait 3.1s, fwd+bwd+step 0.3s
12-09-26 19:41:50:   epoch 41 batch 9: collate wait 2.7s, fwd+bwd+step 0.2s
12-09-26 19:41:54:   epoch 41 batch 10: collate wait 3.4s, fwd+bwd+step 0.2s
12-09-26 19:41:56:   epoch 41 batch 11: collate wait 2.4s, fwd+bwd+step 0.3s
12-09-26 19:42:00:   epoch 41 batch 12: collate wait 3.1s, fwd+bwd+step 0.3s
12-09-26 19:42:03:   epoch 41 batch 13: collate wait 3.2s, fwd+bwd+step 0.3s
12-09-26 19:42:06:   epoch 41 batch 14: collate wait 2.5s, fwd+bwd+step 0.2s
12-09-26 19:42:09:   epoch 41 batch 15: collate wait 3.1s, fwd+bwd+step 0.3s
12-09-26 19:42:09: Trn - Source 41, cls loss: 0.0584, seg loss: 0.9283, kendall s_cls: -0.5635, s_seg: 0.3348
12-09-26 19:42:17: Val - Source 41, cls acc: 1.0000, cls avg acc: 1.0000, cls loss: 0.0114, seg loss: 0.8707, total loss: 0.5286
12-09-26 19:42:17: Val - Source 41, Tomato seg: loss=1.2145, mIoU=0.3172, acc=0.6409
12-09-26 19:42:17: Val - Source 41, Maize seg: loss=0.7457, mIoU=0.4146, acc=0.8480
12-09-26 19:42:26: Eval(no-train) - Target 41, acc: 0.3651, avg acc: 0.5000, cls loss: 4.4316  <- domain gap indicator (DA-0 baseline, cls-only)
12-09-26 19:42:29:   epoch 42 batch 0: collate wait 2.8s, fwd+bwd+step 0.3s
12-09-26 19:42:32:   epoch 42 batch 1: collate wait 2.9s, fwd+bwd+step 0.2s
12-09-26 19:42:36:   epoch 42 batch 2: collate wait 3.2s, fwd+bwd+step 0.3s
12-09-26 19:42:39:   epoch 42 batch 3: collate wait 3.1s, fwd+bwd+step 0.3s
12-09-26 19:42:42:   epoch 42 batch 4: collate wait 3.0s, fwd+bwd+step 0.2s
12-09-26 19:42:46:   epoch 42 batch 5: collate wait 3.6s, fwd+bwd+step 0.3s
12-09-26 19:42:49:   epoch 42 batch 6: collate wait 2.8s, fwd+bwd+step 0.3s
12-09-26 19:42:53:   epoch 42 batch 7: collate wait 3.3s, fwd+bwd+step 0.2s
12-09-26 19:42:55:   epoch 42 batch 8: collate wait 2.5s, fwd+bwd+step 0.3s
12-09-26 19:42:58:   epoch 42 batch 9: collate wait 2.7s, fwd+bwd+step 0.3s
12-09-26 19:43:02:   epoch 42 batch 10: collate wait 3.1s, fwd+bwd+step 0.2s
12-09-26 19:43:05:   epoch 42 batch 11: collate wait 3.3s, fwd+bwd+step 0.3s
12-09-26 19:43:08:   epoch 42 batch 12: collate wait 2.9s, fwd+bwd+step 0.2s
12-09-26 19:43:11:   epoch 42 batch 13: collate wait 3.0s, fwd+bwd+step 0.3s
12-09-26 19:43:14:   epoch 42 batch 14: collate wait 2.8s, fwd+bwd+step 0.2s
12-09-26 19:43:18:   epoch 42 batch 15: collate wait 3.4s, fwd+bwd+step 0.2s
12-09-26 19:43:18: Trn - Source 42, cls loss: 0.0158, seg loss: 0.9584, kendall s_cls: -0.5729, s_seg: 0.3382
12-09-26 19:43:26: Val - Source 42, cls acc: 1.0000, cls avg acc: 1.0000, cls loss: 0.0022, seg loss: 0.8821, total loss: 0.5156
12-09-26 19:43:26: Val - Source 42, Tomato seg: loss=1.1069, mIoU=0.3282, acc=0.6604
12-09-26 19:43:26: Val - Source 42, Maize seg: loss=0.8003, mIoU=0.4185, acc=0.8552
12-09-26 19:43:35: Eval(no-train) - Target 42, acc: 0.4762, avg acc: 0.5690, cls loss: 1.0083  <- domain gap indicator (DA-0 baseline, cls-only)
12-09-26 19:43:38:   epoch 43 batch 0: collate wait 3.4s, fwd+bwd+step 0.2s
12-09-26 19:43:42:   epoch 43 batch 1: collate wait 3.5s, fwd+bwd+step 0.2s
12-09-26 19:43:45:   epoch 43 batch 2: collate wait 3.0s, fwd+bwd+step 0.3s
12-09-26 19:43:48:   epoch 43 batch 3: collate wait 2.7s, fwd+bwd+step 0.3s
12-09-26 19:43:51:   epoch 43 batch 4: collate wait 2.8s, fwd+bwd+step 0.2s
12-09-26 19:43:55:   epoch 43 batch 5: collate wait 3.0s, fwd+bwd+step 0.2s
12-09-26 19:43:58:   epoch 43 batch 6: collate wait 3.1s, fwd+bwd+step 0.3s
12-09-26 19:44:01:   epoch 43 batch 7: collate wait 3.2s, fwd+bwd+step 0.2s
12-09-26 19:44:05:   epoch 43 batch 8: collate wait 2.9s, fwd+bwd+step 0.3s
12-09-26 19:44:08:   epoch 43 batch 9: collate wait 2.7s, fwd+bwd+step 0.2s
12-09-26 19:44:11:   epoch 43 batch 10: collate wait 3.6s, fwd+bwd+step 0.2s
12-09-26 19:44:14:   epoch 43 batch 11: collate wait 2.4s, fwd+bwd+step 0.2s
12-09-26 19:44:18:   epoch 43 batch 12: collate wait 3.6s, fwd+bwd+step 0.2s
12-09-26 19:44:20:   epoch 43 batch 13: collate wait 2.4s, fwd+bwd+step 0.3s
12-09-26 19:44:26:   epoch 43 batch 14: collate wait 3.2s, fwd+bwd+step 1.9s
12-09-26 19:44:29:   epoch 43 batch 15: collate wait 2.7s, fwd+bwd+step 0.8s
12-09-26 19:44:29: Trn - Source 43, cls loss: 0.0126, seg loss: 0.9489, kendall s_cls: -0.5828, s_seg: 0.3417
12-09-26 19:44:37: Val - Source 43, cls acc: 1.0000, cls avg acc: 1.0000, cls loss: 0.0005, seg loss: 0.9158, total loss: 0.5311
12-09-26 19:44:37: Val - Source 43, Tomato seg: loss=1.1114, mIoU=0.3312, acc=0.6644
12-09-26 19:44:37: Val - Source 43, Maize seg: loss=0.8447, mIoU=0.4205, acc=0.8443
12-09-26 19:44:46: Eval(no-train) - Target 43, acc: 0.8413, avg acc: 0.8380, cls loss: 0.4014  <- domain gap indicator (DA-0 baseline, cls-only)
12-09-26 19:44:52:   epoch 44 batch 0: collate wait 4.1s, fwd+bwd+step 1.3s
12-09-26 19:44:55:   epoch 44 batch 1: collate wait 3.5s, fwd+bwd+step 0.3s
12-09-26 19:44:59:   epoch 44 batch 2: collate wait 3.1s, fwd+bwd+step 0.3s
12-09-26 19:45:02:   epoch 44 batch 3: collate wait 3.1s, fwd+bwd+step 0.3s
12-09-26 19:45:05:   epoch 44 batch 4: collate wait 2.7s, fwd+bwd+step 0.2s
12-09-26 19:45:09:   epoch 44 batch 5: collate wait 3.2s, fwd+bwd+step 0.3s
12-09-26 19:45:12:   epoch 44 batch 6: collate wait 3.1s, fwd+bwd+step 0.3s
12-09-26 19:45:15:   epoch 44 batch 7: collate wait 3.0s, fwd+bwd+step 0.3s
12-09-26 19:45:19:   epoch 44 batch 8: collate wait 3.1s, fwd+bwd+step 0.2s
12-09-26 19:45:22:   epoch 44 batch 9: collate wait 2.9s, fwd+bwd+step 0.3s
12-09-26 19:45:25:   epoch 44 batch 10: collate wait 3.3s, fwd+bwd+step 0.3s
12-09-26 19:45:29:   epoch 44 batch 11: collate wait 3.2s, fwd+bwd+step 0.3s
12-09-26 19:45:32:   epoch 44 batch 12: collate wait 3.0s, fwd+bwd+step 0.3s
12-09-26 19:45:36:   epoch 44 batch 13: collate wait 3.4s, fwd+bwd+step 0.3s
12-09-26 19:45:40:   epoch 44 batch 14: collate wait 3.9s, fwd+bwd+step 0.3s
12-09-26 19:45:43:   epoch 44 batch 15: collate wait 3.1s, fwd+bwd+step 0.5s
12-09-26 19:45:43: Trn - Source 44, cls loss: 0.0019, seg loss: 0.9660, kendall s_cls: -0.5925, s_seg: 0.3449
12-09-26 19:45:53: Val - Source 44, cls acc: 1.0000, cls avg acc: 1.0000, cls loss: 0.0011, seg loss: 0.8808, total loss: 0.5020
12-09-26 19:45:53: Val - Source 44, Tomato seg: loss=1.0551, mIoU=0.3425, acc=0.6822
12-09-26 19:45:53: Val - Source 44, Maize seg: loss=0.8175, mIoU=0.4081, acc=0.7760
12-09-26 19:46:02: Eval(no-train) - Target 44, acc: 0.8254, avg acc: 0.8255, cls loss: 0.4866  <- domain gap indicator (DA-0 baseline, cls-only)
12-09-26 19:46:06:   epoch 45 batch 0: collate wait 3.0s, fwd+bwd+step 0.4s
12-09-26 19:46:09:   epoch 45 batch 1: collate wait 3.4s, fwd+bwd+step 0.3s
12-09-26 19:46:13:   epoch 45 batch 2: collate wait 3.1s, fwd+bwd+step 0.2s
12-09-26 19:46:17:   epoch 45 batch 3: collate wait 3.6s, fwd+bwd+step 0.3s
12-09-26 19:46:21:   epoch 45 batch 4: collate wait 3.7s, fwd+bwd+step 0.3s
12-09-26 19:46:24:   epoch 45 batch 5: collate wait 2.9s, fwd+bwd+step 0.3s
12-09-26 19:46:27:   epoch 45 batch 6: collate wait 3.3s, fwd+bwd+step 0.3s
12-09-26 19:46:32:   epoch 45 batch 7: collate wait 3.0s, fwd+bwd+step 1.4s
12-09-26 19:46:36:   epoch 45 batch 8: collate wait 3.2s, fwd+bwd+step 0.7s
12-09-26 19:46:40:   epoch 45 batch 9: collate wait 3.0s, fwd+bwd+step 0.8s
12-09-26 19:46:43:   epoch 45 batch 10: collate wait 3.0s, fwd+bwd+step 0.3s
12-09-26 19:46:47:   epoch 45 batch 11: collate wait 3.6s, fwd+bwd+step 0.3s
12-09-26 19:46:49:   epoch 45 batch 12: collate wait 2.5s, fwd+bwd+step 0.3s
12-09-26 19:46:53:   epoch 45 batch 13: collate wait 2.9s, fwd+bwd+step 0.3s
12-09-26 19:46:56:   epoch 45 batch 14: collate wait 2.8s, fwd+bwd+step 0.3s
12-09-26 19:46:59:   epoch 45 batch 15: collate wait 3.0s, fwd+bwd+step 0.3s
12-09-26 19:46:59: Trn - Source 45, cls loss: 0.0049, seg loss: 0.9573, kendall s_cls: -0.6022, s_seg: 0.3480
12-09-26 19:47:08: Val - Source 45, cls acc: 1.0000, cls avg acc: 1.0000, cls loss: 0.0006, seg loss: 0.9017, total loss: 0.5107
12-09-26 19:47:08: Val - Source 45, Tomato seg: loss=1.1483, mIoU=0.3624, acc=0.7174
12-09-26 19:47:08: Val - Source 45, Maize seg: loss=0.8120, mIoU=0.4221, acc=0.8428
12-09-26 19:47:17: Eval(no-train) - Target 45, acc: 0.8889, avg acc: 0.8755, cls loss: 0.3871  <- domain gap indicator (DA-0 baseline, cls-only)
12-09-26 19:47:20:   epoch 46 batch 0: collate wait 3.1s, fwd+bwd+step 0.3s
12-09-26 19:47:23:   epoch 46 batch 1: collate wait 3.0s, fwd+bwd+step 0.3s
12-09-26 19:47:27:   epoch 46 batch 2: collate wait 3.1s, fwd+bwd+step 0.4s
12-09-26 19:47:31:   epoch 46 batch 3: collate wait 4.2s, fwd+bwd+step 0.3s
12-09-26 19:47:35:   epoch 46 batch 4: collate wait 3.7s, fwd+bwd+step 0.3s
12-09-26 19:47:39:   epoch 46 batch 5: collate wait 3.2s, fwd+bwd+step 0.4s
12-09-26 19:47:43:   epoch 46 batch 6: collate wait 3.6s, fwd+bwd+step 0.3s
12-09-26 19:47:46:   epoch 46 batch 7: collate wait 3.1s, fwd+bwd+step 0.3s
12-09-26 19:47:50:   epoch 46 batch 8: collate wait 3.4s, fwd+bwd+step 0.3s
12-09-26 19:47:53:   epoch 46 batch 9: collate wait 2.7s, fwd+bwd+step 0.3s
12-09-26 19:47:56:   epoch 46 batch 10: collate wait 2.6s, fwd+bwd+step 0.3s
12-09-26 19:47:59:   epoch 46 batch 11: collate wait 2.9s, fwd+bwd+step 0.3s
12-09-26 19:48:03:   epoch 46 batch 12: collate wait 3.6s, fwd+bwd+step 0.3s
12-09-26 19:48:06:   epoch 46 batch 13: collate wait 3.2s, fwd+bwd+step 0.3s
12-09-26 19:48:09:   epoch 46 batch 14: collate wait 2.9s, fwd+bwd+step 0.3s
12-09-26 19:48:12:   epoch 46 batch 15: collate wait 2.7s, fwd+bwd+step 0.3s
12-09-26 19:48:12: Trn - Source 46, cls loss: 0.0058, seg loss: 0.9253, kendall s_cls: -0.6115, s_seg: 0.3511
12-09-26 19:48:21: Val - Source 46, cls acc: 1.0000, cls avg acc: 1.0000, cls loss: 0.0006, seg loss: 0.8308, total loss: 0.4558
12-09-26 19:48:21: Val - Source 46, Tomato seg: loss=1.0522, mIoU=0.3477, acc=0.6952
12-09-26 19:48:21: Val - Source 46, Maize seg: loss=0.7503, mIoU=0.4155, acc=0.8550
12-09-26 19:48:30: Eval(no-train) - Target 46, acc: 0.9048, avg acc: 0.8880, cls loss: 0.3673  <- domain gap indicator (DA-0 baseline, cls-only)
12-09-26 19:48:33:   epoch 47 batch 0: collate wait 2.7s, fwd+bwd+step 0.3s
12-09-26 19:48:36:   epoch 47 batch 1: collate wait 2.9s, fwd+bwd+step 0.3s
12-09-26 19:48:39:   epoch 47 batch 2: collate wait 2.9s, fwd+bwd+step 0.3s
12-09-26 19:48:42:   epoch 47 batch 3: collate wait 2.7s, fwd+bwd+step 0.3s
12-09-26 19:48:47:   epoch 47 batch 4: collate wait 3.5s, fwd+bwd+step 0.6s
12-09-26 19:48:50:   epoch 47 batch 5: collate wait 2.8s, fwd+bwd+step 0.3s
12-09-26 19:48:52:   epoch 47 batch 6: collate wait 2.5s, fwd+bwd+step 0.3s
12-09-26 19:48:56:   epoch 47 batch 7: collate wait 3.6s, fwd+bwd+step 0.3s
12-09-26 19:49:00:   epoch 47 batch 8: collate wait 3.0s, fwd+bwd+step 0.3s
12-09-26 19:49:04:   epoch 47 batch 9: collate wait 3.7s, fwd+bwd+step 0.3s
12-09-26 19:49:07:   epoch 47 batch 10: collate wait 3.6s, fwd+bwd+step 0.3s
12-09-26 19:49:11:   epoch 47 batch 11: collate wait 3.0s, fwd+bwd+step 0.3s
12-09-26 19:49:14:   epoch 47 batch 12: collate wait 3.0s, fwd+bwd+step 0.2s
12-09-26 19:49:17:   epoch 47 batch 13: collate wait 3.3s, fwd+bwd+step 0.3s
12-09-26 19:49:21:   epoch 47 batch 14: collate wait 3.3s, fwd+bwd+step 0.3s
12-09-26 19:49:25:   epoch 47 batch 15: collate wait 3.4s, fwd+bwd+step 0.3s
12-09-26 19:49:25: Trn - Source 47, cls loss: 0.0031, seg loss: 0.9147, kendall s_cls: -0.6206, s_seg: 0.3537
12-09-26 19:49:33: Val - Source 47, cls acc: 1.0000, cls avg acc: 1.0000, cls loss: 0.0003, seg loss: 0.8658, total loss: 0.4750
12-09-26 19:49:33: Val - Source 47, Tomato seg: loss=1.0963, mIoU=0.3638, acc=0.7281
12-09-26 19:49:33: Val - Source 47, Maize seg: loss=0.7819, mIoU=0.4154, acc=0.8502
12-09-26 19:49:42: Eval(no-train) - Target 47, acc: 0.8571, avg acc: 0.8505, cls loss: 0.3870  <- domain gap indicator (DA-0 baseline, cls-only)
12-09-26 19:49:45:   epoch 48 batch 0: collate wait 2.9s, fwd+bwd+step 0.3s
12-09-26 19:49:49:   epoch 48 batch 1: collate wait 3.2s, fwd+bwd+step 0.3s
12-09-26 19:49:52:   epoch 48 batch 2: collate wait 2.7s, fwd+bwd+step 0.3s
12-09-26 19:49:55:   epoch 48 batch 3: collate wait 2.8s, fwd+bwd+step 0.2s
12-09-26 19:49:58:   epoch 48 batch 4: collate wait 3.0s, fwd+bwd+step 0.3s
12-09-26 19:50:01:   epoch 48 batch 5: collate wait 2.8s, fwd+bwd+step 0.3s
12-09-26 19:50:05:   epoch 48 batch 6: collate wait 3.3s, fwd+bwd+step 0.3s
12-09-26 19:50:08:   epoch 48 batch 7: collate wait 3.3s, fwd+bwd+step 0.2s
12-09-26 19:50:11:   epoch 48 batch 8: collate wait 3.0s, fwd+bwd+step 0.3s
12-09-26 19:50:15:   epoch 48 batch 9: collate wait 3.4s, fwd+bwd+step 0.3s
12-09-26 19:50:18:   epoch 48 batch 10: collate wait 2.8s, fwd+bwd+step 0.3s
12-09-26 19:50:22:   epoch 48 batch 11: collate wait 3.5s, fwd+bwd+step 0.3s
12-09-26 19:50:26:   epoch 48 batch 12: collate wait 3.7s, fwd+bwd+step 0.3s
12-09-26 19:50:29:   epoch 48 batch 13: collate wait 3.0s, fwd+bwd+step 0.3s
12-09-26 19:50:32:   epoch 48 batch 14: collate wait 3.1s, fwd+bwd+step 0.3s
12-09-26 19:50:36:   epoch 48 batch 15: collate wait 3.0s, fwd+bwd+step 0.3s
12-09-26 19:50:36: Trn - Source 48, cls loss: 0.0057, seg loss: 0.9178, kendall s_cls: -0.6295, s_seg: 0.3563
12-09-26 19:50:44: Val - Source 48, cls acc: 1.0000, cls avg acc: 1.0000, cls loss: 0.0002, seg loss: 0.8205, total loss: 0.4385
12-09-26 19:50:44: Val - Source 48, Tomato seg: loss=1.0186, mIoU=0.3570, acc=0.7180
12-09-26 19:50:44: Val - Source 48, Maize seg: loss=0.7485, mIoU=0.4276, acc=0.8694
12-09-26 19:50:53: Eval(no-train) - Target 48, acc: 0.8413, avg acc: 0.8380, cls loss: 0.3516  <- domain gap indicator (DA-0 baseline, cls-only)
12-09-26 19:50:56:   epoch 49 batch 0: collate wait 3.0s, fwd+bwd+step 0.2s
12-09-26 19:51:00:   epoch 49 batch 1: collate wait 2.8s, fwd+bwd+step 0.3s
12-09-26 19:51:03:   epoch 49 batch 2: collate wait 3.5s, fwd+bwd+step 0.3s
12-09-26 19:51:07:   epoch 49 batch 3: collate wait 3.4s, fwd+bwd+step 0.3s
12-09-26 19:51:10:   epoch 49 batch 4: collate wait 2.9s, fwd+bwd+step 0.3s
12-09-26 19:51:14:   epoch 49 batch 5: collate wait 3.4s, fwd+bwd+step 0.3s
12-09-26 19:51:17:   epoch 49 batch 6: collate wait 3.4s, fwd+bwd+step 0.3s
12-09-26 19:51:21:   epoch 49 batch 7: collate wait 2.9s, fwd+bwd+step 0.3s
12-09-26 19:51:24:   epoch 49 batch 8: collate wait 3.3s, fwd+bwd+step 0.3s
12-09-26 19:51:28:   epoch 49 batch 9: collate wait 3.2s, fwd+bwd+step 0.3s
12-09-26 19:51:30:   epoch 49 batch 10: collate wait 2.5s, fwd+bwd+step 0.3s
12-09-26 19:51:33:   epoch 49 batch 11: collate wait 2.8s, fwd+bwd+step 0.3s
12-09-26 19:51:37:   epoch 49 batch 12: collate wait 3.0s, fwd+bwd+step 0.3s
12-09-26 19:51:40:   epoch 49 batch 13: collate wait 2.7s, fwd+bwd+step 0.2s
12-09-26 19:51:43:   epoch 49 batch 14: collate wait 3.2s, fwd+bwd+step 0.3s
12-09-26 19:51:46:   epoch 49 batch 15: collate wait 3.0s, fwd+bwd+step 0.3s
12-09-26 19:51:46: Trn - Source 49, cls loss: 0.1988, seg loss: 0.9118, kendall s_cls: -0.6333, s_seg: 0.3587
12-09-26 19:51:55: Val - Source 49, cls acc: 1.0000, cls avg acc: 1.0000, cls loss: 0.0014, seg loss: 0.8444, total loss: 0.4553
12-09-26 19:51:55: Val - Source 49, Tomato seg: loss=1.0784, mIoU=0.3644, acc=0.7279
12-09-26 19:51:55: Val - Source 49, Maize seg: loss=0.7593, mIoU=0.4197, acc=0.8735
12-09-26 19:52:04: Eval(no-train) - Target 49, acc: 0.4603, avg acc: 0.5750, cls loss: 3.7836  <- domain gap indicator (DA-0 baseline, cls-only)
12-09-26 19:52:07:   epoch 50 batch 0: collate wait 2.7s, fwd+bwd+step 0.3s
12-09-26 19:52:11:   epoch 50 batch 1: collate wait 3.8s, fwd+bwd+step 0.3s
12-09-26 19:52:14:   epoch 50 batch 2: collate wait 2.6s, fwd+bwd+step 0.3s
12-09-26 19:52:17:   epoch 50 batch 3: collate wait 3.0s, fwd+bwd+step 0.3s
12-09-26 19:52:20:   epoch 50 batch 4: collate wait 3.1s, fwd+bwd+step 0.3s
12-09-26 19:52:23:   epoch 50 batch 5: collate wait 2.8s, fwd+bwd+step 0.3s
12-09-26 19:52:27:   epoch 50 batch 6: collate wait 3.3s, fwd+bwd+step 0.3s
12-09-26 19:52:30:   epoch 50 batch 7: collate wait 3.1s, fwd+bwd+step 0.3s
12-09-26 19:52:34:   epoch 50 batch 8: collate wait 3.0s, fwd+bwd+step 0.3s
12-09-26 19:52:37:   epoch 50 batch 9: collate wait 3.3s, fwd+bwd+step 0.3s
12-09-26 19:52:40:   epoch 50 batch 10: collate wait 3.0s, fwd+bwd+step 0.3s
12-09-26 19:52:44:   epoch 50 batch 11: collate wait 3.0s, fwd+bwd+step 0.3s
12-09-26 19:52:48:   epoch 50 batch 12: collate wait 3.7s, fwd+bwd+step 0.3s
12-09-26 19:52:52:   epoch 50 batch 13: collate wait 3.9s, fwd+bwd+step 0.3s
12-09-26 19:52:55:   epoch 50 batch 14: collate wait 3.1s, fwd+bwd+step 0.3s
12-09-26 19:52:58:   epoch 50 batch 15: collate wait 2.6s, fwd+bwd+step 0.3s
12-09-26 19:52:58: Trn - Source 50, cls loss: 0.0080, seg loss: 0.9385, kendall s_cls: -0.6397, s_seg: 0.3613
12-09-26 19:53:06: Val - Source 50, cls acc: 1.0000, cls avg acc: 1.0000, cls loss: 0.0030, seg loss: 0.8341, total loss: 0.4477
12-09-26 19:53:06: Val - Source 50, Tomato seg: loss=1.0361, mIoU=0.3667, acc=0.7406
12-09-26 19:53:06: Val - Source 50, Maize seg: loss=0.7607, mIoU=0.4235, acc=0.8619
12-09-26 19:53:15: Eval(no-train) - Target 50, acc: 0.3810, avg acc: 0.5125, cls loss: 5.2817  <- domain gap indicator (DA-0 baseline, cls-only)
12-09-26 19:53:19:   epoch 51 batch 0: collate wait 3.5s, fwd+bwd+step 0.3s
12-09-26 19:53:23:   epoch 51 batch 1: collate wait 3.2s, fwd+bwd+step 0.3s
12-09-26 19:53:26:   epoch 51 batch 2: collate wait 3.3s, fwd+bwd+step 0.3s
12-09-26 19:53:29:   epoch 51 batch 3: collate wait 2.4s, fwd+bwd+step 0.3s
12-09-26 19:53:32:   epoch 51 batch 4: collate wait 3.0s, fwd+bwd+step 0.3s
12-09-26 19:53:35:   epoch 51 batch 5: collate wait 2.5s, fwd+bwd+step 0.3s
12-09-26 19:53:39:   epoch 51 batch 6: collate wait 3.4s, fwd+bwd+step 0.3s
12-09-26 19:53:42:   epoch 51 batch 7: collate wait 3.0s, fwd+bwd+step 0.3s
12-09-26 19:53:46:   epoch 51 batch 8: collate wait 3.5s, fwd+bwd+step 0.3s
12-09-26 19:53:49:   epoch 51 batch 9: collate wait 3.5s, fwd+bwd+step 0.3s
12-09-26 19:53:53:   epoch 51 batch 10: collate wait 3.6s, fwd+bwd+step 0.2s
12-09-26 19:53:57:   epoch 51 batch 11: collate wait 3.8s, fwd+bwd+step 0.3s
12-09-26 19:54:01:   epoch 51 batch 12: collate wait 3.1s, fwd+bwd+step 0.3s
12-09-26 19:54:04:   epoch 51 batch 13: collate wait 3.2s, fwd+bwd+step 0.3s
12-09-26 19:54:07:   epoch 51 batch 14: collate wait 3.1s, fwd+bwd+step 0.3s
12-09-26 19:54:11:   epoch 51 batch 15: collate wait 3.3s, fwd+bwd+step 0.3s
12-09-26 19:54:11: Trn - Source 51, cls loss: 0.0735, seg loss: 0.8993, kendall s_cls: -0.6456, s_seg: 0.3634
12-09-26 19:54:19: Val - Source 51, cls acc: 1.0000, cls avg acc: 1.0000, cls loss: 0.0036, seg loss: 0.8777, total loss: 0.4760
12-09-26 19:54:19: Val - Source 51, Tomato seg: loss=1.1137, mIoU=0.3789, acc=0.7516
12-09-26 19:54:19: Val - Source 51, Maize seg: loss=0.7919, mIoU=0.4227, acc=0.8680
12-09-26 19:54:28: Eval(no-train) - Target 51, acc: 0.3968, avg acc: 0.5250, cls loss: 4.2252  <- domain gap indicator (DA-0 baseline, cls-only)
12-09-26 19:54:32:   epoch 52 batch 0: collate wait 3.4s, fwd+bwd+step 0.3s
12-09-26 19:54:35:   epoch 52 batch 1: collate wait 3.3s, fwd+bwd+step 0.3s
12-09-26 19:54:39:   epoch 52 batch 2: collate wait 3.5s, fwd+bwd+step 0.3s
12-09-26 19:54:43:   epoch 52 batch 3: collate wait 3.0s, fwd+bwd+step 0.3s
12-09-26 19:54:46:   epoch 52 batch 4: collate wait 3.2s, fwd+bwd+step 0.3s
12-09-26 19:54:49:   epoch 52 batch 5: collate wait 2.8s, fwd+bwd+step 0.3s
12-09-26 19:54:52:   epoch 52 batch 6: collate wait 3.0s, fwd+bwd+step 0.3s
12-09-26 19:54:55:   epoch 52 batch 7: collate wait 2.7s, fwd+bwd+step 0.3s
12-09-26 19:54:59:   epoch 52 batch 8: collate wait 3.5s, fwd+bwd+step 0.3s
12-09-26 19:55:02:   epoch 52 batch 9: collate wait 3.0s, fwd+bwd+step 0.3s
12-09-26 19:55:06:   epoch 52 batch 10: collate wait 3.1s, fwd+bwd+step 0.3s
12-09-26 19:55:09:   epoch 52 batch 11: collate wait 2.8s, fwd+bwd+step 0.2s
12-09-26 19:55:12:   epoch 52 batch 12: collate wait 3.1s, fwd+bwd+step 0.3s
12-09-26 19:55:16:   epoch 52 batch 13: collate wait 3.4s, fwd+bwd+step 0.3s
12-09-26 19:55:21:   epoch 52 batch 14: collate wait 3.3s, fwd+bwd+step 2.4s
12-09-26 19:55:27:   epoch 52 batch 15: collate wait 3.6s, fwd+bwd+step 1.4s
12-09-26 19:55:27: Trn - Source 52, cls loss: 0.0102, seg loss: 0.9075, kendall s_cls: -0.6522, s_seg: 0.3656
12-09-26 19:55:46: Val - Source 52, cls acc: 1.0000, cls avg acc: 1.0000, cls loss: 0.0021, seg loss: 0.8707, total loss: 0.4648
12-09-26 19:55:46: Val - Source 52, Tomato seg: loss=1.2506, mIoU=0.3778, acc=0.7485
12-09-26 19:55:46: Val - Source 52, Maize seg: loss=0.7326, mIoU=0.4297, acc=0.8713
12-09-26 19:55:56: Eval(no-train) - Target 52, acc: 0.3968, avg acc: 0.5250, cls loss: 4.1541  <- domain gap indicator (DA-0 baseline, cls-only)
12-09-26 19:56:03:   epoch 53 batch 0: collate wait 3.8s, fwd+bwd+step 2.7s
12-09-26 19:56:06:   epoch 53 batch 1: collate wait 3.7s, fwd+bwd+step 0.2s
12-09-26 19:56:10:   epoch 53 batch 2: collate wait 3.1s, fwd+bwd+step 0.3s
12-09-26 19:56:14:   epoch 53 batch 3: collate wait 3.8s, fwd+bwd+step 0.3s
12-09-26 19:56:18:   epoch 53 batch 4: collate wait 3.6s, fwd+bwd+step 0.3s
12-09-26 19:56:21:   epoch 53 batch 5: collate wait 3.2s, fwd+bwd+step 0.3s
12-09-26 19:56:25:   epoch 53 batch 6: collate wait 3.1s, fwd+bwd+step 0.3s
12-09-26 19:56:29:   epoch 53 batch 7: collate wait 3.8s, fwd+bwd+step 0.3s
12-09-26 19:56:32:   epoch 53 batch 8: collate wait 3.5s, fwd+bwd+step 0.3s
12-09-26 19:56:36:   epoch 53 batch 9: collate wait 3.7s, fwd+bwd+step 0.3s
12-09-26 19:56:40:   epoch 53 batch 10: collate wait 2.9s, fwd+bwd+step 0.3s
12-09-26 19:56:43:   epoch 53 batch 11: collate wait 3.4s, fwd+bwd+step 0.3s
12-09-26 19:56:46:   epoch 53 batch 12: collate wait 2.7s, fwd+bwd+step 0.3s
12-09-26 19:56:50:   epoch 53 batch 13: collate wait 3.3s, fwd+bwd+step 0.3s
12-09-26 19:56:53:   epoch 53 batch 14: collate wait 3.0s, fwd+bwd+step 0.3s
12-09-26 19:56:56:   epoch 53 batch 15: collate wait 3.0s, fwd+bwd+step 0.3s
12-09-26 19:56:56: Trn - Source 53, cls loss: 0.0414, seg loss: 0.8929, kendall s_cls: -0.6585, s_seg: 0.3675
12-09-26 19:57:05: Val - Source 53, cls acc: 1.0000, cls avg acc: 1.0000, cls loss: 0.0006, seg loss: 1.0157, total loss: 0.5590
12-09-26 19:57:05: Val - Source 53, Tomato seg: loss=1.3143, mIoU=0.3859, acc=0.7701
12-09-26 19:57:05: Val - Source 53, Maize seg: loss=0.9071, mIoU=0.4190, acc=0.8716
12-09-26 19:57:14: Eval(no-train) - Target 53, acc: 0.5079, avg acc: 0.6125, cls loss: 1.6571  <- domain gap indicator (DA-0 baseline, cls-only)
12-09-26 19:57:17:   epoch 54 batch 0: collate wait 3.6s, fwd+bwd+step 0.3s
12-09-26 19:57:20:   epoch 54 batch 1: collate wait 2.8s, fwd+bwd+step 0.2s
12-09-26 19:57:24:   epoch 54 batch 2: collate wait 2.9s, fwd+bwd+step 0.3s
12-09-26 19:57:27:   epoch 54 batch 3: collate wait 3.4s, fwd+bwd+step 0.3s
12-09-26 19:57:31:   epoch 54 batch 4: collate wait 3.6s, fwd+bwd+step 0.2s
12-09-26 19:57:35:   epoch 54 batch 5: collate wait 3.2s, fwd+bwd+step 0.2s
12-09-26 19:57:38:   epoch 54 batch 6: collate wait 3.4s, fwd+bwd+step 0.2s
12-09-26 19:57:41:   epoch 54 batch 7: collate wait 2.6s, fwd+bwd+step 0.3s
12-09-26 19:57:44:   epoch 54 batch 8: collate wait 3.1s, fwd+bwd+step 0.3s
12-09-26 19:57:47:   epoch 54 batch 9: collate wait 2.4s, fwd+bwd+step 0.3s
12-09-26 19:57:51:   epoch 54 batch 10: collate wait 3.5s, fwd+bwd+step 0.3s
12-09-26 19:57:54:   epoch 54 batch 11: collate wait 3.1s, fwd+bwd+step 0.3s
12-09-26 19:57:57:   epoch 54 batch 12: collate wait 2.8s, fwd+bwd+step 0.2s
12-09-26 19:58:01:   epoch 54 batch 13: collate wait 3.1s, fwd+bwd+step 0.3s
12-09-26 19:58:03:   epoch 54 batch 14: collate wait 2.6s, fwd+bwd+step 0.3s
12-09-26 19:58:07:   epoch 54 batch 15: collate wait 3.0s, fwd+bwd+step 0.3s
12-09-26 19:58:07: Trn - Source 54, cls loss: 0.0028, seg loss: 0.9200, kendall s_cls: -0.6649, s_seg: 0.3696
12-09-26 19:58:15: Val - Source 54, cls acc: 1.0000, cls avg acc: 1.0000, cls loss: 0.0004, seg loss: 0.9489, total loss: 0.5089
12-09-26 19:58:15: Val - Source 54, Tomato seg: loss=1.0908, mIoU=0.3590, acc=0.7177
12-09-26 19:58:15: Val - Source 54, Maize seg: loss=0.8973, mIoU=0.4262, acc=0.8681
12-09-26 19:58:25: Eval(no-train) - Target 54, acc: 0.6667, avg acc: 0.7375, cls loss: 0.6720  <- domain gap indicator (DA-0 baseline, cls-only)
12-09-26 19:58:29:   epoch 55 batch 0: collate wait 4.0s, fwd+bwd+step 0.4s
12-09-26 19:58:32:   epoch 55 batch 1: collate wait 2.8s, fwd+bwd+step 0.3s
12-09-26 19:58:36:   epoch 55 batch 2: collate wait 3.2s, fwd+bwd+step 0.3s
12-09-26 19:58:39:   epoch 55 batch 3: collate wait 3.1s, fwd+bwd+step 0.3s
12-09-26 19:58:42:   epoch 55 batch 4: collate wait 3.0s, fwd+bwd+step 0.3s
12-09-26 19:58:45:   epoch 55 batch 5: collate wait 2.9s, fwd+bwd+step 0.3s
12-09-26 19:58:49:   epoch 55 batch 6: collate wait 3.4s, fwd+bwd+step 0.2s
12-09-26 19:58:53:   epoch 55 batch 7: collate wait 3.5s, fwd+bwd+step 0.3s
12-09-26 19:58:56:   epoch 55 batch 8: collate wait 2.8s, fwd+bwd+step 0.3s
12-09-26 19:58:59:   epoch 55 batch 9: collate wait 2.8s, fwd+bwd+step 0.3s
12-09-26 19:59:03:   epoch 55 batch 10: collate wait 3.4s, fwd+bwd+step 0.3s
12-09-26 19:59:06:   epoch 55 batch 11: collate wait 2.8s, fwd+bwd+step 0.3s
12-09-26 19:59:09:   epoch 55 batch 12: collate wait 3.3s, fwd+bwd+step 0.3s
12-09-26 19:59:12:   epoch 55 batch 13: collate wait 2.9s, fwd+bwd+step 0.2s
12-09-26 19:59:16:   epoch 55 batch 14: collate wait 3.4s, fwd+bwd+step 0.2s
12-09-26 19:59:19:   epoch 55 batch 15: collate wait 2.9s, fwd+bwd+step 0.2s
12-09-26 19:59:19: Trn - Source 55, cls loss: 0.0175, seg loss: 0.8977, kendall s_cls: -0.6712, s_seg: 0.3715
12-09-26 19:59:28: Val - Source 55, cls acc: 1.0000, cls avg acc: 1.0000, cls loss: 0.0007, seg loss: 0.9392, total loss: 0.4993
12-09-26 19:59:28: Val - Source 55, Tomato seg: loss=1.0962, mIoU=0.3668, acc=0.7341
12-09-26 19:59:28: Val - Source 55, Maize seg: loss=0.8821, mIoU=0.4069, acc=0.8556
12-09-26 19:59:37: Eval(no-train) - Target 55, acc: 0.4444, avg acc: 0.5625, cls loss: 2.3703  <- domain gap indicator (DA-0 baseline, cls-only)
12-09-26 19:59:40:   epoch 56 batch 0: collate wait 2.8s, fwd+bwd+step 0.2s
12-09-26 19:59:44:   epoch 56 batch 1: collate wait 3.8s, fwd+bwd+step 0.3s
12-09-26 19:59:47:   epoch 56 batch 2: collate wait 3.1s, fwd+bwd+step 0.2s
12-09-26 19:59:51:   epoch 56 batch 3: collate wait 3.1s, fwd+bwd+step 0.2s
12-09-26 19:59:54:   epoch 56 batch 4: collate wait 3.4s, fwd+bwd+step 0.2s
12-09-26 19:59:58:   epoch 56 batch 5: collate wait 3.1s, fwd+bwd+step 0.3s
12-09-26 20:00:01:   epoch 56 batch 6: collate wait 2.9s, fwd+bwd+step 0.3s
12-09-26 20:00:04:   epoch 56 batch 7: collate wait 3.1s, fwd+bwd+step 0.4s
12-09-26 20:00:08:   epoch 56 batch 8: collate wait 3.5s, fwd+bwd+step 0.3s
12-09-26 20:00:12:   epoch 56 batch 9: collate wait 3.5s, fwd+bwd+step 0.3s
12-09-26 20:00:15:   epoch 56 batch 10: collate wait 2.7s, fwd+bwd+step 0.3s
12-09-26 20:00:19:   epoch 56 batch 11: collate wait 3.6s, fwd+bwd+step 0.3s
12-09-26 20:00:22:   epoch 56 batch 12: collate wait 3.4s, fwd+bwd+step 0.2s
12-09-26 20:00:26:   epoch 56 batch 13: collate wait 3.2s, fwd+bwd+step 0.2s
12-09-26 20:00:29:   epoch 56 batch 14: collate wait 3.0s, fwd+bwd+step 0.3s
12-09-26 20:00:32:   epoch 56 batch 15: collate wait 3.1s, fwd+bwd+step 0.3s
12-09-26 20:00:32: Trn - Source 56, cls loss: 0.1171, seg loss: 0.8698, kendall s_cls: -0.6764, s_seg: 0.3732
12-09-26 20:00:41: Val - Source 56, cls acc: 1.0000, cls avg acc: 1.0000, cls loss: 0.0015, seg loss: 0.8830, total loss: 0.4593
12-09-26 20:00:41: Val - Source 56, Tomato seg: loss=1.1515, mIoU=0.3722, acc=0.7379
12-09-26 20:00:41: Val - Source 56, Maize seg: loss=0.7853, mIoU=0.4331, acc=0.8786
12-09-26 20:00:49: Eval(no-train) - Target 56, acc: 0.4286, avg acc: 0.5500, cls loss: 3.1595  <- domain gap indicator (DA-0 baseline, cls-only)
12-09-26 20:00:52:   epoch 57 batch 0: collate wait 2.6s, fwd+bwd+step 0.2s
12-09-26 20:00:56:   epoch 57 batch 1: collate wait 3.6s, fwd+bwd+step 0.3s
12-09-26 20:00:59:   epoch 57 batch 2: collate wait 3.3s, fwd+bwd+step 0.3s
12-09-26 20:01:03:   epoch 57 batch 3: collate wait 2.8s, fwd+bwd+step 0.3s
12-09-26 20:01:06:   epoch 57 batch 4: collate wait 3.5s, fwd+bwd+step 0.3s
12-09-26 20:01:10:   epoch 57 batch 5: collate wait 3.1s, fwd+bwd+step 0.2s
12-09-26 20:01:13:   epoch 57 batch 6: collate wait 3.3s, fwd+bwd+step 0.2s
12-09-26 20:01:17:   epoch 57 batch 7: collate wait 3.1s, fwd+bwd+step 0.3s
12-09-26 20:01:19:   epoch 57 batch 8: collate wait 2.4s, fwd+bwd+step 0.3s
12-09-26 20:01:23:   epoch 57 batch 9: collate wait 3.8s, fwd+bwd+step 0.2s
12-09-26 20:01:27:   epoch 57 batch 10: collate wait 3.1s, fwd+bwd+step 0.3s
12-09-26 20:01:30:   epoch 57 batch 11: collate wait 3.0s, fwd+bwd+step 0.3s
12-09-26 20:01:33:   epoch 57 batch 12: collate wait 2.5s, fwd+bwd+step 0.3s
12-09-26 20:01:36:   epoch 57 batch 13: collate wait 3.0s, fwd+bwd+step 0.3s
12-09-26 20:01:40:   epoch 57 batch 14: collate wait 3.6s, fwd+bwd+step 0.3s
12-09-26 20:01:43:   epoch 57 batch 15: collate wait 3.4s, fwd+bwd+step 0.3s
12-09-26 20:01:43: Trn - Source 57, cls loss: 0.0106, seg loss: 0.8655, kendall s_cls: -0.6808, s_seg: 0.3746
12-09-26 20:01:52: Val - Source 57, cls acc: 1.0000, cls avg acc: 1.0000, cls loss: 0.0031, seg loss: 0.8673, total loss: 0.4493
12-09-26 20:01:52: Val - Source 57, Tomato seg: loss=1.2527, mIoU=0.3673, acc=0.7301
12-09-26 20:01:52: Val - Source 57, Maize seg: loss=0.7272, mIoU=0.4285, acc=0.8752
12-09-26 20:02:01: Eval(no-train) - Target 57, acc: 0.3810, avg acc: 0.5125, cls loss: 2.3577  <- domain gap indicator (DA-0 baseline, cls-only)
12-09-26 20:02:04:   epoch 58 batch 0: collate wait 3.3s, fwd+bwd+step 0.3s
12-09-26 20:02:08:   epoch 58 batch 1: collate wait 3.0s, fwd+bwd+step 0.2s
12-09-26 20:02:12:   epoch 58 batch 2: collate wait 3.7s, fwd+bwd+step 0.3s
12-09-26 20:02:15:   epoch 58 batch 3: collate wait 2.9s, fwd+bwd+step 0.2s
12-09-26 20:02:18:   epoch 58 batch 4: collate wait 3.1s, fwd+bwd+step 0.2s
12-09-26 20:02:22:   epoch 58 batch 5: collate wait 3.7s, fwd+bwd+step 0.3s
12-09-26 20:02:25:   epoch 58 batch 6: collate wait 3.0s, fwd+bwd+step 0.3s
12-09-26 20:02:29:   epoch 58 batch 7: collate wait 3.1s, fwd+bwd+step 0.3s
12-09-26 20:02:32:   epoch 58 batch 8: collate wait 2.7s, fwd+bwd+step 0.2s
12-09-26 20:02:35:   epoch 58 batch 9: collate wait 2.9s, fwd+bwd+step 0.2s
12-09-26 20:02:39:   epoch 58 batch 10: collate wait 3.6s, fwd+bwd+step 0.3s
12-09-26 20:02:42:   epoch 58 batch 11: collate wait 3.6s, fwd+bwd+step 0.3s
12-09-26 20:02:46:   epoch 58 batch 12: collate wait 2.9s, fwd+bwd+step 0.3s
12-09-26 20:02:49:   epoch 58 batch 13: collate wait 2.9s, fwd+bwd+step 0.2s
12-09-26 20:02:52:   epoch 58 batch 14: collate wait 3.0s, fwd+bwd+step 0.2s
12-09-26 20:02:55:   epoch 58 batch 15: collate wait 2.3s, fwd+bwd+step 0.2s
12-09-26 20:02:55: Trn - Source 58, cls loss: 0.0129, seg loss: 0.8680, kendall s_cls: -0.6861, s_seg: 0.3759
12-09-26 20:03:03: Val - Source 58, cls acc: 1.0000, cls avg acc: 1.0000, cls loss: 0.0011, seg loss: 0.9581, total loss: 0.5049
12-09-26 20:03:03: Val - Source 58, Tomato seg: loss=1.2509, mIoU=0.3865, acc=0.7733
12-09-26 20:03:03: Val - Source 58, Maize seg: loss=0.8516, mIoU=0.4173, acc=0.8634
12-09-26 20:03:12: Eval(no-train) - Target 58, acc: 0.4762, avg acc: 0.5875, cls loss: 1.2798  <- domain gap indicator (DA-0 baseline, cls-only)
12-09-26 20:03:16:   epoch 59 batch 0: collate wait 3.5s, fwd+bwd+step 0.3s
12-09-26 20:03:19:   epoch 59 batch 1: collate wait 3.4s, fwd+bwd+step 0.3s
12-09-26 20:03:23:   epoch 59 batch 2: collate wait 3.3s, fwd+bwd+step 0.3s
12-09-26 20:03:26:   epoch 59 batch 3: collate wait 3.0s, fwd+bwd+step 0.3s
12-09-26 20:03:29:   epoch 59 batch 4: collate wait 2.9s, fwd+bwd+step 0.2s
12-09-26 20:03:33:   epoch 59 batch 5: collate wait 3.2s, fwd+bwd+step 0.3s
12-09-26 20:03:36:   epoch 59 batch 6: collate wait 3.0s, fwd+bwd+step 0.3s
12-09-26 20:03:39:   epoch 59 batch 7: collate wait 3.1s, fwd+bwd+step 0.3s
12-09-26 20:03:43:   epoch 59 batch 8: collate wait 2.8s, fwd+bwd+step 0.3s
12-09-26 20:03:46:   epoch 59 batch 9: collate wait 3.4s, fwd+bwd+step 0.3s
12-09-26 20:03:50:   epoch 59 batch 10: collate wait 3.3s, fwd+bwd+step 0.2s
12-09-26 20:03:53:   epoch 59 batch 11: collate wait 2.9s, fwd+bwd+step 0.3s
12-09-26 20:03:57:   epoch 59 batch 12: collate wait 3.6s, fwd+bwd+step 0.2s
12-09-26 20:04:00:   epoch 59 batch 13: collate wait 2.9s, fwd+bwd+step 0.3s
12-09-26 20:04:04:   epoch 59 batch 14: collate wait 3.4s, fwd+bwd+step 0.2s
12-09-26 20:04:07:   epoch 59 batch 15: collate wait 3.2s, fwd+bwd+step 0.3s
12-09-26 20:04:07: Trn - Source 59, cls loss: 0.0184, seg loss: 0.8945, kendall s_cls: -0.6913, s_seg: 0.3773
12-09-26 20:04:15: Val - Source 59, cls acc: 1.0000, cls avg acc: 1.0000, cls loss: 0.0004, seg loss: 0.8670, total loss: 0.4383
12-09-26 20:04:15: Val - Source 59, Tomato seg: loss=1.1728, mIoU=0.3742, acc=0.7497
12-09-26 20:04:15: Val - Source 59, Maize seg: loss=0.7557, mIoU=0.4257, acc=0.8610
12-09-26 20:04:24: Eval(no-train) - Target 59, acc: 0.9365, avg acc: 0.9130, cls loss: 0.3363  <- domain gap indicator (DA-0 baseline, cls-only)
12-09-26 20:04:29:   epoch 60 batch 0: collate wait 3.8s, fwd+bwd+step 0.3s
12-09-26 20:04:33:   epoch 60 batch 1: collate wait 3.4s, fwd+bwd+step 0.3s
12-09-26 20:04:36:   epoch 60 batch 2: collate wait 2.7s, fwd+bwd+step 0.3s
12-09-26 20:04:39:   epoch 60 batch 3: collate wait 2.9s, fwd+bwd+step 0.3s
12-09-26 20:04:43:   epoch 60 batch 4: collate wait 3.4s, fwd+bwd+step 0.3s
12-09-26 20:04:46:   epoch 60 batch 5: collate wait 3.2s, fwd+bwd+step 0.2s
12-09-26 20:04:50:   epoch 60 batch 6: collate wait 3.2s, fwd+bwd+step 0.2s
12-09-26 20:04:53:   epoch 60 batch 7: collate wait 3.0s, fwd+bwd+step 0.2s
12-09-26 20:04:56:   epoch 60 batch 8: collate wait 3.1s, fwd+bwd+step 0.3s
12-09-26 20:04:59:   epoch 60 batch 9: collate wait 2.8s, fwd+bwd+step 0.3s
12-09-26 20:05:02:   epoch 60 batch 10: collate wait 2.9s, fwd+bwd+step 0.3s
12-09-26 20:05:06:   epoch 60 batch 11: collate wait 3.0s, fwd+bwd+step 0.3s
12-09-26 20:05:09:   epoch 60 batch 12: collate wait 3.2s, fwd+bwd+step 0.3s
12-09-26 20:05:13:   epoch 60 batch 13: collate wait 3.4s, fwd+bwd+step 0.2s
12-09-26 20:05:16:   epoch 60 batch 14: collate wait 3.3s, fwd+bwd+step 0.3s
12-09-26 20:05:20:   epoch 60 batch 15: collate wait 3.3s, fwd+bwd+step 0.3s
12-09-26 20:05:20: Trn - Source 60, cls loss: 0.0041, seg loss: 0.8849, kendall s_cls: -0.6965, s_seg: 0.3789
12-09-26 20:05:28: Val - Source 60, cls acc: 1.0000, cls avg acc: 1.0000, cls loss: 0.0010, seg loss: 0.8730, total loss: 0.4409
12-09-26 20:05:28: Val - Source 60, Tomato seg: loss=1.2509, mIoU=0.3622, acc=0.7342
12-09-26 20:05:28: Val - Source 60, Maize seg: loss=0.7355, mIoU=0.4415, acc=0.8781
12-09-26 20:05:37: Eval(no-train) - Target 60, acc: 0.9365, avg acc: 0.9130, cls loss: 0.3075  <- domain gap indicator (DA-0 baseline, cls-only)
12-09-26 20:05:41:   epoch 61 batch 0: collate wait 3.3s, fwd+bwd+step 0.2s
12-09-26 20:05:44:   epoch 61 batch 1: collate wait 2.9s, fwd+bwd+step 0.3s
12-09-26 20:05:47:   epoch 61 batch 2: collate wait 3.1s, fwd+bwd+step 0.3s
12-09-26 20:05:50:   epoch 61 batch 3: collate wait 3.0s, fwd+bwd+step 0.3s
12-09-26 20:05:54:   epoch 61 batch 4: collate wait 3.0s, fwd+bwd+step 0.2s
12-09-26 20:05:57:   epoch 61 batch 5: collate wait 2.8s, fwd+bwd+step 0.2s
12-09-26 20:06:00:   epoch 61 batch 6: collate wait 2.7s, fwd+bwd+step 0.3s
12-09-26 20:06:03:   epoch 61 batch 7: collate wait 3.5s, fwd+bwd+step 0.2s
12-09-26 20:06:06:   epoch 61 batch 8: collate wait 2.5s, fwd+bwd+step 0.3s
12-09-26 20:06:09:   epoch 61 batch 9: collate wait 2.9s, fwd+bwd+step 0.3s
12-09-26 20:06:13:   epoch 61 batch 10: collate wait 3.4s, fwd+bwd+step 0.3s
12-09-26 20:06:16:   epoch 61 batch 11: collate wait 3.0s, fwd+bwd+step 0.2s
12-09-26 20:06:20:   epoch 61 batch 12: collate wait 3.7s, fwd+bwd+step 0.2s
12-09-26 20:06:24:   epoch 61 batch 13: collate wait 3.5s, fwd+bwd+step 0.3s
12-09-26 20:06:28:   epoch 61 batch 14: collate wait 3.9s, fwd+bwd+step 0.2s
12-09-26 20:06:31:   epoch 61 batch 15: collate wait 2.7s, fwd+bwd+step 0.3s
12-09-26 20:06:31: Trn - Source 61, cls loss: 0.0066, seg loss: 0.8530, kendall s_cls: -0.7015, s_seg: 0.3801
12-09-26 20:06:39: Val - Source 61, cls acc: 1.0000, cls avg acc: 1.0000, cls loss: 0.0007, seg loss: 0.9142, total loss: 0.4657
12-09-26 20:06:39: Val - Source 61, Tomato seg: loss=1.1156, mIoU=0.3713, acc=0.7461
12-09-26 20:06:39: Val - Source 61, Maize seg: loss=0.8409, mIoU=0.4381, acc=0.8823
12-09-26 20:06:48: Eval(no-train) - Target 61, acc: 0.9365, avg acc: 0.9130, cls loss: 0.2593  <- domain gap indicator (DA-0 baseline, cls-only)
12-09-26 20:06:52:   epoch 62 batch 0: collate wait 3.5s, fwd+bwd+step 0.3s
12-09-26 20:06:56:   epoch 62 batch 1: collate wait 3.2s, fwd+bwd+step 0.3s
12-09-26 20:06:59:   epoch 62 batch 2: collate wait 3.4s, fwd+bwd+step 0.3s
12-09-26 20:07:02:   epoch 62 batch 3: collate wait 2.9s, fwd+bwd+step 0.3s
12-09-26 20:07:06:   epoch 62 batch 4: collate wait 3.5s, fwd+bwd+step 0.3s
12-09-26 20:07:10:   epoch 62 batch 5: collate wait 3.4s, fwd+bwd+step 0.3s
12-09-26 20:07:13:   epoch 62 batch 6: collate wait 2.9s, fwd+bwd+step 0.3s
12-09-26 20:07:17:   epoch 62 batch 7: collate wait 3.5s, fwd+bwd+step 0.2s
12-09-26 20:07:20:   epoch 62 batch 8: collate wait 3.2s, fwd+bwd+step 0.2s
12-09-26 20:07:24:   epoch 62 batch 9: collate wait 3.2s, fwd+bwd+step 0.3s
12-09-26 20:07:27:   epoch 62 batch 10: collate wait 3.1s, fwd+bwd+step 0.2s
12-09-26 20:07:33:   epoch 62 batch 11: collate wait 3.5s, fwd+bwd+step 2.0s
12-09-26 20:07:36:   epoch 62 batch 12: collate wait 3.2s, fwd+bwd+step 0.3s
12-09-26 20:07:39:   epoch 62 batch 13: collate wait 2.7s, fwd+bwd+step 0.2s
12-09-26 20:07:43:   epoch 62 batch 14: collate wait 3.5s, fwd+bwd+step 0.3s
12-09-26 20:07:46:   epoch 62 batch 15: collate wait 3.0s, fwd+bwd+step 0.2s
12-09-26 20:07:46: Trn - Source 62, cls loss: 0.0032, seg loss: 0.9012, kendall s_cls: -0.7063, s_seg: 0.3813
12-09-26 20:07:54: Val - Source 62, cls acc: 1.0000, cls avg acc: 1.0000, cls loss: 0.0009, seg loss: 0.8127, total loss: 0.3943
12-09-26 20:07:54: Val - Source 62, Tomato seg: loss=1.0982, mIoU=0.3833, acc=0.7628
12-09-26 20:07:54: Val - Source 62, Maize seg: loss=0.7089, mIoU=0.4388, acc=0.8806
12-09-26 20:08:03: Eval(no-train) - Target 62, acc: 0.9206, avg acc: 0.9005, cls loss: 0.2879  <- domain gap indicator (DA-0 baseline, cls-only)
12-09-26 20:08:07:   epoch 63 batch 0: collate wait 3.5s, fwd+bwd+step 0.2s
12-09-26 20:08:10:   epoch 63 batch 1: collate wait 3.1s, fwd+bwd+step 0.3s
12-09-26 20:08:14:   epoch 63 batch 2: collate wait 3.2s, fwd+bwd+step 0.3s
12-09-26 20:08:18:   epoch 63 batch 3: collate wait 3.4s, fwd+bwd+step 0.2s
12-09-26 20:08:20:   epoch 63 batch 4: collate wait 2.5s, fwd+bwd+step 0.3s
12-09-26 20:08:24:   epoch 63 batch 5: collate wait 3.1s, fwd+bwd+step 0.2s
12-09-26 20:08:27:   epoch 63 batch 6: collate wait 3.0s, fwd+bwd+step 0.3s
12-09-26 20:08:31:   epoch 63 batch 7: collate wait 3.8s, fwd+bwd+step 0.3s
12-09-26 20:08:35:   epoch 63 batch 8: collate wait 3.2s, fwd+bwd+step 0.9s
12-09-26 20:08:38:   epoch 63 batch 9: collate wait 2.8s, fwd+bwd+step 0.2s
12-09-26 20:08:42:   epoch 63 batch 10: collate wait 3.3s, fwd+bwd+step 0.3s
12-09-26 20:08:45:   epoch 63 batch 11: collate wait 2.9s, fwd+bwd+step 0.3s
12-09-26 20:08:48:   epoch 63 batch 12: collate wait 3.2s, fwd+bwd+step 0.3s
12-09-26 20:08:52:   epoch 63 batch 13: collate wait 3.3s, fwd+bwd+step 0.2s
12-09-26 20:08:55:   epoch 63 batch 14: collate wait 2.5s, fwd+bwd+step 0.2s
12-09-26 20:08:58:   epoch 63 batch 15: collate wait 3.1s, fwd+bwd+step 0.3s
12-09-26 20:08:58: Trn - Source 63, cls loss: 0.0049, seg loss: 0.8539, kendall s_cls: -0.7109, s_seg: 0.3825
12-09-26 20:09:06: Val - Source 63, cls acc: 1.0000, cls avg acc: 1.0000, cls loss: 0.0009, seg loss: 0.8288, total loss: 0.4031
12-09-26 20:09:06: Val - Source 63, Tomato seg: loss=1.1872, mIoU=0.3812, acc=0.7597
12-09-26 20:09:06: Val - Source 63, Maize seg: loss=0.6985, mIoU=0.4331, acc=0.8743
12-09-26 20:09:15: Eval(no-train) - Target 63, acc: 0.9365, avg acc: 0.9223, cls loss: 0.2423  <- domain gap indicator (DA-0 baseline, cls-only)
12-09-26 20:09:18:   epoch 64 batch 0: collate wait 2.8s, fwd+bwd+step 0.3s
12-09-26 20:09:21:   epoch 64 batch 1: collate wait 3.1s, fwd+bwd+step 0.2s
12-09-26 20:09:25:   epoch 64 batch 2: collate wait 3.5s, fwd+bwd+step 0.3s
12-09-26 20:09:28:   epoch 64 batch 3: collate wait 3.1s, fwd+bwd+step 0.3s
12-09-26 20:09:31:   epoch 64 batch 4: collate wait 2.8s, fwd+bwd+step 0.3s
12-09-26 20:09:35:   epoch 64 batch 5: collate wait 3.2s, fwd+bwd+step 0.3s
12-09-26 20:09:38:   epoch 64 batch 6: collate wait 2.8s, fwd+bwd+step 0.3s
12-09-26 20:09:41:   epoch 64 batch 7: collate wait 3.0s, fwd+bwd+step 0.2s
12-09-26 20:09:45:   epoch 64 batch 8: collate wait 3.6s, fwd+bwd+step 0.3s
12-09-26 20:09:48:   epoch 64 batch 9: collate wait 3.1s, fwd+bwd+step 0.2s
12-09-26 20:09:51:   epoch 64 batch 10: collate wait 2.9s, fwd+bwd+step 0.3s
12-09-26 20:09:55:   epoch 64 batch 11: collate wait 3.7s, fwd+bwd+step 0.3s
12-09-26 20:09:59:   epoch 64 batch 12: collate wait 3.3s, fwd+bwd+step 0.3s
12-09-26 20:10:02:   epoch 64 batch 13: collate wait 2.9s, fwd+bwd+step 0.3s
12-09-26 20:10:05:   epoch 64 batch 14: collate wait 2.7s, fwd+bwd+step 0.3s
12-09-26 20:10:08:   epoch 64 batch 15: collate wait 2.7s, fwd+bwd+step 0.3s
12-09-26 20:10:08: Trn - Source 64, cls loss: 0.0017, seg loss: 0.8752, kendall s_cls: -0.7154, s_seg: 0.3835
12-09-26 20:10:16: Val - Source 64, cls acc: 1.0000, cls avg acc: 1.0000, cls loss: 0.0005, seg loss: 0.8543, total loss: 0.4172
12-09-26 20:10:16: Val - Source 64, Tomato seg: loss=1.2215, mIoU=0.3718, acc=0.7480
12-09-26 20:10:16: Val - Source 64, Maize seg: loss=0.7208, mIoU=0.4411, acc=0.8816
12-09-26 20:10:25: Eval(no-train) - Target 64, acc: 0.8254, avg acc: 0.8255, cls loss: 0.3195  <- domain gap indicator (DA-0 baseline, cls-only)
12-09-26 20:10:28:   epoch 65 batch 0: collate wait 3.0s, fwd+bwd+step 0.2s
12-09-26 20:10:32:   epoch 65 batch 1: collate wait 3.2s, fwd+bwd+step 0.2s
12-09-26 20:10:35:   epoch 65 batch 2: collate wait 3.3s, fwd+bwd+step 0.3s
12-09-26 20:10:39:   epoch 65 batch 3: collate wait 2.9s, fwd+bwd+step 0.2s
12-09-26 20:10:42:   epoch 65 batch 4: collate wait 3.1s, fwd+bwd+step 0.3s
12-09-26 20:10:45:   epoch 65 batch 5: collate wait 3.0s, fwd+bwd+step 0.3s
12-09-26 20:10:48:   epoch 65 batch 6: collate wait 2.7s, fwd+bwd+step 0.3s
12-09-26 20:10:52:   epoch 65 batch 7: collate wait 3.2s, fwd+bwd+step 0.3s
12-09-26 20:10:54:   epoch 65 batch 8: collate wait 2.6s, fwd+bwd+step 0.2s
12-09-26 20:10:58:   epoch 65 batch 9: collate wait 3.1s, fwd+bwd+step 0.3s
12-09-26 20:11:01:   epoch 65 batch 10: collate wait 2.6s, fwd+bwd+step 0.3s
12-09-26 20:11:04:   epoch 65 batch 11: collate wait 3.2s, fwd+bwd+step 0.3s
12-09-26 20:11:07:   epoch 65 batch 12: collate wait 3.1s, fwd+bwd+step 0.3s
12-09-26 20:11:11:   epoch 65 batch 13: collate wait 3.0s, fwd+bwd+step 0.2s
12-09-26 20:11:14:   epoch 65 batch 14: collate wait 3.1s, fwd+bwd+step 0.3s
12-09-26 20:11:17:   epoch 65 batch 15: collate wait 3.1s, fwd+bwd+step 0.2s
12-09-26 20:11:17: Trn - Source 65, cls loss: 0.0063, seg loss: 0.8391, kendall s_cls: -0.7196, s_seg: 0.3845
12-09-26 20:11:26: Val - Source 65, cls acc: 1.0000, cls avg acc: 1.0000, cls loss: 0.0007, seg loss: 0.8091, total loss: 0.3847
12-09-26 20:11:26: Val - Source 65, Tomato seg: loss=1.0621, mIoU=0.3621, acc=0.7231
12-09-26 20:11:26: Val - Source 65, Maize seg: loss=0.7171, mIoU=0.4317, acc=0.8728
12-09-26 20:11:34: Eval(no-train) - Target 65, acc: 0.8095, avg acc: 0.8408, cls loss: 0.4199  <- domain gap indicator (DA-0 baseline, cls-only)
12-09-26 20:11:38:   epoch 66 batch 0: collate wait 3.1s, fwd+bwd+step 0.3s
12-09-26 20:11:41:   epoch 66 batch 1: collate wait 2.8s, fwd+bwd+step 0.3s
12-09-26 20:11:44:   epoch 66 batch 2: collate wait 3.1s, fwd+bwd+step 0.2s
12-09-26 20:11:47:   epoch 66 batch 3: collate wait 2.7s, fwd+bwd+step 0.2s
12-09-26 20:11:50:   epoch 66 batch 4: collate wait 2.6s, fwd+bwd+step 0.3s
12-09-26 20:11:53:   epoch 66 batch 5: collate wait 2.7s, fwd+bwd+step 0.3s
12-09-26 20:11:56:   epoch 66 batch 6: collate wait 2.9s, fwd+bwd+step 0.3s
12-09-26 20:11:59:   epoch 66 batch 7: collate wait 3.3s, fwd+bwd+step 0.3s
12-09-26 20:12:03:   epoch 66 batch 8: collate wait 3.1s, fwd+bwd+step 0.3s
12-09-26 20:12:06:   epoch 66 batch 9: collate wait 2.5s, fwd+bwd+step 0.2s
12-09-26 20:12:09:   epoch 66 batch 10: collate wait 3.3s, fwd+bwd+step 0.3s
12-09-26 20:12:13:   epoch 66 batch 11: collate wait 3.6s, fwd+bwd+step 0.2s
12-09-26 20:12:17:   epoch 66 batch 12: collate wait 3.5s, fwd+bwd+step 0.3s
12-09-26 20:12:20:   epoch 66 batch 13: collate wait 3.0s, fwd+bwd+step 0.2s
12-09-26 20:12:24:   epoch 66 batch 14: collate wait 3.6s, fwd+bwd+step 0.3s
12-09-26 20:12:27:   epoch 66 batch 15: collate wait 2.9s, fwd+bwd+step 0.3s
12-09-26 20:12:27: Trn - Source 66, cls loss: 0.0027, seg loss: 0.8516, kendall s_cls: -0.7235, s_seg: 0.3853
12-09-26 20:12:35: Val - Source 66, cls acc: 1.0000, cls avg acc: 1.0000, cls loss: 0.0005, seg loss: 0.8695, total loss: 0.4233
12-09-26 20:12:35: Val - Source 66, Tomato seg: loss=1.1674, mIoU=0.3621, acc=0.7238
12-09-26 20:12:35: Val - Source 66, Maize seg: loss=0.7612, mIoU=0.4408, acc=0.8857
12-09-26 20:12:44: Eval(no-train) - Target 66, acc: 0.8889, avg acc: 0.8755, cls loss: 0.2954  <- domain gap indicator (DA-0 baseline, cls-only)
12-09-26 20:12:48:   epoch 67 batch 0: collate wait 3.4s, fwd+bwd+step 0.3s
12-09-26 20:12:51:   epoch 67 batch 1: collate wait 3.0s, fwd+bwd+step 0.3s
12-09-26 20:12:55:   epoch 67 batch 2: collate wait 3.5s, fwd+bwd+step 0.2s
12-09-26 20:12:58:   epoch 67 batch 3: collate wait 2.9s, fwd+bwd+step 0.3s
12-09-26 20:13:01:   epoch 67 batch 4: collate wait 2.9s, fwd+bwd+step 0.3s
12-09-26 20:13:04:   epoch 67 batch 5: collate wait 2.5s, fwd+bwd+step 0.2s
12-09-26 20:13:07:   epoch 67 batch 6: collate wait 3.3s, fwd+bwd+step 0.3s
12-09-26 20:13:10:   epoch 67 batch 7: collate wait 2.6s, fwd+bwd+step 0.3s
12-09-26 20:13:14:   epoch 67 batch 8: collate wait 3.2s, fwd+bwd+step 0.2s
12-09-26 20:13:17:   epoch 67 batch 9: collate wait 3.5s, fwd+bwd+step 0.2s
12-09-26 20:13:21:   epoch 67 batch 10: collate wait 3.1s, fwd+bwd+step 0.3s
12-09-26 20:13:24:   epoch 67 batch 11: collate wait 3.1s, fwd+bwd+step 0.2s
12-09-26 20:13:27:   epoch 67 batch 12: collate wait 2.5s, fwd+bwd+step 0.3s
12-09-26 20:13:30:   epoch 67 batch 13: collate wait 2.9s, fwd+bwd+step 0.3s
12-09-26 20:13:33:   epoch 67 batch 14: collate wait 2.5s, fwd+bwd+step 0.3s
12-09-26 20:13:36:   epoch 67 batch 15: collate wait 3.3s, fwd+bwd+step 0.3s
12-09-26 20:13:36: Trn - Source 67, cls loss: 0.0194, seg loss: 0.8852, kendall s_cls: -0.7272, s_seg: 0.3862
12-09-26 20:13:45: Val - Source 67, cls acc: 1.0000, cls avg acc: 1.0000, cls loss: 0.0004, seg loss: 0.8896, total loss: 0.4349
12-09-26 20:13:45: Val - Source 67, Tomato seg: loss=1.2496, mIoU=0.3686, acc=0.7434
12-09-26 20:13:45: Val - Source 67, Maize seg: loss=0.7587, mIoU=0.4358, acc=0.8791
12-09-26 20:13:53: Eval(no-train) - Target 67, acc: 0.8889, avg acc: 0.8848, cls loss: 0.2610  <- domain gap indicator (DA-0 baseline, cls-only)
12-09-26 20:13:56:   epoch 68 batch 0: collate wait 2.9s, fwd+bwd+step 0.3s
12-09-26 20:14:00:   epoch 68 batch 1: collate wait 3.5s, fwd+bwd+step 0.3s
12-09-26 20:14:03:   epoch 68 batch 2: collate wait 2.6s, fwd+bwd+step 0.3s
12-09-26 20:14:06:   epoch 68 batch 3: collate wait 2.8s, fwd+bwd+step 0.3s
12-09-26 20:14:10:   epoch 68 batch 4: collate wait 3.2s, fwd+bwd+step 0.3s
12-09-26 20:14:13:   epoch 68 batch 5: collate wait 3.0s, fwd+bwd+step 0.3s
12-09-26 20:14:16:   epoch 68 batch 6: collate wait 2.9s, fwd+bwd+step 0.3s
12-09-26 20:14:19:   epoch 68 batch 7: collate wait 3.0s, fwd+bwd+step 0.2s
12-09-26 20:14:22:   epoch 68 batch 8: collate wait 2.6s, fwd+bwd+step 0.3s
12-09-26 20:14:26:   epoch 68 batch 9: collate wait 3.8s, fwd+bwd+step 0.2s
12-09-26 20:14:30:   epoch 68 batch 10: collate wait 3.3s, fwd+bwd+step 0.3s
12-09-26 20:14:33:   epoch 68 batch 11: collate wait 2.6s, fwd+bwd+step 0.3s
12-09-26 20:14:36:   epoch 68 batch 12: collate wait 3.2s, fwd+bwd+step 0.2s
12-09-26 20:14:39:   epoch 68 batch 13: collate wait 3.0s, fwd+bwd+step 0.3s
12-09-26 20:14:43:   epoch 68 batch 14: collate wait 3.3s, fwd+bwd+step 0.2s
12-09-26 20:14:46:   epoch 68 batch 15: collate wait 3.1s, fwd+bwd+step 0.3s
12-09-26 20:14:46: Trn - Source 68, cls loss: 0.0019, seg loss: 0.8624, kendall s_cls: -0.7307, s_seg: 0.3871
12-09-26 20:14:55: Val - Source 68, cls acc: 1.0000, cls avg acc: 1.0000, cls loss: 0.0004, seg loss: 0.8894, total loss: 0.4330
12-09-26 20:14:55: Val - Source 68, Tomato seg: loss=1.2668, mIoU=0.3658, acc=0.7377
12-09-26 20:14:55: Val - Source 68, Maize seg: loss=0.7521, mIoU=0.4225, acc=0.8696
12-09-26 20:15:03: Eval(no-train) - Target 68, acc: 0.7460, avg acc: 0.7723, cls loss: 0.4084  <- domain gap indicator (DA-0 baseline, cls-only)
12-09-26 20:15:07:   epoch 69 batch 0: collate wait 3.2s, fwd+bwd+step 0.3s
12-09-26 20:15:10:   epoch 69 batch 1: collate wait 3.2s, fwd+bwd+step 0.3s
12-09-26 20:15:14:   epoch 69 batch 2: collate wait 3.0s, fwd+bwd+step 0.3s
12-09-26 20:15:17:   epoch 69 batch 3: collate wait 2.9s, fwd+bwd+step 0.2s
12-09-26 20:15:20:   epoch 69 batch 4: collate wait 3.3s, fwd+bwd+step 0.2s
12-09-26 20:15:24:   epoch 69 batch 5: collate wait 3.1s, fwd+bwd+step 0.3s
12-09-26 20:15:27:   epoch 69 batch 6: collate wait 3.0s, fwd+bwd+step 0.3s
12-09-26 20:15:31:   epoch 69 batch 7: collate wait 3.6s, fwd+bwd+step 0.3s
12-09-26 20:15:34:   epoch 69 batch 8: collate wait 2.9s, fwd+bwd+step 0.3s
12-09-26 20:15:37:   epoch 69 batch 9: collate wait 3.1s, fwd+bwd+step 0.3s
12-09-26 20:15:40:   epoch 69 batch 10: collate wait 2.9s, fwd+bwd+step 0.3s
12-09-26 20:15:44:   epoch 69 batch 11: collate wait 3.0s, fwd+bwd+step 0.2s
12-09-26 20:15:47:   epoch 69 batch 12: collate wait 3.6s, fwd+bwd+step 0.3s
12-09-26 20:15:50:   epoch 69 batch 13: collate wait 2.7s, fwd+bwd+step 0.3s
12-09-26 20:15:54:   epoch 69 batch 14: collate wait 3.1s, fwd+bwd+step 0.2s
12-09-26 20:15:57:   epoch 69 batch 15: collate wait 2.9s, fwd+bwd+step 0.3s
12-09-26 20:15:57: Trn - Source 69, cls loss: 0.0047, seg loss: 0.8261, kendall s_cls: -0.7341, s_seg: 0.3878
12-09-26 20:16:05: Val - Source 69, cls acc: 1.0000, cls avg acc: 1.0000, cls loss: 0.0005, seg loss: 0.9460, total loss: 0.4699
12-09-26 20:16:05: Val - Source 69, Tomato seg: loss=1.1807, mIoU=0.3562, acc=0.7193
12-09-26 20:16:05: Val - Source 69, Maize seg: loss=0.8607, mIoU=0.4357, acc=0.8781
12-09-26 20:16:14: Eval(no-train) - Target 69, acc: 0.7619, avg acc: 0.7940, cls loss: 0.4908  <- domain gap indicator (DA-0 baseline, cls-only)
12-09-26 20:16:17:   epoch 70 batch 0: collate wait 2.9s, fwd+bwd+step 0.2s
12-09-26 20:16:20:   epoch 70 batch 1: collate wait 2.4s, fwd+bwd+step 0.2s
12-09-26 20:16:23:   epoch 70 batch 2: collate wait 3.1s, fwd+bwd+step 0.3s
12-09-26 20:16:27:   epoch 70 batch 3: collate wait 3.2s, fwd+bwd+step 0.2s
12-09-26 20:16:30:   epoch 70 batch 4: collate wait 3.5s, fwd+bwd+step 0.3s
12-09-26 20:16:34:   epoch 70 batch 5: collate wait 2.9s, fwd+bwd+step 0.3s
12-09-26 20:16:36:   epoch 70 batch 6: collate wait 2.5s, fwd+bwd+step 0.2s
12-09-26 20:16:40:   epoch 70 batch 7: collate wait 3.1s, fwd+bwd+step 0.2s
12-09-26 20:16:42:   epoch 70 batch 8: collate wait 2.6s, fwd+bwd+step 0.3s
12-09-26 20:16:46:   epoch 70 batch 9: collate wait 3.0s, fwd+bwd+step 0.3s
12-09-26 20:16:49:   epoch 70 batch 10: collate wait 3.2s, fwd+bwd+step 0.3s
12-09-26 20:16:56:   epoch 70 batch 11: collate wait 4.2s, fwd+bwd+step 2.1s
12-09-26 20:16:59:   epoch 70 batch 12: collate wait 3.0s, fwd+bwd+step 0.3s
12-09-26 20:17:02:   epoch 70 batch 13: collate wait 3.3s, fwd+bwd+step 0.2s
12-09-26 20:17:06:   epoch 70 batch 14: collate wait 3.7s, fwd+bwd+step 0.2s
12-09-26 20:17:10:   epoch 70 batch 15: collate wait 3.4s, fwd+bwd+step 0.3s
12-09-26 20:17:10: Trn - Source 70, cls loss: 0.0023, seg loss: 0.8561, kendall s_cls: -0.7373, s_seg: 0.3884
12-09-26 20:17:19: Val - Source 70, cls acc: 1.0000, cls avg acc: 1.0000, cls loss: 0.0004, seg loss: 0.8187, total loss: 0.3816
12-09-26 20:17:19: Val - Source 70, Tomato seg: loss=1.0451, mIoU=0.3669, acc=0.7302
12-09-26 20:17:19: Val - Source 70, Maize seg: loss=0.7364, mIoU=0.4312, acc=0.8726
12-09-26 20:17:28: Eval(no-train) - Target 70, acc: 0.8095, avg acc: 0.8408, cls loss: 0.3425  <- domain gap indicator (DA-0 baseline, cls-only)
12-09-26 20:17:35:   epoch 71 batch 0: collate wait 3.4s, fwd+bwd+step 3.5s
12-09-26 20:17:39:   epoch 71 batch 1: collate wait 3.4s, fwd+bwd+step 0.3s
12-09-26 20:17:42:   epoch 71 batch 2: collate wait 3.1s, fwd+bwd+step 0.3s
12-09-26 20:17:45:   epoch 71 batch 3: collate wait 3.1s, fwd+bwd+step 0.3s
12-09-26 20:17:48:   epoch 71 batch 4: collate wait 2.9s, fwd+bwd+step 0.3s
12-09-26 20:17:52:   epoch 71 batch 5: collate wait 3.4s, fwd+bwd+step 0.3s
12-09-26 20:17:56:   epoch 71 batch 6: collate wait 3.4s, fwd+bwd+step 0.3s
12-09-26 20:17:59:   epoch 71 batch 7: collate wait 3.4s, fwd+bwd+step 0.3s
12-09-26 20:18:03:   epoch 71 batch 8: collate wait 3.0s, fwd+bwd+step 0.3s
12-09-26 20:18:06:   epoch 71 batch 9: collate wait 3.0s, fwd+bwd+step 0.3s
12-09-26 20:18:09:   epoch 71 batch 10: collate wait 3.4s, fwd+bwd+step 0.3s
12-09-26 20:18:12:   epoch 71 batch 11: collate wait 2.6s, fwd+bwd+step 0.2s
12-09-26 20:18:16:   epoch 71 batch 12: collate wait 3.3s, fwd+bwd+step 0.3s
12-09-26 20:18:20:   epoch 71 batch 13: collate wait 3.5s, fwd+bwd+step 0.3s
12-09-26 20:18:23:   epoch 71 batch 14: collate wait 3.4s, fwd+bwd+step 0.3s
12-09-26 20:18:27:   epoch 71 batch 15: collate wait 3.6s, fwd+bwd+step 0.3s
12-09-26 20:18:27: Trn - Source 71, cls loss: 0.0051, seg loss: 0.8561, kendall s_cls: -0.7403, s_seg: 0.3891
12-09-26 20:18:35: Val - Source 71, cls acc: 1.0000, cls avg acc: 1.0000, cls loss: 0.0006, seg loss: 0.8339, total loss: 0.3908
12-09-26 20:18:35: Val - Source 71, Tomato seg: loss=1.1239, mIoU=0.3660, acc=0.7327
12-09-26 20:18:35: Val - Source 71, Maize seg: loss=0.7285, mIoU=0.4322, acc=0.8753
12-09-26 20:18:44: Eval(no-train) - Target 71, acc: 0.5714, avg acc: 0.6625, cls loss: 0.9004  <- domain gap indicator (DA-0 baseline, cls-only)
12-09-26 20:18:47:   epoch 72 batch 0: collate wait 3.0s, fwd+bwd+step 0.3s
12-09-26 20:18:51:   epoch 72 batch 1: collate wait 2.9s, fwd+bwd+step 0.3s
12-09-26 20:18:54:   epoch 72 batch 2: collate wait 3.5s, fwd+bwd+step 0.3s
12-09-26 20:18:58:   epoch 72 batch 3: collate wait 3.1s, fwd+bwd+step 0.2s
12-09-26 20:19:01:   epoch 72 batch 4: collate wait 3.1s, fwd+bwd+step 0.3s
12-09-26 20:19:04:   epoch 72 batch 5: collate wait 2.4s, fwd+bwd+step 0.3s
12-09-26 20:19:07:   epoch 72 batch 6: collate wait 2.8s, fwd+bwd+step 0.3s
12-09-26 20:19:10:   epoch 72 batch 7: collate wait 2.7s, fwd+bwd+step 0.3s
12-09-26 20:19:13:   epoch 72 batch 8: collate wait 3.2s, fwd+bwd+step 0.3s
12-09-26 20:19:16:   epoch 72 batch 9: collate wait 2.7s, fwd+bwd+step 0.3s
12-09-26 20:19:21:   epoch 72 batch 10: collate wait 4.2s, fwd+bwd+step 0.9s
12-09-26 20:19:25:   epoch 72 batch 11: collate wait 3.6s, fwd+bwd+step 0.3s
12-09-26 20:19:29:   epoch 72 batch 12: collate wait 3.3s, fwd+bwd+step 0.3s
12-09-26 20:19:32:   epoch 72 batch 13: collate wait 3.4s, fwd+bwd+step 0.3s
12-09-26 20:19:36:   epoch 72 batch 14: collate wait 3.3s, fwd+bwd+step 0.3s
12-09-26 20:19:39:   epoch 72 batch 15: collate wait 3.1s, fwd+bwd+step 0.2s
12-09-26 20:19:39: Trn - Source 72, cls loss: 0.0028, seg loss: 0.8246, kendall s_cls: -0.7431, s_seg: 0.3896
12-09-26 20:19:49: Val - Source 72, cls acc: 1.0000, cls avg acc: 1.0000, cls loss: 0.0004, seg loss: 0.9070, total loss: 0.4384
12-09-26 20:19:49: Val - Source 72, Tomato seg: loss=1.2533, mIoU=0.3680, acc=0.7417
12-09-26 20:19:49: Val - Source 72, Maize seg: loss=0.7811, mIoU=0.4336, acc=0.8792
12-09-26 20:19:59: Eval(no-train) - Target 72, acc: 0.4921, avg acc: 0.6000, cls loss: 1.1230  <- domain gap indicator (DA-0 baseline, cls-only)
12-09-26 20:20:03:   epoch 73 batch 0: collate wait 3.1s, fwd+bwd+step 1.2s
12-09-26 20:20:06:   epoch 73 batch 1: collate wait 2.9s, fwd+bwd+step 0.3s
12-09-26 20:20:10:   epoch 73 batch 2: collate wait 3.6s, fwd+bwd+step 0.2s
12-09-26 20:20:13:   epoch 73 batch 3: collate wait 2.9s, fwd+bwd+step 0.3s
12-09-26 20:20:17:   epoch 73 batch 4: collate wait 3.3s, fwd+bwd+step 0.2s
12-09-26 20:20:20:   epoch 73 batch 5: collate wait 3.3s, fwd+bwd+step 0.3s
12-09-26 20:20:28:   epoch 73 batch 6: collate wait 4.8s, fwd+bwd+step 2.8s
12-09-26 20:20:32:   epoch 73 batch 7: collate wait 3.6s, fwd+bwd+step 0.3s
12-09-26 20:20:36:   epoch 73 batch 8: collate wait 3.8s, fwd+bwd+step 0.2s
12-09-26 20:20:39:   epoch 73 batch 9: collate wait 3.3s, fwd+bwd+step 0.3s
12-09-26 20:20:43:   epoch 73 batch 10: collate wait 3.1s, fwd+bwd+step 0.3s
12-09-26 20:20:46:   epoch 73 batch 11: collate wait 3.0s, fwd+bwd+step 0.3s
12-09-26 20:20:50:   epoch 73 batch 12: collate wait 3.5s, fwd+bwd+step 0.3s
12-09-26 20:20:53:   epoch 73 batch 13: collate wait 3.2s, fwd+bwd+step 0.3s
12-09-26 20:20:56:   epoch 73 batch 14: collate wait 2.9s, fwd+bwd+step 0.3s
12-09-26 20:20:59:   epoch 73 batch 15: collate wait 2.9s, fwd+bwd+step 0.2s
12-09-26 20:21:00: Trn - Source 73, cls loss: 0.0016, seg loss: 0.8500, kendall s_cls: -0.7457, s_seg: 0.3902
12-09-26 20:21:11: Val - Source 73, cls acc: 1.0000, cls avg acc: 1.0000, cls loss: 0.0004, seg loss: 0.7953, total loss: 0.3615
12-09-26 20:21:11: Val - Source 73, Tomato seg: loss=1.1361, mIoU=0.3674, acc=0.7387
12-09-26 20:21:11: Val - Source 73, Maize seg: loss=0.6714, mIoU=0.4430, acc=0.8779
12-09-26 20:21:20: Eval(no-train) - Target 73, acc: 0.5556, avg acc: 0.6500, cls loss: 0.9977  <- domain gap indicator (DA-0 baseline, cls-only)
12-09-26 20:21:26:   epoch 74 batch 0: collate wait 3.5s, fwd+bwd+step 1.5s
12-09-26 20:21:30:   epoch 74 batch 1: collate wait 3.6s, fwd+bwd+step 0.3s
12-09-26 20:21:36:   epoch 74 batch 2: collate wait 4.6s, fwd+bwd+step 2.0s
12-09-26 20:21:40:   epoch 74 batch 3: collate wait 3.2s, fwd+bwd+step 0.3s
12-09-26 20:21:43:   epoch 74 batch 4: collate wait 3.4s, fwd+bwd+step 0.3s
12-09-26 20:21:47:   epoch 74 batch 5: collate wait 2.9s, fwd+bwd+step 0.3s
12-09-26 20:21:50:   epoch 74 batch 6: collate wait 3.1s, fwd+bwd+step 0.3s
12-09-26 20:21:53:   epoch 74 batch 7: collate wait 2.8s, fwd+bwd+step 0.3s
12-09-26 20:21:57:   epoch 74 batch 8: collate wait 3.2s, fwd+bwd+step 0.3s
12-09-26 20:22:00:   epoch 74 batch 9: collate wait 3.5s, fwd+bwd+step 0.3s
12-09-26 20:22:09:   epoch 74 batch 10: collate wait 4.7s, fwd+bwd+step 3.6s
12-09-26 20:22:13:   epoch 74 batch 11: collate wait 4.0s, fwd+bwd+step 0.3s
12-09-26 20:22:16:   epoch 74 batch 12: collate wait 3.3s, fwd+bwd+step 0.2s
12-09-26 20:22:20:   epoch 74 batch 13: collate wait 3.1s, fwd+bwd+step 0.3s
12-09-26 20:22:23:   epoch 74 batch 14: collate wait 3.0s, fwd+bwd+step 0.3s
12-09-26 20:22:26:   epoch 74 batch 15: collate wait 3.0s, fwd+bwd+step 0.3s
12-09-26 20:22:26: Trn - Source 74, cls loss: 0.0074, seg loss: 0.8632, kendall s_cls: -0.7481, s_seg: 0.3907
12-09-26 20:22:35: Val - Source 74, cls acc: 1.0000, cls avg acc: 1.0000, cls loss: 0.0005, seg loss: 0.8084, total loss: 0.3694
12-09-26 20:22:35: Val - Source 74, Tomato seg: loss=1.1627, mIoU=0.3841, acc=0.7656
12-09-26 20:22:35: Val - Source 74, Maize seg: loss=0.6796, mIoU=0.4408, acc=0.8819
12-09-26 20:22:47: Eval(no-train) - Target 74, acc: 0.5714, avg acc: 0.6625, cls loss: 0.9236  <- domain gap indicator (DA-0 baseline, cls-only)
12-09-26 20:22:52:   epoch 75 batch 0: collate wait 4.0s, fwd+bwd+step 0.5s
12-09-26 20:22:54:   epoch 75 batch 1: collate wait 2.5s, fwd+bwd+step 0.2s
12-09-26 20:22:58:   epoch 75 batch 2: collate wait 3.3s, fwd+bwd+step 0.3s
12-09-26 20:23:01:   epoch 75 batch 3: collate wait 3.2s, fwd+bwd+step 0.3s
12-09-26 20:23:04:   epoch 75 batch 4: collate wait 2.8s, fwd+bwd+step 0.3s
12-09-26 20:23:08:   epoch 75 batch 5: collate wait 3.3s, fwd+bwd+step 0.3s
12-09-26 20:23:12:   epoch 75 batch 6: collate wait 3.4s, fwd+bwd+step 0.3s
12-09-26 20:23:19:   epoch 75 batch 7: collate wait 4.8s, fwd+bwd+step 2.5s
12-09-26 20:23:24:   epoch 75 batch 8: collate wait 4.3s, fwd+bwd+step 0.3s
12-09-26 20:23:27:   epoch 75 batch 9: collate wait 3.4s, fwd+bwd+step 0.3s
12-09-26 20:23:31:   epoch 75 batch 10: collate wait 3.4s, fwd+bwd+step 0.3s
12-09-26 20:23:34:   epoch 75 batch 11: collate wait 3.0s, fwd+bwd+step 0.3s
12-09-26 20:23:38:   epoch 75 batch 12: collate wait 3.5s, fwd+bwd+step 0.3s
12-09-26 20:23:41:   epoch 75 batch 13: collate wait 2.9s, fwd+bwd+step 0.3s
12-09-26 20:23:45:   epoch 75 batch 14: collate wait 3.5s, fwd+bwd+step 0.3s
12-09-26 20:23:53:   epoch 75 batch 15: collate wait 4.6s, fwd+bwd+step 3.7s
12-09-26 20:23:53: Trn - Source 75, cls loss: 0.0063, seg loss: 0.8465, kendall s_cls: -0.7504, s_seg: 0.3912
12-09-26 20:24:02: Val - Source 75, cls acc: 1.0000, cls avg acc: 1.0000, cls loss: 0.0005, seg loss: 0.7913, total loss: 0.3565
12-09-26 20:24:02: Val - Source 75, Tomato seg: loss=1.1105, mIoU=0.3795, acc=0.7528
12-09-26 20:24:02: Val - Source 75, Maize seg: loss=0.6752, mIoU=0.4352, acc=0.8738
12-09-26 20:24:11: Eval(no-train) - Target 75, acc: 0.5714, avg acc: 0.6625, cls loss: 1.0264  <- domain gap indicator (DA-0 baseline, cls-only)
12-09-26 20:24:15:   epoch 76 batch 0: collate wait 3.2s, fwd+bwd+step 0.2s
12-09-26 20:24:18:   epoch 76 batch 1: collate wait 3.4s, fwd+bwd+step 0.3s
12-09-26 20:24:23:   epoch 76 batch 2: collate wait 2.9s, fwd+bwd+step 1.8s
12-09-26 20:24:27:   epoch 76 batch 3: collate wait 3.2s, fwd+bwd+step 0.5s
12-09-26 20:24:30:   epoch 76 batch 4: collate wait 3.1s, fwd+bwd+step 0.3s
12-09-26 20:24:34:   epoch 76 batch 5: collate wait 3.5s, fwd+bwd+step 0.2s
12-09-26 20:24:37:   epoch 76 batch 6: collate wait 3.1s, fwd+bwd+step 0.3s
12-09-26 20:24:40:   epoch 76 batch 7: collate wait 2.9s, fwd+bwd+step 0.3s
12-09-26 20:24:45:   epoch 76 batch 8: collate wait 3.8s, fwd+bwd+step 0.3s
12-09-26 20:24:49:   epoch 76 batch 9: collate wait 3.7s, fwd+bwd+step 0.3s
12-09-26 20:24:52:   epoch 76 batch 10: collate wait 3.1s, fwd+bwd+step 0.3s
12-09-26 20:24:56:   epoch 76 batch 11: collate wait 3.7s, fwd+bwd+step 0.3s
12-09-26 20:25:02:   epoch 76 batch 12: collate wait 3.2s, fwd+bwd+step 3.3s
12-09-26 20:25:05:   epoch 76 batch 13: collate wait 2.9s, fwd+bwd+step 0.2s
12-09-26 20:25:09:   epoch 76 batch 14: collate wait 3.2s, fwd+bwd+step 0.3s
12-09-26 20:25:13:   epoch 76 batch 15: collate wait 3.9s, fwd+bwd+step 0.2s
12-09-26 20:25:13: Trn - Source 76, cls loss: 0.0026, seg loss: 0.8359, kendall s_cls: -0.7525, s_seg: 0.3916
12-09-26 20:25:23: Val - Source 76, cls acc: 1.0000, cls avg acc: 1.0000, cls loss: 0.0005, seg loss: 0.8164, total loss: 0.3724
12-09-26 20:25:23: Val - Source 76, Tomato seg: loss=1.0905, mIoU=0.3842, acc=0.7639
12-09-26 20:25:23: Val - Source 76, Maize seg: loss=0.7168, mIoU=0.4440, acc=0.8823
12-09-26 20:25:35: Eval(no-train) - Target 76, acc: 0.5238, avg acc: 0.6250, cls loss: 0.9231  <- domain gap indicator (DA-0 baseline, cls-only)
12-09-26 20:25:41:   epoch 77 batch 0: collate wait 3.4s, fwd+bwd+step 2.2s
12-09-26 20:25:44:   epoch 77 batch 1: collate wait 3.0s, fwd+bwd+step 0.2s
12-09-26 20:25:48:   epoch 77 batch 2: collate wait 3.5s, fwd+bwd+step 0.3s
12-09-26 20:25:52:   epoch 77 batch 3: collate wait 3.4s, fwd+bwd+step 0.2s
12-09-26 20:25:55:   epoch 77 batch 4: collate wait 2.8s, fwd+bwd+step 0.2s
12-09-26 20:25:59:   epoch 77 batch 5: collate wait 3.1s, fwd+bwd+step 0.9s
12-09-26 20:26:02:   epoch 77 batch 6: collate wait 3.3s, fwd+bwd+step 0.3s
12-09-26 20:26:06:   epoch 77 batch 7: collate wait 3.1s, fwd+bwd+step 0.3s
12-09-26 20:26:09:   epoch 77 batch 8: collate wait 3.3s, fwd+bwd+step 0.3s
12-09-26 20:26:13:   epoch 77 batch 9: collate wait 3.2s, fwd+bwd+step 0.3s
12-09-26 20:26:16:   epoch 77 batch 10: collate wait 2.7s, fwd+bwd+step 0.2s
12-09-26 20:26:19:   epoch 77 batch 11: collate wait 3.1s, fwd+bwd+step 0.3s
12-09-26 20:26:23:   epoch 77 batch 12: collate wait 3.4s, fwd+bwd+step 0.3s
12-09-26 20:26:33:   epoch 77 batch 13: collate wait 5.7s, fwd+bwd+step 5.1s
12-09-26 20:26:37:   epoch 77 batch 14: collate wait 3.2s, fwd+bwd+step 0.3s
12-09-26 20:26:40:   epoch 77 batch 15: collate wait 2.8s, fwd+bwd+step 0.3s
12-09-26 20:26:40: Trn - Source 77, cls loss: 0.0060, seg loss: 0.8588, kendall s_cls: -0.7544, s_seg: 0.3921
12-09-26 20:26:49: Val - Source 77, cls acc: 1.0000, cls avg acc: 1.0000, cls loss: 0.0003, seg loss: 0.8310, total loss: 0.3809
12-09-26 20:26:49: Val - Source 77, Tomato seg: loss=1.1071, mIoU=0.3882, acc=0.7701
12-09-26 20:26:49: Val - Source 77, Maize seg: loss=0.7307, mIoU=0.4440, acc=0.8838
12-09-26 20:26:58: Eval(no-train) - Target 77, acc: 0.5873, avg acc: 0.6750, cls loss: 0.7823  <- domain gap indicator (DA-0 baseline, cls-only)
12-09-26 20:27:01:   epoch 78 batch 0: collate wait 2.7s, fwd+bwd+step 0.3s
12-09-26 20:27:05:   epoch 78 batch 1: collate wait 2.9s, fwd+bwd+step 0.9s
12-09-26 20:27:08:   epoch 78 batch 2: collate wait 2.6s, fwd+bwd+step 0.3s
12-09-26 20:27:11:   epoch 78 batch 3: collate wait 3.0s, fwd+bwd+step 0.3s
12-09-26 20:27:15:   epoch 78 batch 4: collate wait 3.4s, fwd+bwd+step 0.3s
12-09-26 20:27:18:   epoch 78 batch 5: collate wait 2.8s, fwd+bwd+step 0.2s
12-09-26 20:27:21:   epoch 78 batch 6: collate wait 3.4s, fwd+bwd+step 0.2s
12-09-26 20:27:25:   epoch 78 batch 7: collate wait 3.1s, fwd+bwd+step 0.3s
12-09-26 20:27:29:   epoch 78 batch 8: collate wait 3.5s, fwd+bwd+step 0.2s
12-09-26 20:27:32:   epoch 78 batch 9: collate wait 3.4s, fwd+bwd+step 0.2s
12-09-26 20:27:44:   epoch 78 batch 10: collate wait 4.7s, fwd+bwd+step 6.8s
12-09-26 20:27:48:   epoch 78 batch 11: collate wait 3.6s, fwd+bwd+step 0.3s
12-09-26 20:27:51:   epoch 78 batch 12: collate wait 3.0s, fwd+bwd+step 0.3s
12-09-26 20:27:54:   epoch 78 batch 13: collate wait 2.9s, fwd+bwd+step 0.3s
12-09-26 20:27:58:   epoch 78 batch 14: collate wait 3.4s, fwd+bwd+step 0.2s
12-09-26 20:28:01:   epoch 78 batch 15: collate wait 3.3s, fwd+bwd+step 0.3s
12-09-26 20:28:01: Trn - Source 78, cls loss: 0.0020, seg loss: 0.8248, kendall s_cls: -0.7562, s_seg: 0.3924
12-09-26 20:28:10: Val - Source 78, cls acc: 1.0000, cls avg acc: 1.0000, cls loss: 0.0005, seg loss: 0.7804, total loss: 0.3463
12-09-26 20:28:10: Val - Source 78, Tomato seg: loss=1.1040, mIoU=0.3719, acc=0.7498
12-09-26 20:28:10: Val - Source 78, Maize seg: loss=0.6627, mIoU=0.4420, acc=0.8788
12-09-26 20:28:20: Eval(no-train) - Target 78, acc: 0.4762, avg acc: 0.5875, cls loss: 1.5587  <- domain gap indicator (DA-0 baseline, cls-only)
12-09-26 20:28:25:   epoch 79 batch 0: collate wait 3.2s, fwd+bwd+step 1.0s
12-09-26 20:28:28:   epoch 79 batch 1: collate wait 3.1s, fwd+bwd+step 0.3s
12-09-26 20:28:31:   epoch 79 batch 2: collate wait 3.0s, fwd+bwd+step 0.3s
12-09-26 20:28:35:   epoch 79 batch 3: collate wait 3.4s, fwd+bwd+step 0.2s
12-09-26 20:28:38:   epoch 79 batch 4: collate wait 3.2s, fwd+bwd+step 0.3s
12-09-26 20:28:41:   epoch 79 batch 5: collate wait 2.6s, fwd+bwd+step 0.3s
12-09-26 20:28:52:   epoch 79 batch 6: collate wait 4.9s, fwd+bwd+step 5.6s
12-09-26 20:28:56:   epoch 79 batch 7: collate wait 3.4s, fwd+bwd+step 0.3s
12-09-26 20:28:59:   epoch 79 batch 8: collate wait 2.9s, fwd+bwd+step 0.3s
12-09-26 20:29:03:   epoch 79 batch 9: collate wait 3.6s, fwd+bwd+step 0.3s
12-09-26 20:29:06:   epoch 79 batch 10: collate wait 3.3s, fwd+bwd+step 0.3s
12-09-26 20:29:09:   epoch 79 batch 11: collate wait 2.7s, fwd+bwd+step 0.2s
12-09-26 20:29:13:   epoch 79 batch 12: collate wait 3.2s, fwd+bwd+step 0.2s
12-09-26 20:29:16:   epoch 79 batch 13: collate wait 3.4s, fwd+bwd+step 0.3s
12-09-26 20:29:19:   epoch 79 batch 14: collate wait 2.9s, fwd+bwd+step 0.2s
12-09-26 20:29:24:   epoch 79 batch 15: collate wait 3.2s, fwd+bwd+step 1.0s
12-09-26 20:29:24: Trn - Source 79, cls loss: 0.0050, seg loss: 0.8427, kendall s_cls: -0.7579, s_seg: 0.3927
12-09-26 20:29:33: Val - Source 79, cls acc: 1.0000, cls avg acc: 1.0000, cls loss: 0.0003, seg loss: 0.7924, total loss: 0.3531
12-09-26 20:29:33: Val - Source 79, Tomato seg: loss=1.1166, mIoU=0.3818, acc=0.7668
12-09-26 20:29:33: Val - Source 79, Maize seg: loss=0.6746, mIoU=0.4426, acc=0.8786
12-09-26 20:29:42: Eval(no-train) - Target 79, acc: 0.4921, avg acc: 0.6000, cls loss: 1.6348  <- domain gap indicator (DA-0 baseline, cls-only)
12-09-26 20:29:46:   epoch 80 batch 0: collate wait 3.5s, fwd+bwd+step 0.3s
12-09-26 20:29:50:   epoch 80 batch 1: collate wait 3.7s, fwd+bwd+step 0.2s
12-09-26 20:30:00:   epoch 80 batch 2: collate wait 4.8s, fwd+bwd+step 5.5s
12-09-26 20:30:04:   epoch 80 batch 3: collate wait 3.7s, fwd+bwd+step 0.3s
12-09-26 20:30:08:   epoch 80 batch 4: collate wait 3.4s, fwd+bwd+step 0.3s
12-09-26 20:30:11:   epoch 80 batch 5: collate wait 3.1s, fwd+bwd+step 0.3s
12-09-26 20:30:16:   epoch 80 batch 6: collate wait 3.4s, fwd+bwd+step 1.0s
12-09-26 20:30:19:   epoch 80 batch 7: collate wait 3.0s, fwd+bwd+step 0.3s
12-09-26 20:30:22:   epoch 80 batch 8: collate wait 3.1s, fwd+bwd+step 0.3s
12-09-26 20:30:25:   epoch 80 batch 9: collate wait 2.6s, fwd+bwd+step 0.3s
12-09-26 20:30:29:   epoch 80 batch 10: collate wait 3.5s, fwd+bwd+step 0.3s
12-09-26 20:30:32:   epoch 80 batch 11: collate wait 3.3s, fwd+bwd+step 0.3s
12-09-26 20:30:36:   epoch 80 batch 12: collate wait 3.3s, fwd+bwd+step 0.3s
12-09-26 20:30:42:   epoch 80 batch 13: collate wait 3.7s, fwd+bwd+step 2.1s
12-09-26 20:30:50:   epoch 80 batch 14: collate wait 3.0s, fwd+bwd+step 5.3s
12-09-26 20:30:59:   epoch 80 batch 15: collate wait 4.7s, fwd+bwd+step 4.4s
12-09-26 20:30:59: Trn - Source 80, cls loss: 0.0012, seg loss: 0.8412, kendall s_cls: -0.7593, s_seg: 0.3931
12-09-26 20:31:13: Val - Source 80, cls acc: 1.0000, cls avg acc: 1.0000, cls loss: 0.0005, seg loss: 0.8144, total loss: 0.3676
12-09-26 20:31:13: Val - Source 80, Tomato seg: loss=1.0975, mIoU=0.3698, acc=0.7477
12-09-26 20:31:13: Val - Source 80, Maize seg: loss=0.7115, mIoU=0.4385, acc=0.8781
12-09-26 20:31:24: Eval(no-train) - Target 80, acc: 0.4603, avg acc: 0.5750, cls loss: 1.9003  <- domain gap indicator (DA-0 baseline, cls-only)
12-09-26 20:31:28:   epoch 81 batch 0: collate wait 3.7s, fwd+bwd+step 1.1s
12-09-26 20:31:31:   epoch 81 batch 1: collate wait 2.8s, fwd+bwd+step 0.3s
12-09-26 20:31:35:   epoch 81 batch 2: collate wait 3.7s, fwd+bwd+step 0.3s
12-09-26 20:31:40:   epoch 81 batch 3: collate wait 2.9s, fwd+bwd+step 1.5s
12-09-26 20:31:44:   epoch 81 batch 4: collate wait 3.8s, fwd+bwd+step 0.3s
12-09-26 20:31:47:   epoch 81 batch 5: collate wait 2.9s, fwd+bwd+step 0.2s
12-09-26 20:31:51:   epoch 81 batch 6: collate wait 3.5s, fwd+bwd+step 0.3s
12-09-26 20:31:54:   epoch 81 batch 7: collate wait 3.1s, fwd+bwd+step 0.2s
12-09-26 20:31:57:   epoch 81 batch 8: collate wait 3.2s, fwd+bwd+step 0.3s
12-09-26 20:32:01:   epoch 81 batch 9: collate wait 3.7s, fwd+bwd+step 0.2s
12-09-26 20:32:05:   epoch 81 batch 10: collate wait 3.3s, fwd+bwd+step 0.3s
12-09-26 20:32:08:   epoch 81 batch 11: collate wait 3.0s, fwd+bwd+step 0.3s
12-09-26 20:32:12:   epoch 81 batch 12: collate wait 3.2s, fwd+bwd+step 0.5s
12-09-26 20:32:15:   epoch 81 batch 13: collate wait 3.4s, fwd+bwd+step 0.2s
12-09-26 20:32:19:   epoch 81 batch 14: collate wait 3.5s, fwd+bwd+step 0.3s
12-09-26 20:32:23:   epoch 81 batch 15: collate wait 3.5s, fwd+bwd+step 0.2s
12-09-26 20:32:23: Trn - Source 81, cls loss: 0.1013, seg loss: 0.8831, kendall s_cls: -0.7604, s_seg: 0.3934
12-09-26 20:32:32: Val - Source 81, cls acc: 1.0000, cls avg acc: 1.0000, cls loss: 0.0003, seg loss: 0.8431, total loss: 0.3861
12-09-26 20:32:32: Val - Source 81, Tomato seg: loss=1.1961, mIoU=0.3756, acc=0.7619
12-09-26 20:32:32: Val - Source 81, Maize seg: loss=0.7147, mIoU=0.4409, acc=0.8796
12-09-26 20:32:40: Eval(no-train) - Target 81, acc: 0.5079, avg acc: 0.6033, cls loss: 1.1750  <- domain gap indicator (DA-0 baseline, cls-only)
12-09-26 20:32:44:   epoch 82 batch 0: collate wait 3.3s, fwd+bwd+step 0.2s
12-09-26 20:32:47:   epoch 82 batch 1: collate wait 2.6s, fwd+bwd+step 0.3s
12-09-26 20:32:50:   epoch 82 batch 2: collate wait 3.1s, fwd+bwd+step 0.3s
12-09-26 20:32:54:   epoch 82 batch 3: collate wait 3.1s, fwd+bwd+step 0.3s
12-09-26 20:32:58:   epoch 82 batch 4: collate wait 3.7s, fwd+bwd+step 0.3s
12-09-26 20:33:02:   epoch 82 batch 5: collate wait 3.4s, fwd+bwd+step 1.5s
12-09-26 20:33:06:   epoch 82 batch 6: collate wait 3.4s, fwd+bwd+step 0.3s
12-09-26 20:33:10:   epoch 82 batch 7: collate wait 3.3s, fwd+bwd+step 0.3s
12-09-26 20:33:13:   epoch 82 batch 8: collate wait 3.3s, fwd+bwd+step 0.3s
12-09-26 20:33:17:   epoch 82 batch 9: collate wait 3.4s, fwd+bwd+step 0.2s
12-09-26 20:33:21:   epoch 82 batch 10: collate wait 3.7s, fwd+bwd+step 0.2s
12-09-26 20:33:23:   epoch 82 batch 11: collate wait 2.4s, fwd+bwd+step 0.3s
12-09-26 20:33:28:   epoch 82 batch 12: collate wait 3.9s, fwd+bwd+step 0.4s
12-09-26 20:33:31:   epoch 82 batch 13: collate wait 2.9s, fwd+bwd+step 0.3s
12-09-26 20:33:35:   epoch 82 batch 14: collate wait 3.5s, fwd+bwd+step 0.5s
12-09-26 20:33:38:   epoch 82 batch 15: collate wait 3.1s, fwd+bwd+step 0.2s
12-09-26 20:33:38: Trn - Source 82, cls loss: 0.0089, seg loss: 0.8710, kendall s_cls: -0.7614, s_seg: 0.3937
12-09-26 20:33:47: Val - Source 82, cls acc: 1.0000, cls avg acc: 1.0000, cls loss: 0.0004, seg loss: 0.8805, total loss: 0.4110
12-09-26 20:33:47: Val - Source 82, Tomato seg: loss=1.2798, mIoU=0.3869, acc=0.7726
12-09-26 20:33:47: Val - Source 82, Maize seg: loss=0.7353, mIoU=0.4425, acc=0.8801
12-09-26 20:33:56: Eval(no-train) - Target 82, acc: 0.5238, avg acc: 0.6250, cls loss: 1.1916  <- domain gap indicator (DA-0 baseline, cls-only)
12-09-26 20:34:00:   epoch 83 batch 0: collate wait 3.7s, fwd+bwd+step 0.3s
12-09-26 20:34:04:   epoch 83 batch 1: collate wait 3.0s, fwd+bwd+step 0.3s
12-09-26 20:34:16:   epoch 83 batch 2: collate wait 4.2s, fwd+bwd+step 8.1s
12-09-26 20:34:20:   epoch 83 batch 3: collate wait 4.1s, fwd+bwd+step 0.3s
12-09-26 20:34:24:   epoch 83 batch 4: collate wait 3.1s, fwd+bwd+step 0.2s
12-09-26 20:34:27:   epoch 83 batch 5: collate wait 3.1s, fwd+bwd+step 0.3s
12-09-26 20:34:31:   epoch 83 batch 6: collate wait 3.4s, fwd+bwd+step 0.2s
12-09-26 20:34:34:   epoch 83 batch 7: collate wait 3.0s, fwd+bwd+step 0.2s
12-09-26 20:34:37:   epoch 83 batch 8: collate wait 3.2s, fwd+bwd+step 0.2s
12-09-26 20:34:42:   epoch 83 batch 9: collate wait 3.6s, fwd+bwd+step 1.6s
12-09-26 20:34:46:   epoch 83 batch 10: collate wait 3.2s, fwd+bwd+step 0.3s
12-09-26 20:34:50:   epoch 83 batch 11: collate wait 3.7s, fwd+bwd+step 0.3s
12-09-26 20:34:53:   epoch 83 batch 12: collate wait 2.6s, fwd+bwd+step 0.3s
12-09-26 20:34:56:   epoch 83 batch 13: collate wait 3.1s, fwd+bwd+step 0.3s
12-09-26 20:34:59:   epoch 83 batch 14: collate wait 3.1s, fwd+bwd+step 0.3s
12-09-26 20:35:03:   epoch 83 batch 15: collate wait 3.1s, fwd+bwd+step 0.3s
12-09-26 20:35:03: Trn - Source 83, cls loss: 0.0040, seg loss: 0.8189, kendall s_cls: -0.7624, s_seg: 0.3940
12-09-26 20:35:13: Val - Source 83, cls acc: 1.0000, cls avg acc: 1.0000, cls loss: 0.0006, seg loss: 0.8708, total loss: 0.4043
12-09-26 20:35:13: Val - Source 83, Tomato seg: loss=1.2089, mIoU=0.3869, acc=0.7756
12-09-26 20:35:13: Val - Source 83, Maize seg: loss=0.7478, mIoU=0.4458, acc=0.8855
12-09-26 20:35:22: Eval(no-train) - Target 83, acc: 0.4762, avg acc: 0.5875, cls loss: 1.3995  <- domain gap indicator (DA-0 baseline, cls-only)
12-09-26 20:35:26:   epoch 84 batch 0: collate wait 3.6s, fwd+bwd+step 0.3s
12-09-26 20:35:30:   epoch 84 batch 1: collate wait 3.4s, fwd+bwd+step 0.2s
12-09-26 20:35:37:   epoch 84 batch 2: collate wait 3.8s, fwd+bwd+step 3.1s
12-09-26 20:35:41:   epoch 84 batch 3: collate wait 4.4s, fwd+bwd+step 0.3s
12-09-26 20:35:46:   epoch 84 batch 4: collate wait 4.2s, fwd+bwd+step 0.7s
12-09-26 20:35:59:   epoch 84 batch 5: collate wait 4.8s, fwd+bwd+step 7.5s
12-09-26 20:36:02:   epoch 84 batch 6: collate wait 3.6s, fwd+bwd+step 0.3s
12-09-26 20:36:10:   epoch 84 batch 7: collate wait 4.6s, fwd+bwd+step 3.0s
12-09-26 20:36:13:   epoch 84 batch 8: collate wait 2.9s, fwd+bwd+step 0.3s
12-09-26 20:36:17:   epoch 84 batch 9: collate wait 3.5s, fwd+bwd+step 0.3s
12-09-26 20:36:21:   epoch 84 batch 10: collate wait 3.6s, fwd+bwd+step 0.3s
12-09-26 20:36:24:   epoch 84 batch 11: collate wait 2.8s, fwd+bwd+step 0.3s
12-09-26 20:36:27:   epoch 84 batch 12: collate wait 3.2s, fwd+bwd+step 0.3s
12-09-26 20:36:32:   epoch 84 batch 13: collate wait 4.0s, fwd+bwd+step 0.3s
12-09-26 20:36:35:   epoch 84 batch 14: collate wait 3.0s, fwd+bwd+step 0.3s
12-09-26 20:36:46:   epoch 84 batch 15: collate wait 5.1s, fwd+bwd+step 5.4s
12-09-26 20:36:46: Trn - Source 84, cls loss: 0.0759, seg loss: 0.8411, kendall s_cls: -0.7631, s_seg: 0.3942
12-09-26 20:36:59: Val - Source 84, cls acc: 1.0000, cls avg acc: 1.0000, cls loss: 0.0003, seg loss: 0.8395, total loss: 0.3822
12-09-26 20:36:59: Val - Source 84, Tomato seg: loss=1.1619, mIoU=0.3891, acc=0.7750
12-09-26 20:36:59: Val - Source 84, Maize seg: loss=0.7223, mIoU=0.4403, acc=0.8798
12-09-26 20:37:09: Eval(no-train) - Target 84, acc: 0.4762, avg acc: 0.5875, cls loss: 1.3443  <- domain gap indicator (DA-0 baseline, cls-only)
12-09-26 20:37:14:   epoch 85 batch 0: collate wait 3.6s, fwd+bwd+step 2.1s
12-09-26 20:37:18:   epoch 85 batch 1: collate wait 3.4s, fwd+bwd+step 0.3s
12-09-26 20:37:22:   epoch 85 batch 2: collate wait 3.3s, fwd+bwd+step 0.3s
12-09-26 20:37:33:   epoch 85 batch 3: collate wait 4.8s, fwd+bwd+step 6.0s
12-09-26 20:37:36:   epoch 85 batch 4: collate wait 3.3s, fwd+bwd+step 0.3s
12-09-26 20:37:43:   epoch 85 batch 5: collate wait 3.8s, fwd+bwd+step 3.0s
12-09-26 20:37:47:   epoch 85 batch 6: collate wait 3.2s, fwd+bwd+step 0.3s
12-09-26 20:37:50:   epoch 85 batch 7: collate wait 3.7s, fwd+bwd+step 0.3s
12-09-26 20:37:57:   epoch 85 batch 8: collate wait 3.8s, fwd+bwd+step 2.5s
12-09-26 20:38:00:   epoch 85 batch 9: collate wait 3.0s, fwd+bwd+step 0.3s
12-09-26 20:38:04:   epoch 85 batch 10: collate wait 3.7s, fwd+bwd+step 0.3s
12-09-26 20:38:08:   epoch 85 batch 11: collate wait 3.5s, fwd+bwd+step 0.3s
12-09-26 20:38:18:   epoch 85 batch 12: collate wait 4.9s, fwd+bwd+step 5.0s
12-09-26 20:38:22:   epoch 85 batch 13: collate wait 3.7s, fwd+bwd+step 0.3s
12-09-26 20:38:28:   epoch 85 batch 14: collate wait 4.3s, fwd+bwd+step 1.5s
12-09-26 20:38:32:   epoch 85 batch 15: collate wait 3.9s, fwd+bwd+step 0.3s
12-09-26 20:38:32: Trn - Source 85, cls loss: 0.0013, seg loss: 0.8551, kendall s_cls: -0.7639, s_seg: 0.3944
12-09-26 20:38:43: Val - Source 85, cls acc: 1.0000, cls avg acc: 1.0000, cls loss: 0.0006, seg loss: 0.8209, total loss: 0.3699
12-09-26 20:38:43: Val - Source 85, Tomato seg: loss=1.1935, mIoU=0.3851, acc=0.7689
12-09-26 20:38:43: Val - Source 85, Maize seg: loss=0.6854, mIoU=0.4408, acc=0.8736
12-09-26 20:38:56: Eval(no-train) - Target 85, acc: 0.4603, avg acc: 0.5750, cls loss: 1.5578  <- domain gap indicator (DA-0 baseline, cls-only)
12-09-26 20:39:03:   epoch 86 batch 0: collate wait 3.5s, fwd+bwd+step 2.8s
12-09-26 20:39:10:   epoch 86 batch 1: collate wait 4.0s, fwd+bwd+step 3.2s
12-09-26 20:39:14:   epoch 86 batch 2: collate wait 3.6s, fwd+bwd+step 0.4s
12-09-26 20:39:18:   epoch 86 batch 3: collate wait 3.5s, fwd+bwd+step 0.3s
12-09-26 20:39:24:   epoch 86 batch 4: collate wait 3.9s, fwd+bwd+step 2.3s
12-09-26 20:39:27:   epoch 86 batch 5: collate wait 3.4s, fwd+bwd+step 0.3s
12-09-26 20:39:31:   epoch 86 batch 6: collate wait 3.0s, fwd+bwd+step 0.3s
12-09-26 20:39:38:   epoch 86 batch 7: collate wait 3.7s, fwd+bwd+step 3.3s
12-09-26 20:39:43:   epoch 86 batch 8: collate wait 4.2s, fwd+bwd+step 1.5s
12-09-26 20:39:48:   epoch 86 batch 9: collate wait 3.8s, fwd+bwd+step 0.3s
12-09-26 20:39:56:   epoch 86 batch 10: collate wait 3.7s, fwd+bwd+step 4.4s
12-09-26 20:40:00:   epoch 86 batch 11: collate wait 4.2s, fwd+bwd+step 0.4s
12-09-26 20:40:08:   epoch 86 batch 12: collate wait 3.8s, fwd+bwd+step 3.7s
12-09-26 20:40:23:   epoch 86 batch 13: collate wait 5.0s, fwd+bwd+step 9.8s
12-09-26 20:40:29:   epoch 86 batch 14: collate wait 4.8s, fwd+bwd+step 1.2s
12-09-26 20:40:32:   epoch 86 batch 15: collate wait 3.5s, fwd+bwd+step 0.3s
12-09-26 20:40:33: Trn - Source 86, cls loss: 0.0060, seg loss: 0.8304, kendall s_cls: -0.7646, s_seg: 0.3945
12-09-26 20:40:45: Val - Source 86, cls acc: 1.0000, cls avg acc: 1.0000, cls loss: 0.0006, seg loss: 0.8355, total loss: 0.3794
12-09-26 20:40:45: Val - Source 86, Tomato seg: loss=1.2684, mIoU=0.3746, acc=0.7454
12-09-26 20:40:45: Val - Source 86, Maize seg: loss=0.6781, mIoU=0.4375, acc=0.8807
12-09-26 20:40:57: Eval(no-train) - Target 86, acc: 0.4444, avg acc: 0.5625, cls loss: 1.4503  <- domain gap indicator (DA-0 baseline, cls-only)
12-09-26 20:41:01:   epoch 87 batch 0: collate wait 3.4s, fwd+bwd+step 1.3s
12-09-26 20:41:05:   epoch 87 batch 1: collate wait 3.7s, fwd+bwd+step 0.3s
12-09-26 20:41:16:   epoch 87 batch 2: collate wait 3.8s, fwd+bwd+step 7.2s
12-09-26 20:41:20:   epoch 87 batch 3: collate wait 3.3s, fwd+bwd+step 0.5s
12-09-26 20:41:27:   epoch 87 batch 4: collate wait 5.1s, fwd+bwd+step 1.6s
12-09-26 20:41:31:   epoch 87 batch 5: collate wait 4.1s, fwd+bwd+step 0.3s
12-09-26 20:41:35:   epoch 87 batch 6: collate wait 3.3s, fwd+bwd+step 0.3s
12-09-26 20:41:40:   epoch 87 batch 7: collate wait 3.7s, fwd+bwd+step 1.7s
12-09-26 20:41:44:   epoch 87 batch 8: collate wait 3.4s, fwd+bwd+step 0.3s
12-09-26 20:41:47:   epoch 87 batch 9: collate wait 3.3s, fwd+bwd+step 0.3s
12-09-26 20:41:56:   epoch 87 batch 10: collate wait 4.0s, fwd+bwd+step 4.2s
12-09-26 20:42:00:   epoch 87 batch 11: collate wait 4.2s, fwd+bwd+step 0.3s
12-09-26 20:42:04:   epoch 87 batch 12: collate wait 3.8s, fwd+bwd+step 0.3s
12-09-26 20:42:08:   epoch 87 batch 13: collate wait 3.4s, fwd+bwd+step 0.3s
12-09-26 20:42:17:   epoch 87 batch 14: collate wait 4.0s, fwd+bwd+step 5.1s
12-09-26 20:42:20:   epoch 87 batch 15: collate wait 3.1s, fwd+bwd+step 0.3s
12-09-26 20:42:21: Trn - Source 87, cls loss: 0.0088, seg loss: 0.8293, kendall s_cls: -0.7652, s_seg: 0.3946
12-09-26 20:42:31: Val - Source 87, cls acc: 1.0000, cls avg acc: 1.0000, cls loss: 0.0007, seg loss: 0.8096, total loss: 0.3618
12-09-26 20:42:31: Val - Source 87, Tomato seg: loss=1.1635, mIoU=0.3890, acc=0.7658
12-09-26 20:42:31: Val - Source 87, Maize seg: loss=0.6809, mIoU=0.4432, acc=0.8837
12-09-26 20:42:44: Eval(no-train) - Target 87, acc: 0.5079, avg acc: 0.6125, cls loss: 1.4771  <- domain gap indicator (DA-0 baseline, cls-only)
12-09-26 20:42:51:   epoch 88 batch 0: collate wait 4.3s, fwd+bwd+step 2.4s
12-09-26 20:43:00:   epoch 88 batch 1: collate wait 3.6s, fwd+bwd+step 5.6s
12-09-26 20:43:04:   epoch 88 batch 2: collate wait 4.1s, fwd+bwd+step 0.3s
12-09-26 20:43:08:   epoch 88 batch 3: collate wait 3.6s, fwd+bwd+step 0.3s
12-09-26 20:43:12:   epoch 88 batch 4: collate wait 3.5s, fwd+bwd+step 0.3s
12-09-26 20:43:20:   epoch 88 batch 5: collate wait 4.0s, fwd+bwd+step 4.4s
12-09-26 20:43:24:   epoch 88 batch 6: collate wait 3.8s, fwd+bwd+step 0.3s
12-09-26 20:43:30:   epoch 88 batch 7: collate wait 3.0s, fwd+bwd+step 2.4s
12-09-26 20:43:34:   epoch 88 batch 8: collate wait 3.5s, fwd+bwd+step 0.3s
12-09-26 20:43:38:   epoch 88 batch 9: collate wait 3.9s, fwd+bwd+step 0.3s
12-09-26 20:43:47:   epoch 88 batch 10: collate wait 4.6s, fwd+bwd+step 4.7s
12-09-26 20:43:52:   epoch 88 batch 11: collate wait 4.7s, fwd+bwd+step 0.3s
12-09-26 20:43:56:   epoch 88 batch 12: collate wait 3.1s, fwd+bwd+step 0.3s
12-09-26 20:44:02:   epoch 88 batch 13: collate wait 3.2s, fwd+bwd+step 2.9s
12-09-26 20:44:06:   epoch 88 batch 14: collate wait 3.7s, fwd+bwd+step 0.3s
12-09-26 20:44:20:   epoch 88 batch 15: collate wait 3.4s, fwd+bwd+step 10.4s
12-09-26 20:44:20: Trn - Source 88, cls loss: 0.0686, seg loss: 0.8426, kendall s_cls: -0.7656, s_seg: 0.3948
12-09-26 20:44:37: Val - Source 88, cls acc: 1.0000, cls avg acc: 1.0000, cls loss: 0.0006, seg loss: 0.8181, total loss: 0.3670
12-09-26 20:44:37: Val - Source 88, Tomato seg: loss=1.1631, mIoU=0.3817, acc=0.7607
12-09-26 20:44:37: Val - Source 88, Maize seg: loss=0.6926, mIoU=0.4409, acc=0.8839
12-09-26 20:44:55: Eval(no-train) - Target 88, acc: 0.4603, avg acc: 0.5658, cls loss: 1.2816  <- domain gap indicator (DA-0 baseline, cls-only)
12-09-26 20:45:04:   epoch 89 batch 0: collate wait 3.9s, fwd+bwd+step 5.7s
12-09-26 20:45:10:   epoch 89 batch 1: collate wait 3.2s, fwd+bwd+step 2.0s
12-09-26 20:45:15:   epoch 89 batch 2: collate wait 4.5s, fwd+bwd+step 0.8s
12-09-26 20:45:19:   epoch 89 batch 3: collate wait 3.6s, fwd+bwd+step 0.4s
12-09-26 20:45:24:   epoch 89 batch 4: collate wait 3.5s, fwd+bwd+step 2.1s
12-09-26 20:45:36:   epoch 89 batch 5: collate wait 4.3s, fwd+bwd+step 6.8s
12-09-26 20:45:42:   epoch 89 batch 6: collate wait 4.4s, fwd+bwd+step 2.1s
12-09-26 20:45:46:   epoch 89 batch 7: collate wait 3.8s, fwd+bwd+step 0.3s
12-09-26 20:45:53:   epoch 89 batch 8: collate wait 4.0s, fwd+bwd+step 2.7s
12-09-26 20:45:58:   epoch 89 batch 9: collate wait 4.0s, fwd+bwd+step 1.4s
12-09-26 20:46:05:   epoch 89 batch 10: collate wait 2.9s, fwd+bwd+step 3.3s
12-09-26 20:46:08:   epoch 89 batch 11: collate wait 3.6s, fwd+bwd+step 0.3s
12-09-26 20:46:13:   epoch 89 batch 12: collate wait 3.4s, fwd+bwd+step 1.3s
12-09-26 20:46:19:   epoch 89 batch 13: collate wait 3.9s, fwd+bwd+step 1.6s
12-09-26 20:46:23:   epoch 89 batch 14: collate wait 3.9s, fwd+bwd+step 0.3s
12-09-26 20:46:33:   epoch 89 batch 15: collate wait 4.0s, fwd+bwd+step 6.3s
12-09-26 20:46:33: Trn - Source 89, cls loss: 0.0026, seg loss: 0.8289, kendall s_cls: -0.7660, s_seg: 0.3949
12-09-26 20:46:49: Val - Source 89, cls acc: 1.0000, cls avg acc: 1.0000, cls loss: 0.0006, seg loss: 0.8626, total loss: 0.3969
12-09-26 20:46:49: Val - Source 89, Tomato seg: loss=1.2347, mIoU=0.3791, acc=0.7585
12-09-26 20:46:49: Val - Source 89, Maize seg: loss=0.7274, mIoU=0.4406, acc=0.8844
12-09-26 20:46:59: Eval(no-train) - Target 89, acc: 0.4603, avg acc: 0.5750, cls loss: 1.4982  <- domain gap indicator (DA-0 baseline, cls-only)
12-09-26 20:47:04:   epoch 90 batch 0: collate wait 3.6s, fwd+bwd+step 0.7s
12-09-26 20:47:12:   epoch 90 batch 1: collate wait 3.0s, fwd+bwd+step 5.6s
12-09-26 20:47:16:   epoch 90 batch 2: collate wait 3.6s, fwd+bwd+step 0.3s
12-09-26 20:47:20:   epoch 90 batch 3: collate wait 3.9s, fwd+bwd+step 0.3s
12-09-26 20:47:26:   epoch 90 batch 4: collate wait 4.0s, fwd+bwd+step 1.8s
12-09-26 20:47:31:   epoch 90 batch 5: collate wait 4.6s, fwd+bwd+step 0.3s
12-09-26 20:47:35:   epoch 90 batch 6: collate wait 3.5s, fwd+bwd+step 0.3s
12-09-26 20:47:39:   epoch 90 batch 7: collate wait 3.7s, fwd+bwd+step 0.3s
12-09-26 20:47:47:   epoch 90 batch 8: collate wait 3.6s, fwd+bwd+step 4.6s
12-09-26 20:47:51:   epoch 90 batch 9: collate wait 3.5s, fwd+bwd+step 0.3s
12-09-26 20:47:55:   epoch 90 batch 10: collate wait 4.1s, fwd+bwd+step 0.3s
12-09-26 20:48:07:   epoch 90 batch 11: collate wait 5.2s, fwd+bwd+step 6.4s
12-09-26 20:48:10:   epoch 90 batch 12: collate wait 3.3s, fwd+bwd+step 0.3s
12-09-26 20:48:14:   epoch 90 batch 13: collate wait 3.6s, fwd+bwd+step 0.3s
12-09-26 20:48:20:   epoch 90 batch 14: collate wait 3.8s, fwd+bwd+step 2.7s
12-09-26 20:48:24:   epoch 90 batch 15: collate wait 3.4s, fwd+bwd+step 0.3s
12-09-26 20:48:24: Trn - Source 90, cls loss: 0.0029, seg loss: 0.8341, kendall s_cls: -0.7664, s_seg: 0.3949
12-09-26 20:48:38: Val - Source 90, cls acc: 1.0000, cls avg acc: 1.0000, cls loss: 0.0009, seg loss: 0.8291, total loss: 0.3748
12-09-26 20:48:38: Val - Source 90, Tomato seg: loss=1.2495, mIoU=0.3839, acc=0.7676
12-09-26 20:48:38: Val - Source 90, Maize seg: loss=0.6762, mIoU=0.4452, acc=0.8842
12-09-26 20:48:48: Eval(no-train) - Target 90, acc: 0.4762, avg acc: 0.5875, cls loss: 1.3787  <- domain gap indicator (DA-0 baseline, cls-only)
12-09-26 20:48:56:   epoch 91 batch 0: collate wait 3.6s, fwd+bwd+step 4.9s
12-09-26 20:49:01:   epoch 91 batch 1: collate wait 4.1s, fwd+bwd+step 0.3s
12-09-26 20:49:04:   epoch 91 batch 2: collate wait 2.8s, fwd+bwd+step 0.3s
12-09-26 20:49:10:   epoch 91 batch 3: collate wait 4.1s, fwd+bwd+step 1.7s
12-09-26 20:49:14:   epoch 91 batch 4: collate wait 3.6s, fwd+bwd+step 0.3s
12-09-26 20:49:17:   epoch 91 batch 5: collate wait 3.0s, fwd+bwd+step 0.3s
12-09-26 20:49:26:   epoch 91 batch 6: collate wait 4.5s, fwd+bwd+step 4.6s
12-09-26 20:49:30:   epoch 91 batch 7: collate wait 3.6s, fwd+bwd+step 0.3s
12-09-26 20:49:34:   epoch 91 batch 8: collate wait 3.8s, fwd+bwd+step 0.3s
12-09-26 20:49:40:   epoch 91 batch 9: collate wait 4.3s, fwd+bwd+step 1.6s
12-09-26 20:49:44:   epoch 91 batch 10: collate wait 3.5s, fwd+bwd+step 0.3s
12-09-26 20:49:48:   epoch 91 batch 11: collate wait 3.6s, fwd+bwd+step 0.3s
12-09-26 20:49:51:   epoch 91 batch 12: collate wait 2.8s, fwd+bwd+step 0.3s
12-09-26 20:49:56:   epoch 91 batch 13: collate wait 3.5s, fwd+bwd+step 1.9s
12-09-26 20:50:04:   epoch 91 batch 14: collate wait 3.6s, fwd+bwd+step 4.1s
12-09-26 20:50:08:   epoch 91 batch 15: collate wait 3.6s, fwd+bwd+step 0.3s
12-09-26 20:50:08: Trn - Source 91, cls loss: 0.0050, seg loss: 0.8322, kendall s_cls: -0.7667, s_seg: 0.3950
12-09-26 20:50:19: Val - Source 91, cls acc: 1.0000, cls avg acc: 1.0000, cls loss: 0.0005, seg loss: 0.8326, total loss: 0.3761
12-09-26 20:50:19: Val - Source 91, Tomato seg: loss=1.2329, mIoU=0.3827, acc=0.7635
12-09-26 20:50:19: Val - Source 91, Maize seg: loss=0.6871, mIoU=0.4483, acc=0.8858
12-09-26 20:50:29: Eval(no-train) - Target 91, acc: 0.4603, avg acc: 0.5750, cls loss: 1.4486  <- domain gap indicator (DA-0 baseline, cls-only)
12-09-26 20:50:43:   epoch 92 batch 0: collate wait 4.0s, fwd+bwd+step 10.7s
12-09-26 20:50:48:   epoch 92 batch 1: collate wait 4.5s, fwd+bwd+step 0.6s
12-09-26 20:50:54:   epoch 92 batch 2: collate wait 3.5s, fwd+bwd+step 2.2s
12-09-26 20:50:58:   epoch 92 batch 3: collate wait 3.7s, fwd+bwd+step 0.3s
12-09-26 20:51:01:   epoch 92 batch 4: collate wait 3.1s, fwd+bwd+step 0.3s
12-09-26 20:51:05:   epoch 92 batch 5: collate wait 3.0s, fwd+bwd+step 0.3s
12-09-26 20:51:08:   epoch 92 batch 6: collate wait 3.4s, fwd+bwd+step 0.4s
12-09-26 20:51:16:   epoch 92 batch 7: collate wait 3.3s, fwd+bwd+step 4.1s
12-09-26 20:51:20:   epoch 92 batch 8: collate wait 4.1s, fwd+bwd+step 0.3s
12-09-26 20:51:24:   epoch 92 batch 9: collate wait 3.1s, fwd+bwd+step 0.3s
12-09-26 20:51:29:   epoch 92 batch 10: collate wait 4.4s, fwd+bwd+step 1.0s
12-09-26 20:51:33:   epoch 92 batch 11: collate wait 3.3s, fwd+bwd+step 0.3s
12-09-26 20:51:37:   epoch 92 batch 12: collate wait 3.7s, fwd+bwd+step 0.3s
12-09-26 20:51:40:   epoch 92 batch 13: collate wait 3.1s, fwd+bwd+step 0.3s
12-09-26 20:51:49:   epoch 92 batch 14: collate wait 4.3s, fwd+bwd+step 4.5s
12-09-26 20:51:53:   epoch 92 batch 15: collate wait 4.0s, fwd+bwd+step 0.3s
12-09-26 20:51:53: Trn - Source 92, cls loss: 0.0046, seg loss: 0.8240, kendall s_cls: -0.7670, s_seg: 0.3951
12-09-26 20:52:08: Val - Source 92, cls acc: 1.0000, cls avg acc: 1.0000, cls loss: 0.0006, seg loss: 0.8129, total loss: 0.3630
12-09-26 20:52:08: Val - Source 92, Tomato seg: loss=1.1004, mIoU=0.3840, acc=0.7600
12-09-26 20:52:08: Val - Source 92, Maize seg: loss=0.7083, mIoU=0.4410, acc=0.8839
12-09-26 20:52:21: Eval(no-train) - Target 92, acc: 0.5238, avg acc: 0.6250, cls loss: 1.1259  <- domain gap indicator (DA-0 baseline, cls-only)
12-09-26 20:52:29:   epoch 93 batch 0: collate wait 3.5s, fwd+bwd+step 4.8s
12-09-26 20:52:35:   epoch 93 batch 1: collate wait 4.0s, fwd+bwd+step 1.2s
12-09-26 20:52:38:   epoch 93 batch 2: collate wait 2.9s, fwd+bwd+step 0.3s
12-09-26 20:52:42:   epoch 93 batch 3: collate wait 3.8s, fwd+bwd+step 0.3s
12-09-26 20:52:45:   epoch 93 batch 4: collate wait 2.9s, fwd+bwd+step 0.3s
12-09-26 20:52:52:   epoch 93 batch 5: collate wait 4.0s, fwd+bwd+step 3.1s
12-09-26 20:52:56:   epoch 93 batch 6: collate wait 3.6s, fwd+bwd+step 0.3s
12-09-26 20:53:00:   epoch 93 batch 7: collate wait 3.8s, fwd+bwd+step 0.3s
12-09-26 20:53:10:   epoch 93 batch 8: collate wait 4.5s, fwd+bwd+step 5.4s
12-09-26 20:53:14:   epoch 93 batch 9: collate wait 3.2s, fwd+bwd+step 0.3s
12-09-26 20:53:17:   epoch 93 batch 10: collate wait 3.5s, fwd+bwd+step 0.3s
12-09-26 20:53:27:   epoch 93 batch 11: collate wait 4.2s, fwd+bwd+step 5.4s
12-09-26 20:53:31:   epoch 93 batch 12: collate wait 3.5s, fwd+bwd+step 0.2s
12-09-26 20:53:35:   epoch 93 batch 13: collate wait 3.2s, fwd+bwd+step 0.5s
12-09-26 20:53:41:   epoch 93 batch 14: collate wait 4.4s, fwd+bwd+step 2.0s
12-09-26 20:53:45:   epoch 93 batch 15: collate wait 3.4s, fwd+bwd+step 0.3s
12-09-26 20:53:45: Trn - Source 93, cls loss: 0.0055, seg loss: 0.8607, kendall s_cls: -0.7671, s_seg: 0.3951
12-09-26 20:53:57: Val - Source 93, cls acc: 1.0000, cls avg acc: 1.0000, cls loss: 0.0007, seg loss: 0.7977, total loss: 0.3529
12-09-26 20:53:57: Val - Source 93, Tomato seg: loss=1.1156, mIoU=0.3759, acc=0.7519
12-09-26 20:53:57: Val - Source 93, Maize seg: loss=0.6821, mIoU=0.4344, acc=0.8744
12-09-26 20:54:07: Eval(no-train) - Target 93, acc: 0.4603, avg acc: 0.5750, cls loss: 1.2303  <- domain gap indicator (DA-0 baseline, cls-only)
12-09-26 20:54:18:   epoch 94 batch 0: collate wait 3.2s, fwd+bwd+step 7.6s
12-09-26 20:54:24:   epoch 94 batch 1: collate wait 3.0s, fwd+bwd+step 2.6s
12-09-26 20:54:30:   epoch 94 batch 2: collate wait 3.1s, fwd+bwd+step 3.7s
12-09-26 20:54:36:   epoch 94 batch 3: collate wait 4.4s, fwd+bwd+step 0.9s
12-09-26 20:54:39:   epoch 94 batch 4: collate wait 3.2s, fwd+bwd+step 0.3s
12-09-26 20:54:46:   epoch 94 batch 5: collate wait 3.2s, fwd+bwd+step 4.0s
12-09-26 20:54:50:   epoch 94 batch 6: collate wait 3.5s, fwd+bwd+step 0.6s
12-09-26 20:54:54:   epoch 94 batch 7: collate wait 3.5s, fwd+bwd+step 0.3s
12-09-26 20:54:58:   epoch 94 batch 8: collate wait 3.7s, fwd+bwd+step 0.3s
12-09-26 20:55:08:   epoch 94 batch 9: collate wait 4.1s, fwd+bwd+step 5.4s
12-09-26 20:55:12:   epoch 94 batch 10: collate wait 3.6s, fwd+bwd+step 0.3s
12-09-26 20:55:15:   epoch 94 batch 11: collate wait 3.1s, fwd+bwd+step 0.3s
12-09-26 20:55:24:   epoch 94 batch 12: collate wait 3.8s, fwd+bwd+step 5.2s
12-09-26 20:55:27:   epoch 94 batch 13: collate wait 3.2s, fwd+bwd+step 0.3s
12-09-26 20:55:31:   epoch 94 batch 14: collate wait 3.3s, fwd+bwd+step 0.4s
12-09-26 20:55:38:   epoch 94 batch 15: collate wait 4.1s, fwd+bwd+step 3.1s
12-09-26 20:55:39: Trn - Source 94, cls loss: 0.0017, seg loss: 0.8090, kendall s_cls: -0.7673, s_seg: 0.3951
12-09-26 20:55:49: Val - Source 94, cls acc: 1.0000, cls avg acc: 1.0000, cls loss: 0.0008, seg loss: 0.8235, total loss: 0.3703
12-09-26 20:55:49: Val - Source 94, Tomato seg: loss=1.1885, mIoU=0.3771, acc=0.7452
12-09-26 20:55:49: Val - Source 94, Maize seg: loss=0.6908, mIoU=0.4397, acc=0.8816
12-09-26 20:56:03: Eval(no-train) - Target 94, acc: 0.4603, avg acc: 0.5750, cls loss: 1.2645  <- domain gap indicator (DA-0 baseline, cls-only)
12-09-26 20:56:13:   epoch 95 batch 0: collate wait 3.5s, fwd+bwd+step 6.7s
12-09-26 20:56:18:   epoch 95 batch 1: collate wait 4.5s, fwd+bwd+step 0.3s
12-09-26 20:56:22:   epoch 95 batch 2: collate wait 3.9s, fwd+bwd+step 0.3s
12-09-26 20:56:27:   epoch 95 batch 3: collate wait 3.6s, fwd+bwd+step 1.5s
12-09-26 20:56:31:   epoch 95 batch 4: collate wait 3.5s, fwd+bwd+step 0.3s
12-09-26 20:56:35:   epoch 95 batch 5: collate wait 3.6s, fwd+bwd+step 0.3s
12-09-26 20:56:44:   epoch 95 batch 6: collate wait 3.7s, fwd+bwd+step 5.7s
12-09-26 20:56:48:   epoch 95 batch 7: collate wait 3.6s, fwd+bwd+step 0.3s
12-09-26 20:56:52:   epoch 95 batch 8: collate wait 3.6s, fwd+bwd+step 0.3s
12-09-26 20:57:00:   epoch 95 batch 9: collate wait 4.1s, fwd+bwd+step 4.1s
12-09-26 20:57:04:   epoch 95 batch 10: collate wait 3.9s, fwd+bwd+step 0.2s
12-09-26 20:57:09:   epoch 95 batch 11: collate wait 3.9s, fwd+bwd+step 0.3s
12-09-26 20:57:16:   epoch 95 batch 12: collate wait 4.6s, fwd+bwd+step 3.3s
12-09-26 20:57:21:   epoch 95 batch 13: collate wait 4.1s, fwd+bwd+step 0.3s
12-09-26 20:57:24:   epoch 95 batch 14: collate wait 3.3s, fwd+bwd+step 0.3s
12-09-26 20:57:28:   epoch 95 batch 15: collate wait 3.7s, fwd+bwd+step 0.3s
12-09-26 20:57:29: Trn - Source 95, cls loss: 0.0029, seg loss: 0.8612, kendall s_cls: -0.7674, s_seg: 0.3951
12-09-26 20:57:43: Val - Source 95, cls acc: 1.0000, cls avg acc: 1.0000, cls loss: 0.0006, seg loss: 0.8294, total loss: 0.3739
12-09-26 20:57:43: Val - Source 95, Tomato seg: loss=1.1648, mIoU=0.3826, acc=0.7596
12-09-26 20:57:43: Val - Source 95, Maize seg: loss=0.7075, mIoU=0.4392, acc=0.8811
12-09-26 20:57:57: Eval(no-train) - Target 95, acc: 0.4762, avg acc: 0.5875, cls loss: 1.2664  <- domain gap indicator (DA-0 baseline, cls-only)
12-09-26 20:58:07:   epoch 96 batch 0: collate wait 3.7s, fwd+bwd+step 6.7s
12-09-26 20:58:13:   epoch 96 batch 1: collate wait 4.4s, fwd+bwd+step 2.1s
12-09-26 20:58:18:   epoch 96 batch 2: collate wait 4.0s, fwd+bwd+step 0.5s
12-09-26 20:58:27:   epoch 96 batch 3: collate wait 4.2s, fwd+bwd+step 4.9s
12-09-26 20:58:30:   epoch 96 batch 4: collate wait 3.2s, fwd+bwd+step 0.3s
12-09-26 20:58:34:   epoch 96 batch 5: collate wait 3.8s, fwd+bwd+step 0.3s
12-09-26 20:58:41:   epoch 96 batch 6: collate wait 4.1s, fwd+bwd+step 2.4s
12-09-26 20:58:44:   epoch 96 batch 7: collate wait 3.3s, fwd+bwd+step 0.3s
12-09-26 20:58:48:   epoch 96 batch 8: collate wait 3.3s, fwd+bwd+step 0.3s
12-09-26 20:58:58:   epoch 96 batch 9: collate wait 4.4s, fwd+bwd+step 5.7s
12-09-26 20:59:02:   epoch 96 batch 10: collate wait 3.5s, fwd+bwd+step 0.3s
12-09-26 20:59:06:   epoch 96 batch 11: collate wait 3.2s, fwd+bwd+step 0.3s
12-09-26 20:59:15:   epoch 96 batch 12: collate wait 4.6s, fwd+bwd+step 4.5s
12-09-26 20:59:18:   epoch 96 batch 13: collate wait 3.2s, fwd+bwd+step 0.3s
12-09-26 20:59:22:   epoch 96 batch 14: collate wait 3.0s, fwd+bwd+step 0.4s
12-09-26 20:59:32:   epoch 96 batch 15: collate wait 4.6s, fwd+bwd+step 5.4s
12-09-26 20:59:32: Trn - Source 96, cls loss: 0.0102, seg loss: 0.8688, kendall s_cls: -0.7674, s_seg: 0.3952
12-09-26 20:59:45: Val - Source 96, cls acc: 1.0000, cls avg acc: 1.0000, cls loss: 0.0008, seg loss: 0.7923, total loss: 0.3492
12-09-26 20:59:45: Val - Source 96, Tomato seg: loss=1.1479, mIoU=0.3766, acc=0.7525
12-09-26 20:59:45: Val - Source 96, Maize seg: loss=0.6629, mIoU=0.4376, acc=0.8796
12-09-26 20:59:55: Eval(no-train) - Target 96, acc: 0.4603, avg acc: 0.5750, cls loss: 1.3476  <- domain gap indicator (DA-0 baseline, cls-only)
12-09-26 21:00:04:   epoch 97 batch 0: collate wait 3.3s, fwd+bwd+step 5.6s
12-09-26 21:00:09:   epoch 97 batch 1: collate wait 3.9s, fwd+bwd+step 1.3s
12-09-26 21:00:12:   epoch 97 batch 2: collate wait 2.9s, fwd+bwd+step 0.3s
12-09-26 21:00:21:   epoch 97 batch 3: collate wait 4.2s, fwd+bwd+step 5.0s
12-09-26 21:00:25:   epoch 97 batch 4: collate wait 3.2s, fwd+bwd+step 0.3s
12-09-26 21:00:29:   epoch 97 batch 5: collate wait 3.7s, fwd+bwd+step 0.3s
12-09-26 21:00:36:   epoch 97 batch 6: collate wait 3.5s, fwd+bwd+step 3.4s
12-09-26 21:00:40:   epoch 97 batch 7: collate wait 4.0s, fwd+bwd+step 0.3s
12-09-26 21:00:44:   epoch 97 batch 8: collate wait 3.7s, fwd+bwd+step 0.3s
12-09-26 21:00:54:   epoch 97 batch 9: collate wait 4.6s, fwd+bwd+step 5.4s
12-09-26 21:00:59:   epoch 97 batch 10: collate wait 4.1s, fwd+bwd+step 0.3s
12-09-26 21:01:02:   epoch 97 batch 11: collate wait 3.2s, fwd+bwd+step 0.3s
12-09-26 21:01:12:   epoch 97 batch 12: collate wait 4.5s, fwd+bwd+step 5.7s
12-09-26 21:01:17:   epoch 97 batch 13: collate wait 4.0s, fwd+bwd+step 0.3s
12-09-26 21:01:23:   epoch 97 batch 14: collate wait 4.0s, fwd+bwd+step 2.7s
12-09-26 21:01:28:   epoch 97 batch 15: collate wait 4.0s, fwd+bwd+step 0.3s
12-09-26 21:01:28: Trn - Source 97, cls loss: 0.0032, seg loss: 0.7919, kendall s_cls: -0.7675, s_seg: 0.3952
12-09-26 21:01:40: Val - Source 97, cls acc: 1.0000, cls avg acc: 1.0000, cls loss: 0.0005, seg loss: 0.8149, total loss: 0.3637
12-09-26 21:01:40: Val - Source 97, Tomato seg: loss=1.0925, mIoU=0.3832, acc=0.7600
12-09-26 21:01:40: Val - Source 97, Maize seg: loss=0.7140, mIoU=0.4384, acc=0.8788
12-09-26 21:01:50: Eval(no-train) - Target 97, acc: 0.4603, avg acc: 0.5658, cls loss: 1.3699  <- domain gap indicator (DA-0 baseline, cls-only)
12-09-26 21:01:59:   epoch 98 batch 0: collate wait 3.8s, fwd+bwd+step 4.7s
12-09-26 21:02:03:   epoch 98 batch 1: collate wait 3.7s, fwd+bwd+step 0.3s
12-09-26 21:02:06:   epoch 98 batch 2: collate wait 3.5s, fwd+bwd+step 0.3s
12-09-26 21:02:15:   epoch 98 batch 3: collate wait 3.9s, fwd+bwd+step 4.1s
12-09-26 21:02:18:   epoch 98 batch 4: collate wait 3.6s, fwd+bwd+step 0.3s
12-09-26 21:02:23:   epoch 98 batch 5: collate wait 3.9s, fwd+bwd+step 0.3s
12-09-26 21:02:30:   epoch 98 batch 6: collate wait 4.4s, fwd+bwd+step 2.5s
12-09-26 21:02:33:   epoch 98 batch 7: collate wait 3.0s, fwd+bwd+step 0.3s
12-09-26 21:02:36:   epoch 98 batch 8: collate wait 3.2s, fwd+bwd+step 0.3s
12-09-26 21:02:44:   epoch 98 batch 9: collate wait 4.1s, fwd+bwd+step 3.3s
12-09-26 21:02:48:   epoch 98 batch 10: collate wait 3.7s, fwd+bwd+step 0.3s
12-09-26 21:02:51:   epoch 98 batch 11: collate wait 3.6s, fwd+bwd+step 0.3s
12-09-26 21:02:55:   epoch 98 batch 12: collate wait 2.9s, fwd+bwd+step 0.3s
12-09-26 21:03:02:   epoch 98 batch 13: collate wait 3.7s, fwd+bwd+step 3.6s
12-09-26 21:03:06:   epoch 98 batch 14: collate wait 4.0s, fwd+bwd+step 0.3s
12-09-26 21:03:10:   epoch 98 batch 15: collate wait 3.4s, fwd+bwd+step 0.3s
12-09-26 21:03:10: Trn - Source 98, cls loss: 0.0079, seg loss: 0.8236, kendall s_cls: -0.7675, s_seg: 0.3952
12-09-26 21:03:24: Val - Source 98, cls acc: 1.0000, cls avg acc: 1.0000, cls loss: 0.0006, seg loss: 0.8387, total loss: 0.3801
12-09-26 21:03:24: Val - Source 98, Tomato seg: loss=1.2249, mIoU=0.3783, acc=0.7578
12-09-26 21:03:24: Val - Source 98, Maize seg: loss=0.6982, mIoU=0.4334, acc=0.8769
12-09-26 21:03:37: Eval(no-train) - Target 98, acc: 0.4286, avg acc: 0.5500, cls loss: 1.4326  <- domain gap indicator (DA-0 baseline, cls-only)
12-09-26 21:03:46:   epoch 99 batch 0: collate wait 3.9s, fwd+bwd+step 5.2s
12-09-26 21:03:50:   epoch 99 batch 1: collate wait 2.9s, fwd+bwd+step 0.3s
12-09-26 21:03:53:   epoch 99 batch 2: collate wait 2.9s, fwd+bwd+step 0.3s
12-09-26 21:03:57:   epoch 99 batch 3: collate wait 3.5s, fwd+bwd+step 0.3s
12-09-26 21:04:03:   epoch 99 batch 4: collate wait 4.2s, fwd+bwd+step 2.5s
12-09-26 21:04:06:   epoch 99 batch 5: collate wait 2.7s, fwd+bwd+step 0.4s
12-09-26 21:04:10:   epoch 99 batch 6: collate wait 3.6s, fwd+bwd+step 0.3s
12-09-26 21:04:17:   epoch 99 batch 7: collate wait 4.3s, fwd+bwd+step 1.9s
12-09-26 21:04:21:   epoch 99 batch 8: collate wait 3.9s, fwd+bwd+step 0.3s
12-09-26 21:04:24:   epoch 99 batch 9: collate wait 3.4s, fwd+bwd+step 0.3s
12-09-26 21:04:33:   epoch 99 batch 10: collate wait 4.1s, fwd+bwd+step 4.2s
12-09-26 21:04:37:   epoch 99 batch 11: collate wait 4.3s, fwd+bwd+step 0.3s
12-09-26 21:04:41:   epoch 99 batch 12: collate wait 3.2s, fwd+bwd+step 0.3s
12-09-26 21:04:49:   epoch 99 batch 13: collate wait 4.2s, fwd+bwd+step 4.5s
12-09-26 21:04:53:   epoch 99 batch 14: collate wait 3.4s, fwd+bwd+step 0.3s
12-09-26 21:04:57:   epoch 99 batch 15: collate wait 3.3s, fwd+bwd+step 0.3s
12-09-26 21:04:57: Trn - Source 99, cls loss: 0.0029, seg loss: 0.8420, kendall s_cls: -0.7675, s_seg: 0.3952
12-09-26 21:05:09: Val - Source 99, cls acc: 1.0000, cls avg acc: 1.0000, cls loss: 0.0005, seg loss: 0.7673, total loss: 0.3317
12-09-26 21:05:09: Val - Source 99, Tomato seg: loss=1.0683, mIoU=0.3803, acc=0.7571
12-09-26 21:05:09: Val - Source 99, Maize seg: loss=0.6578, mIoU=0.4420, acc=0.8804
12-09-26 21:05:21: Eval(no-train) - Target 99, acc: 0.4762, avg acc: 0.5783, cls loss: 1.3329  <- domain gap indicator (DA-0 baseline, cls-only)
12-09-26 21:05:22: Best model at epoch 99, source val total loss 0.3317
12-09-26 21:05:35: FINAL best-model source val: cls acc: 1.0000, cls avg acc: 1.0000, seg loss: 0.8002
12-09-26 21:05:35: FINAL best-model source val, Tomato seg: loss=1.1350, mIoU=0.3808, acc=0.7551
12-09-26 21:05:35: FINAL best-model source val, Maize seg: loss=0.6785, mIoU=0.4414, acc=0.8801
12-09-26 21:05:44: FINAL target (Pheno4D held-out) test accuracy: 0.4444, avg acc: 0.5625, loss: 1.3797  <- classification-only; target segmentation not evaluated (see module docstring)
12-09-26 21:05:45: Confusion matrix (rows=true, cols=pred, order=['Tomato', 'Maize']):
[[ 5 35]
 [ 0 23]]
12-09-26 21:05:45: Per-class precision/recall/F1 on target test:
              precision    recall  f1-score   support

      Tomato     1.0000    0.1250    0.2222        40
       Maize     0.3966    1.0000    0.5679        23

    accuracy                         0.4444        63
   macro avg     0.6983    0.5625    0.3951        63
weighted avg     0.7797    0.4444    0.3484        63

