15-09-26 14:44:47: Namespace(exp_name='B4_kpconv_da0_ld', out_path='/home/pearl/25m0301/plant3d-thesis/results', epochs=100, batch_size=16, test_batch_size=16, lr=0.001, wd=5e-05, dropout=0.5, seed=1, gpu=0, verbose_batches=True, num_workers=0)
15-09-26 14:44:47: Using GPU 0: NVIDIA A100-SXM4-80GB
15-09-26 14:44:53: Crops3D train: 263 {'Tomato': 71, 'Maize': 192}
15-09-26 14:44:53: Crops3D val:   45 {'Tomato': 12, 'Maize': 33}
15-09-26 14:44:53: Pheno4D held-out eval (target, never trained on, cls-only): 63 {'Tomato': 40, 'Maize': 23}
15-09-26 14:44:55: L_cls class weights (w_c=(f_c+eps)^-1, normalized): {'Tomato': 1.4600751399993896, 'Maize': 0.5399248600006104}
15-09-26 14:44:55: L_seg class weights for Tomato (counts=[59711, 228589, 2516]): [0.12004272639751434, 0.031357139348983765, 2.848600149154663]
15-09-26 14:44:55: L_seg class weights for Maize (counts=[105103, 53541, 475303, 3874, 3443, 145168]): [0.09747688472270966, 0.19134941697120667, 0.021555034443736076, 2.6440656185150146, 2.974978446960449, 0.0705743357539177]
15-09-26 14:45:34: Calibrated neighborhood_limits (per layer, 90th-percentile cap): [499, 45, 31]
15-09-26 14:46:39:   epoch 0 batch 0: collate wait 3.6s, fwd+bwd+step 35.4s
15-09-26 14:46:43:   epoch 0 batch 1: collate wait 3.5s, fwd+bwd+step 0.4s
15-09-26 14:46:47:   epoch 0 batch 2: collate wait 3.4s, fwd+bwd+step 0.3s
15-09-26 14:46:50:   epoch 0 batch 3: collate wait 3.1s, fwd+bwd+step 0.3s
15-09-26 14:46:54:   epoch 0 batch 4: collate wait 3.6s, fwd+bwd+step 0.3s
15-09-26 14:46:58:   epoch 0 batch 5: collate wait 3.7s, fwd+bwd+step 0.3s
15-09-26 14:47:02:   epoch 0 batch 6: collate wait 3.4s, fwd+bwd+step 0.3s
15-09-26 14:47:05:   epoch 0 batch 7: collate wait 3.2s, fwd+bwd+step 0.3s
15-09-26 14:47:08:   epoch 0 batch 8: collate wait 2.9s, fwd+bwd+step 0.3s
15-09-26 14:47:11:   epoch 0 batch 9: collate wait 2.5s, fwd+bwd+step 0.3s
15-09-26 14:47:14:   epoch 0 batch 10: collate wait 2.7s, fwd+bwd+step 0.3s
15-09-26 14:47:17:   epoch 0 batch 11: collate wait 3.1s, fwd+bwd+step 0.3s
15-09-26 14:47:21:   epoch 0 batch 12: collate wait 3.4s, fwd+bwd+step 0.3s
15-09-26 14:47:25:   epoch 0 batch 13: collate wait 3.3s, fwd+bwd+step 0.3s
15-09-26 14:47:29:   epoch 0 batch 14: collate wait 3.6s, fwd+bwd+step 0.3s
15-09-26 14:47:32:   epoch 0 batch 15: collate wait 2.7s, fwd+bwd+step 0.3s
15-09-26 14:47:32: Trn - Source 0, cls loss: 0.3125, seg loss: 2.1454, kendall s_cls: -0.0055, s_seg: 0.0156
15-09-26 14:47:42: Val - Source 0, cls acc: 0.9556, cls avg acc: 0.9432, cls loss: 0.4131, seg loss: 2.3140, total loss: 2.6987
15-09-26 14:47:42: Val - Source 0, Tomato seg: loss=1.8258, mIoU=0.2963, acc=0.7672
15-09-26 14:47:42: Val - Source 0, Maize seg: loss=2.4915, mIoU=0.0624, acc=0.0724
15-09-26 14:47:51: Eval(no-train) - Target 0, acc: 0.9048, avg acc: 0.8696, cls loss: 0.4043  <- domain gap indicator (DA-0 baseline, L-D only, cls-only)
15-09-26 14:47:55:   epoch 1 batch 0: collate wait 3.3s, fwd+bwd+step 0.3s
15-09-26 14:47:58:   epoch 1 batch 1: collate wait 3.0s, fwd+bwd+step 0.3s
15-09-26 14:48:02:   epoch 1 batch 2: collate wait 3.1s, fwd+bwd+step 0.3s
15-09-26 14:48:05:   epoch 1 batch 3: collate wait 3.4s, fwd+bwd+step 0.3s
15-09-26 14:48:09:   epoch 1 batch 4: collate wait 3.2s, fwd+bwd+step 0.3s
15-09-26 14:48:12:   epoch 1 batch 5: collate wait 3.1s, fwd+bwd+step 0.3s
15-09-26 14:48:15:   epoch 1 batch 6: collate wait 2.5s, fwd+bwd+step 0.2s
15-09-26 14:48:19:   epoch 1 batch 7: collate wait 3.6s, fwd+bwd+step 0.3s
15-09-26 14:48:22:   epoch 1 batch 8: collate wait 3.1s, fwd+bwd+step 0.3s
15-09-26 14:48:26:   epoch 1 batch 9: collate wait 3.0s, fwd+bwd+step 0.2s
15-09-26 14:48:29:   epoch 1 batch 10: collate wait 3.2s, fwd+bwd+step 0.3s
15-09-26 14:48:33:   epoch 1 batch 11: collate wait 3.4s, fwd+bwd+step 0.3s
15-09-26 14:48:36:   epoch 1 batch 12: collate wait 2.8s, fwd+bwd+step 0.3s
15-09-26 14:48:39:   epoch 1 batch 13: collate wait 3.3s, fwd+bwd+step 0.3s
15-09-26 14:48:43:   epoch 1 batch 14: collate wait 3.3s, fwd+bwd+step 0.3s
15-09-26 14:48:46:   epoch 1 batch 15: collate wait 2.6s, fwd+bwd+step 0.3s
15-09-26 14:48:46: Trn - Source 1, cls loss: 0.0909, seg loss: 1.6039, kendall s_cls: -0.0218, s_seg: 0.0292
15-09-26 14:48:54: Val - Source 1, cls acc: 0.5333, cls avg acc: 0.6818, cls loss: 0.5907, seg loss: 1.8318, total loss: 2.3865
15-09-26 14:48:54: Val - Source 1, Tomato seg: loss=1.5867, mIoU=0.0121, acc=0.0298
15-09-26 14:48:54: Val - Source 1, Maize seg: loss=1.9209, mIoU=0.1659, acc=0.3376
15-09-26 14:49:03: Eval(no-train) - Target 1, acc: 0.8413, avg acc: 0.7826, cls loss: 0.4371  <- domain gap indicator (DA-0 baseline, L-D only, cls-only)
15-09-26 14:49:06:   epoch 2 batch 0: collate wait 2.7s, fwd+bwd+step 0.3s
15-09-26 14:49:09:   epoch 2 batch 1: collate wait 3.0s, fwd+bwd+step 0.2s
15-09-26 14:49:12:   epoch 2 batch 2: collate wait 2.5s, fwd+bwd+step 0.3s
15-09-26 14:49:15:   epoch 2 batch 3: collate wait 2.9s, fwd+bwd+step 0.3s
15-09-26 14:49:19:   epoch 2 batch 4: collate wait 3.7s, fwd+bwd+step 0.3s
15-09-26 14:49:23:   epoch 2 batch 5: collate wait 3.7s, fwd+bwd+step 0.3s
15-09-26 14:49:27:   epoch 2 batch 6: collate wait 3.3s, fwd+bwd+step 0.3s
15-09-26 14:49:31:   epoch 2 batch 7: collate wait 3.7s, fwd+bwd+step 0.3s
15-09-26 14:49:34:   epoch 2 batch 8: collate wait 3.3s, fwd+bwd+step 0.3s
15-09-26 14:49:38:   epoch 2 batch 9: collate wait 3.0s, fwd+bwd+step 0.3s
15-09-26 14:49:42:   epoch 2 batch 10: collate wait 3.7s, fwd+bwd+step 0.3s
15-09-26 14:49:45:   epoch 2 batch 11: collate wait 2.9s, fwd+bwd+step 0.3s
15-09-26 14:49:48:   epoch 2 batch 12: collate wait 3.4s, fwd+bwd+step 0.3s
15-09-26 14:49:52:   epoch 2 batch 13: collate wait 3.5s, fwd+bwd+step 0.3s
15-09-26 14:49:56:   epoch 2 batch 14: collate wait 3.5s, fwd+bwd+step 0.3s
15-09-26 14:50:00:   epoch 2 batch 15: collate wait 3.4s, fwd+bwd+step 0.3s
15-09-26 14:50:00: Trn - Source 2, cls loss: 0.0855, seg loss: 1.3642, kendall s_cls: -0.0392, s_seg: 0.0410
15-09-26 14:50:09: Val - Source 2, cls acc: 0.7778, cls avg acc: 0.8485, cls loss: 0.4208, seg loss: 1.7426, total loss: 2.1112
15-09-26 14:50:09: Val - Source 2, Tomato seg: loss=1.5203, mIoU=0.1008, acc=0.1758
15-09-26 14:50:09: Val - Source 2, Maize seg: loss=1.8235, mIoU=0.1735, acc=0.3942
15-09-26 14:50:18: Eval(no-train) - Target 2, acc: 0.8730, avg acc: 0.8261, cls loss: 0.3672  <- domain gap indicator (DA-0 baseline, L-D only, cls-only)
15-09-26 14:50:22:   epoch 3 batch 0: collate wait 3.5s, fwd+bwd+step 0.3s
15-09-26 14:50:25:   epoch 3 batch 1: collate wait 3.2s, fwd+bwd+step 0.2s
15-09-26 14:50:29:   epoch 3 batch 2: collate wait 3.2s, fwd+bwd+step 0.3s
15-09-26 14:50:33:   epoch 3 batch 3: collate wait 3.5s, fwd+bwd+step 0.3s
15-09-26 14:50:36:   epoch 3 batch 4: collate wait 3.0s, fwd+bwd+step 0.3s
15-09-26 14:50:40:   epoch 3 batch 5: collate wait 3.8s, fwd+bwd+step 0.3s
15-09-26 14:50:43:   epoch 3 batch 6: collate wait 2.8s, fwd+bwd+step 0.3s
15-09-26 14:50:46:   epoch 3 batch 7: collate wait 2.8s, fwd+bwd+step 0.3s
15-09-26 14:50:49:   epoch 3 batch 8: collate wait 3.0s, fwd+bwd+step 0.3s
15-09-26 14:50:53:   epoch 3 batch 9: collate wait 3.3s, fwd+bwd+step 0.3s
15-09-26 14:50:56:   epoch 3 batch 10: collate wait 2.9s, fwd+bwd+step 0.3s
15-09-26 14:51:00:   epoch 3 batch 11: collate wait 3.4s, fwd+bwd+step 0.3s
15-09-26 14:51:03:   epoch 3 batch 12: collate wait 3.2s, fwd+bwd+step 0.3s
15-09-26 14:51:07:   epoch 3 batch 13: collate wait 3.3s, fwd+bwd+step 0.3s
15-09-26 14:51:10:   epoch 3 batch 14: collate wait 3.3s, fwd+bwd+step 0.3s
15-09-26 14:51:14:   epoch 3 batch 15: collate wait 3.4s, fwd+bwd+step 0.3s
15-09-26 14:51:14: Trn - Source 3, cls loss: 0.0590, seg loss: 1.1755, kendall s_cls: -0.0564, s_seg: 0.0511
15-09-26 14:51:23: Val - Source 3, cls acc: 0.8889, cls avg acc: 0.9242, cls loss: 0.2561, seg loss: 1.5008, total loss: 1.6944
15-09-26 14:51:23: Val - Source 3, Tomato seg: loss=1.4278, mIoU=0.1878, acc=0.4307
15-09-26 14:51:23: Val - Source 3, Maize seg: loss=1.5273, mIoU=0.3343, acc=0.7675
15-09-26 14:51:33: Eval(no-train) - Target 3, acc: 0.8730, avg acc: 0.8261, cls loss: 0.3581  <- domain gap indicator (DA-0 baseline, L-D only, cls-only)
15-09-26 14:51:36:   epoch 4 batch 0: collate wait 3.1s, fwd+bwd+step 0.3s
15-09-26 14:51:39:   epoch 4 batch 1: collate wait 2.8s, fwd+bwd+step 0.3s
15-09-26 14:51:43:   epoch 4 batch 2: collate wait 3.3s, fwd+bwd+step 0.3s
15-09-26 14:51:47:   epoch 4 batch 3: collate wait 3.3s, fwd+bwd+step 0.3s
15-09-26 14:51:50:   epoch 4 batch 4: collate wait 3.3s, fwd+bwd+step 0.3s
15-09-26 14:51:53:   epoch 4 batch 5: collate wait 3.1s, fwd+bwd+step 0.3s
15-09-26 14:51:57:   epoch 4 batch 6: collate wait 3.4s, fwd+bwd+step 0.3s
15-09-26 14:52:01:   epoch 4 batch 7: collate wait 3.7s, fwd+bwd+step 0.3s
15-09-26 14:52:05:   epoch 4 batch 8: collate wait 3.9s, fwd+bwd+step 0.3s
15-09-26 14:52:09:   epoch 4 batch 9: collate wait 3.1s, fwd+bwd+step 0.3s
15-09-26 14:52:12:   epoch 4 batch 10: collate wait 3.4s, fwd+bwd+step 0.3s
15-09-26 14:52:16:   epoch 4 batch 11: collate wait 3.7s, fwd+bwd+step 0.3s
15-09-26 14:52:19:   epoch 4 batch 12: collate wait 3.0s, fwd+bwd+step 0.3s
15-09-26 14:52:23:   epoch 4 batch 13: collate wait 3.4s, fwd+bwd+step 0.3s
15-09-26 14:52:27:   epoch 4 batch 14: collate wait 3.4s, fwd+bwd+step 0.3s
15-09-26 14:52:31:   epoch 4 batch 15: collate wait 3.5s, fwd+bwd+step 0.3s
15-09-26 14:52:31: Trn - Source 4, cls loss: 0.0673, seg loss: 1.0837, kendall s_cls: -0.0737, s_seg: 0.0600
15-09-26 14:52:40: Val - Source 4, cls acc: 0.9778, cls avg acc: 0.9848, cls loss: 0.1639, seg loss: 1.5438, total loss: 1.6235
15-09-26 14:52:40: Val - Source 4, Tomato seg: loss=1.6954, mIoU=0.3653, acc=0.8069
15-09-26 14:52:40: Val - Source 4, Maize seg: loss=1.4887, mIoU=0.3518, acc=0.7908
15-09-26 14:52:50: Eval(no-train) - Target 4, acc: 0.9048, avg acc: 0.8696, cls loss: 0.2621  <- domain gap indicator (DA-0 baseline, L-D only, cls-only)
15-09-26 14:52:53:   epoch 5 batch 0: collate wait 3.0s, fwd+bwd+step 0.3s
15-09-26 14:52:56:   epoch 5 batch 1: collate wait 2.9s, fwd+bwd+step 0.3s
15-09-26 14:53:00:   epoch 5 batch 2: collate wait 3.6s, fwd+bwd+step 0.3s
15-09-26 14:53:04:   epoch 5 batch 3: collate wait 3.5s, fwd+bwd+step 0.3s
15-09-26 14:53:07:   epoch 5 batch 4: collate wait 3.4s, fwd+bwd+step 0.3s
15-09-26 14:53:11:   epoch 5 batch 5: collate wait 3.7s, fwd+bwd+step 0.3s
15-09-26 14:53:16:   epoch 5 batch 6: collate wait 4.0s, fwd+bwd+step 0.3s
15-09-26 14:53:19:   epoch 5 batch 7: collate wait 3.4s, fwd+bwd+step 0.3s
15-09-26 14:53:23:   epoch 5 batch 8: collate wait 3.0s, fwd+bwd+step 0.3s
15-09-26 14:53:27:   epoch 5 batch 9: collate wait 3.8s, fwd+bwd+step 0.3s
15-09-26 14:53:31:   epoch 5 batch 10: collate wait 3.4s, fwd+bwd+step 0.3s
15-09-26 14:53:35:   epoch 5 batch 11: collate wait 3.9s, fwd+bwd+step 0.3s
15-09-26 14:53:39:   epoch 5 batch 12: collate wait 3.8s, fwd+bwd+step 0.3s
15-09-26 14:53:42:   epoch 5 batch 13: collate wait 3.1s, fwd+bwd+step 0.3s
15-09-26 14:53:45:   epoch 5 batch 14: collate wait 2.9s, fwd+bwd+step 0.3s
15-09-26 14:53:49:   epoch 5 batch 15: collate wait 3.3s, fwd+bwd+step 0.3s
15-09-26 14:53:49: Trn - Source 5, cls loss: 0.0496, seg loss: 1.0622, kendall s_cls: -0.0902, s_seg: 0.0683
15-09-26 14:53:58: Val - Source 5, cls acc: 1.0000, cls avg acc: 1.0000, cls loss: 0.1161, seg loss: 1.3563, total loss: 1.3829
15-09-26 14:53:58: Val - Source 5, Tomato seg: loss=1.6140, mIoU=0.3993, acc=0.8101
15-09-26 14:53:58: Val - Source 5, Maize seg: loss=1.2626, mIoU=0.3914, acc=0.8574
15-09-26 14:54:08: Eval(no-train) - Target 5, acc: 0.9206, avg acc: 0.8913, cls loss: 0.2180  <- domain gap indicator (DA-0 baseline, L-D only, cls-only)
15-09-26 14:54:12:   epoch 6 batch 0: collate wait 3.5s, fwd+bwd+step 0.3s
15-09-26 14:54:16:   epoch 6 batch 1: collate wait 3.1s, fwd+bwd+step 0.3s
15-09-26 14:54:19:   epoch 6 batch 2: collate wait 3.3s, fwd+bwd+step 0.3s
15-09-26 14:54:23:   epoch 6 batch 3: collate wait 3.4s, fwd+bwd+step 0.3s
15-09-26 14:54:27:   epoch 6 batch 4: collate wait 3.4s, fwd+bwd+step 0.3s
15-09-26 14:54:30:   epoch 6 batch 5: collate wait 3.0s, fwd+bwd+step 0.3s
15-09-26 14:54:34:   epoch 6 batch 6: collate wait 3.3s, fwd+bwd+step 0.3s
15-09-26 14:54:38:   epoch 6 batch 7: collate wait 4.0s, fwd+bwd+step 0.3s
15-09-26 14:54:42:   epoch 6 batch 8: collate wait 3.8s, fwd+bwd+step 0.3s
15-09-26 14:54:46:   epoch 6 batch 9: collate wait 3.3s, fwd+bwd+step 0.3s
15-09-26 14:54:49:   epoch 6 batch 10: collate wait 3.3s, fwd+bwd+step 0.3s
15-09-26 14:54:53:   epoch 6 batch 11: collate wait 3.8s, fwd+bwd+step 0.3s
15-09-26 14:54:57:   epoch 6 batch 12: collate wait 3.4s, fwd+bwd+step 0.3s
15-09-26 14:55:01:   epoch 6 batch 13: collate wait 3.8s, fwd+bwd+step 0.3s
15-09-26 14:55:04:   epoch 6 batch 14: collate wait 3.2s, fwd+bwd+step 0.3s
15-09-26 14:55:08:   epoch 6 batch 15: collate wait 3.7s, fwd+bwd+step 0.3s
15-09-26 14:55:08: Trn - Source 6, cls loss: 0.0382, seg loss: 1.0081, kendall s_cls: -0.1069, s_seg: 0.0766
15-09-26 14:55:18: Val - Source 6, cls acc: 0.9556, cls avg acc: 0.9697, cls loss: 0.1130, seg loss: 1.3456, total loss: 1.3570
15-09-26 14:55:18: Val - Source 6, Tomato seg: loss=2.2634, mIoU=0.3886, acc=0.8133
15-09-26 14:55:18: Val - Source 6, Maize seg: loss=1.0118, mIoU=0.4032, acc=0.8536
15-09-26 14:55:28: Eval(no-train) - Target 6, acc: 0.9206, avg acc: 0.8913, cls loss: 0.2050  <- domain gap indicator (DA-0 baseline, L-D only, cls-only)
15-09-26 14:55:32:   epoch 7 batch 0: collate wait 3.6s, fwd+bwd+step 0.3s
15-09-26 14:55:36:   epoch 7 batch 1: collate wait 3.7s, fwd+bwd+step 0.3s
15-09-26 14:55:39:   epoch 7 batch 2: collate wait 3.1s, fwd+bwd+step 0.3s
15-09-26 14:55:43:   epoch 7 batch 3: collate wait 3.1s, fwd+bwd+step 0.3s
15-09-26 14:55:46:   epoch 7 batch 4: collate wait 2.9s, fwd+bwd+step 0.3s
15-09-26 14:55:50:   epoch 7 batch 5: collate wait 3.5s, fwd+bwd+step 0.3s
15-09-26 14:55:53:   epoch 7 batch 6: collate wait 2.9s, fwd+bwd+step 0.3s
15-09-26 14:55:56:   epoch 7 batch 7: collate wait 3.2s, fwd+bwd+step 0.3s
15-09-26 14:55:59:   epoch 7 batch 8: collate wait 2.7s, fwd+bwd+step 0.3s
15-09-26 14:56:04:   epoch 7 batch 9: collate wait 3.9s, fwd+bwd+step 0.3s
15-09-26 14:56:07:   epoch 7 batch 10: collate wait 3.2s, fwd+bwd+step 0.3s
15-09-26 14:56:11:   epoch 7 batch 11: collate wait 3.8s, fwd+bwd+step 0.3s
15-09-26 14:56:15:   epoch 7 batch 12: collate wait 3.4s, fwd+bwd+step 0.3s
15-09-26 14:56:19:   epoch 7 batch 13: collate wait 3.6s, fwd+bwd+step 0.3s
15-09-26 14:56:23:   epoch 7 batch 14: collate wait 3.7s, fwd+bwd+step 0.3s
15-09-26 14:56:27:   epoch 7 batch 15: collate wait 3.7s, fwd+bwd+step 0.3s
15-09-26 14:56:27: Trn - Source 7, cls loss: 0.0209, seg loss: 0.9625, kendall s_cls: -0.1245, s_seg: 0.0842
15-09-26 14:56:36: Val - Source 7, cls acc: 1.0000, cls avg acc: 1.0000, cls loss: 0.0993, seg loss: 1.2675, total loss: 1.2575
15-09-26 14:56:36: Val - Source 7, Tomato seg: loss=1.3161, mIoU=0.3989, acc=0.8061
15-09-26 14:56:36: Val - Source 7, Maize seg: loss=1.2499, mIoU=0.3962, acc=0.8424
15-09-26 14:56:47: Eval(no-train) - Target 7, acc: 0.9206, avg acc: 0.8913, cls loss: 0.2036  <- domain gap indicator (DA-0 baseline, L-D only, cls-only)
15-09-26 14:56:50:   epoch 8 batch 0: collate wait 3.2s, fwd+bwd+step 0.3s
15-09-26 14:56:54:   epoch 8 batch 1: collate wait 3.4s, fwd+bwd+step 0.3s
15-09-26 14:56:57:   epoch 8 batch 2: collate wait 3.0s, fwd+bwd+step 0.3s
15-09-26 14:57:01:   epoch 8 batch 3: collate wait 3.8s, fwd+bwd+step 0.3s
15-09-26 14:57:05:   epoch 8 batch 4: collate wait 3.7s, fwd+bwd+step 0.3s
15-09-26 14:57:09:   epoch 8 batch 5: collate wait 3.4s, fwd+bwd+step 0.3s
15-09-26 14:57:13:   epoch 8 batch 6: collate wait 4.0s, fwd+bwd+step 0.3s
15-09-26 14:57:17:   epoch 8 batch 7: collate wait 3.6s, fwd+bwd+step 0.3s
15-09-26 14:57:21:   epoch 8 batch 8: collate wait 3.5s, fwd+bwd+step 0.3s
15-09-26 14:57:25:   epoch 8 batch 9: collate wait 3.5s, fwd+bwd+step 0.3s
15-09-26 14:57:28:   epoch 8 batch 10: collate wait 3.1s, fwd+bwd+step 0.3s
15-09-26 14:57:32:   epoch 8 batch 11: collate wait 3.8s, fwd+bwd+step 0.3s
15-09-26 14:57:36:   epoch 8 batch 12: collate wait 3.7s, fwd+bwd+step 0.3s
15-09-26 14:57:39:   epoch 8 batch 13: collate wait 3.0s, fwd+bwd+step 0.3s
15-09-26 14:57:43:   epoch 8 batch 14: collate wait 3.1s, fwd+bwd+step 0.3s
15-09-26 14:57:47:   epoch 8 batch 15: collate wait 3.8s, fwd+bwd+step 0.2s
15-09-26 14:57:47: Trn - Source 8, cls loss: 0.0186, seg loss: 0.9948, kendall s_cls: -0.1417, s_seg: 0.0918
15-09-26 14:57:56: Val - Source 8, cls acc: 1.0000, cls avg acc: 1.0000, cls loss: 0.0325, seg loss: 1.0063, total loss: 0.9305
15-09-26 14:57:56: Val - Source 8, Tomato seg: loss=1.2667, mIoU=0.3944, acc=0.7710
15-09-26 14:57:56: Val - Source 8, Maize seg: loss=0.9115, mIoU=0.3996, acc=0.8243
15-09-26 14:58:05: Eval(no-train) - Target 8, acc: 0.6508, avg acc: 0.7250, cls loss: 0.8811  <- domain gap indicator (DA-0 baseline, L-D only, cls-only)
15-09-26 14:58:09:   epoch 9 batch 0: collate wait 3.5s, fwd+bwd+step 0.3s
15-09-26 14:58:13:   epoch 9 batch 1: collate wait 3.7s, fwd+bwd+step 0.3s
15-09-26 14:58:16:   epoch 9 batch 2: collate wait 2.8s, fwd+bwd+step 0.3s
15-09-26 14:58:20:   epoch 9 batch 3: collate wait 3.9s, fwd+bwd+step 0.3s
15-09-26 14:58:24:   epoch 9 batch 4: collate wait 3.5s, fwd+bwd+step 0.3s
15-09-26 14:58:27:   epoch 9 batch 5: collate wait 2.9s, fwd+bwd+step 0.3s
15-09-26 14:58:31:   epoch 9 batch 6: collate wait 3.4s, fwd+bwd+step 0.3s
15-09-26 14:58:34:   epoch 9 batch 7: collate wait 3.2s, fwd+bwd+step 0.3s
15-09-26 14:58:38:   epoch 9 batch 8: collate wait 3.3s, fwd+bwd+step 0.3s
15-09-26 14:58:42:   epoch 9 batch 9: collate wait 3.6s, fwd+bwd+step 0.3s
15-09-26 14:58:45:   epoch 9 batch 10: collate wait 3.1s, fwd+bwd+step 0.3s
15-09-26 14:58:49:   epoch 9 batch 11: collate wait 3.5s, fwd+bwd+step 0.3s
15-09-26 14:58:52:   epoch 9 batch 12: collate wait 2.8s, fwd+bwd+step 0.3s
15-09-26 14:58:55:   epoch 9 batch 13: collate wait 3.1s, fwd+bwd+step 0.3s
15-09-26 14:58:59:   epoch 9 batch 14: collate wait 3.7s, fwd+bwd+step 0.3s
15-09-26 14:59:03:   epoch 9 batch 15: collate wait 2.9s, fwd+bwd+step 0.3s
15-09-26 14:59:03: Trn - Source 9, cls loss: 0.0331, seg loss: 0.8870, kendall s_cls: -0.1582, s_seg: 0.0991
15-09-26 14:59:11: Val - Source 9, cls acc: 1.0000, cls avg acc: 1.0000, cls loss: 0.0022, seg loss: 1.1921, total loss: 1.0527
15-09-26 14:59:11: Val - Source 9, Tomato seg: loss=1.3119, mIoU=0.3849, acc=0.7463
15-09-26 14:59:11: Val - Source 9, Maize seg: loss=1.1485, mIoU=0.4151, acc=0.8550
15-09-26 14:59:20: Eval(no-train) - Target 9, acc: 0.9048, avg acc: 0.8696, cls loss: 0.4411  <- domain gap indicator (DA-0 baseline, L-D only, cls-only)
15-09-26 14:59:23:   epoch 10 batch 0: collate wait 2.9s, fwd+bwd+step 0.3s
15-09-26 14:59:26:   epoch 10 batch 1: collate wait 2.9s, fwd+bwd+step 0.2s
15-09-26 14:59:29:   epoch 10 batch 2: collate wait 2.8s, fwd+bwd+step 0.3s
15-09-26 14:59:32:   epoch 10 batch 3: collate wait 2.7s, fwd+bwd+step 0.2s
15-09-26 14:59:36:   epoch 10 batch 4: collate wait 3.3s, fwd+bwd+step 0.3s
15-09-26 14:59:40:   epoch 10 batch 5: collate wait 3.5s, fwd+bwd+step 0.3s
15-09-26 14:59:43:   epoch 10 batch 6: collate wait 3.0s, fwd+bwd+step 0.3s
15-09-26 14:59:46:   epoch 10 batch 7: collate wait 2.9s, fwd+bwd+step 0.3s
15-09-26 14:59:49:   epoch 10 batch 8: collate wait 3.1s, fwd+bwd+step 0.3s
15-09-26 14:59:53:   epoch 10 batch 9: collate wait 3.4s, fwd+bwd+step 0.3s
15-09-26 14:59:57:   epoch 10 batch 10: collate wait 3.6s, fwd+bwd+step 0.3s
15-09-26 15:00:00:   epoch 10 batch 11: collate wait 2.9s, fwd+bwd+step 0.3s
15-09-26 15:00:03:   epoch 10 batch 12: collate wait 3.0s, fwd+bwd+step 0.3s
15-09-26 15:00:07:   epoch 10 batch 13: collate wait 3.3s, fwd+bwd+step 0.3s
15-09-26 15:00:10:   epoch 10 batch 14: collate wait 3.1s, fwd+bwd+step 0.2s
15-09-26 15:00:13:   epoch 10 batch 15: collate wait 2.6s, fwd+bwd+step 0.3s
15-09-26 15:00:13: Trn - Source 10, cls loss: 0.0142, seg loss: 0.8497, kendall s_cls: -0.1749, s_seg: 0.1052
15-09-26 15:00:22: Val - Source 10, cls acc: 1.0000, cls avg acc: 1.0000, cls loss: 0.0288, seg loss: 0.9756, total loss: 0.8777
15-09-26 15:00:22: Val - Source 10, Tomato seg: loss=1.2090, mIoU=0.3751, acc=0.7325
15-09-26 15:00:22: Val - Source 10, Maize seg: loss=0.8907, mIoU=0.3958, acc=0.8437
15-09-26 15:00:31: Eval(no-train) - Target 10, acc: 0.9206, avg acc: 0.8913, cls loss: 0.2568  <- domain gap indicator (DA-0 baseline, L-D only, cls-only)
15-09-26 15:00:34:   epoch 11 batch 0: collate wait 3.1s, fwd+bwd+step 0.3s
15-09-26 15:00:38:   epoch 11 batch 1: collate wait 3.1s, fwd+bwd+step 0.3s
15-09-26 15:00:41:   epoch 11 batch 2: collate wait 3.1s, fwd+bwd+step 0.3s
15-09-26 15:00:45:   epoch 11 batch 3: collate wait 3.8s, fwd+bwd+step 0.3s
15-09-26 15:00:48:   epoch 11 batch 4: collate wait 3.0s, fwd+bwd+step 0.3s
15-09-26 15:00:52:   epoch 11 batch 5: collate wait 3.1s, fwd+bwd+step 0.3s
15-09-26 15:00:55:   epoch 11 batch 6: collate wait 2.6s, fwd+bwd+step 0.3s
15-09-26 15:00:58:   epoch 11 batch 7: collate wait 2.7s, fwd+bwd+step 0.3s
15-09-26 15:01:01:   epoch 11 batch 8: collate wait 3.3s, fwd+bwd+step 0.2s
15-09-26 15:01:04:   epoch 11 batch 9: collate wait 2.8s, fwd+bwd+step 0.3s
15-09-26 15:01:08:   epoch 11 batch 10: collate wait 3.5s, fwd+bwd+step 0.3s
15-09-26 15:01:12:   epoch 11 batch 11: collate wait 3.4s, fwd+bwd+step 0.3s
15-09-26 15:01:15:   epoch 11 batch 12: collate wait 3.0s, fwd+bwd+step 0.3s
15-09-26 15:01:18:   epoch 11 batch 13: collate wait 3.3s, fwd+bwd+step 0.3s
15-09-26 15:01:22:   epoch 11 batch 14: collate wait 2.9s, fwd+bwd+step 0.3s
15-09-26 15:01:25:   epoch 11 batch 15: collate wait 3.0s, fwd+bwd+step 0.3s
15-09-26 15:01:25: Trn - Source 11, cls loss: 0.1682, seg loss: 0.8683, kendall s_cls: -0.1868, s_seg: 0.1111
15-09-26 15:01:34: Val - Source 11, cls acc: 1.0000, cls avg acc: 1.0000, cls loss: 0.0106, seg loss: 0.9250, total loss: 0.8027
15-09-26 15:01:34: Val - Source 11, Tomato seg: loss=1.1467, mIoU=0.3443, acc=0.6684
15-09-26 15:01:34: Val - Source 11, Maize seg: loss=0.8444, mIoU=0.4005, acc=0.8250
15-09-26 15:01:43: Eval(no-train) - Target 11, acc: 0.9048, avg acc: 0.8880, cls loss: 0.2361  <- domain gap indicator (DA-0 baseline, L-D only, cls-only)
15-09-26 15:01:47:   epoch 12 batch 0: collate wait 3.7s, fwd+bwd+step 0.3s
15-09-26 15:01:51:   epoch 12 batch 1: collate wait 3.4s, fwd+bwd+step 0.3s
15-09-26 15:01:55:   epoch 12 batch 2: collate wait 3.6s, fwd+bwd+step 0.3s
15-09-26 15:01:58:   epoch 12 batch 3: collate wait 3.0s, fwd+bwd+step 0.3s
15-09-26 15:02:02:   epoch 12 batch 4: collate wait 3.0s, fwd+bwd+step 0.3s
15-09-26 15:02:05:   epoch 12 batch 5: collate wait 3.0s, fwd+bwd+step 0.3s
15-09-26 15:02:08:   epoch 12 batch 6: collate wait 2.7s, fwd+bwd+step 0.3s
15-09-26 15:02:11:   epoch 12 batch 7: collate wait 3.1s, fwd+bwd+step 0.3s
15-09-26 15:02:14:   epoch 12 batch 8: collate wait 3.0s, fwd+bwd+step 0.3s
15-09-26 15:02:18:   epoch 12 batch 9: collate wait 3.2s, fwd+bwd+step 0.3s
15-09-26 15:02:22:   epoch 12 batch 10: collate wait 3.6s, fwd+bwd+step 0.3s
15-09-26 15:02:25:   epoch 12 batch 11: collate wait 3.0s, fwd+bwd+step 0.3s
15-09-26 15:02:28:   epoch 12 batch 12: collate wait 3.0s, fwd+bwd+step 0.3s
15-09-26 15:02:32:   epoch 12 batch 13: collate wait 3.4s, fwd+bwd+step 0.3s
15-09-26 15:02:36:   epoch 12 batch 14: collate wait 3.5s, fwd+bwd+step 0.3s
15-09-26 15:02:40:   epoch 12 batch 15: collate wait 3.6s, fwd+bwd+step 0.3s
15-09-26 15:02:40: Trn - Source 12, cls loss: 0.1882, seg loss: 0.8752, kendall s_cls: -0.1969, s_seg: 0.1175
15-09-26 15:02:49: Val - Source 12, cls acc: 1.0000, cls avg acc: 1.0000, cls loss: 0.0077, seg loss: 1.0045, total loss: 0.8628
15-09-26 15:02:49: Val - Source 12, Tomato seg: loss=1.3683, mIoU=0.3853, acc=0.7500
15-09-26 15:02:49: Val - Source 12, Maize seg: loss=0.8722, mIoU=0.3934, acc=0.8080
15-09-26 15:02:59: Eval(no-train) - Target 12, acc: 0.8254, avg acc: 0.8625, cls loss: 0.3690  <- domain gap indicator (DA-0 baseline, L-D only, cls-only)
15-09-26 15:03:02:   epoch 13 batch 0: collate wait 3.0s, fwd+bwd+step 0.3s
15-09-26 15:03:06:   epoch 13 batch 1: collate wait 3.5s, fwd+bwd+step 0.3s
15-09-26 15:03:09:   epoch 13 batch 2: collate wait 3.4s, fwd+bwd+step 0.3s
15-09-26 15:03:13:   epoch 13 batch 3: collate wait 3.1s, fwd+bwd+step 0.3s
15-09-26 15:03:16:   epoch 13 batch 4: collate wait 3.2s, fwd+bwd+step 0.3s
15-09-26 15:03:20:   epoch 13 batch 5: collate wait 3.7s, fwd+bwd+step 0.3s
15-09-26 15:03:23:   epoch 13 batch 6: collate wait 2.9s, fwd+bwd+step 0.3s
15-09-26 15:03:27:   epoch 13 batch 7: collate wait 3.4s, fwd+bwd+step 0.3s
15-09-26 15:03:30:   epoch 13 batch 8: collate wait 2.9s, fwd+bwd+step 0.3s
15-09-26 15:03:34:   epoch 13 batch 9: collate wait 3.5s, fwd+bwd+step 0.3s
15-09-26 15:03:37:   epoch 13 batch 10: collate wait 3.0s, fwd+bwd+step 0.3s
15-09-26 15:03:41:   epoch 13 batch 11: collate wait 3.8s, fwd+bwd+step 0.3s
15-09-26 15:03:45:   epoch 13 batch 12: collate wait 3.3s, fwd+bwd+step 0.3s
15-09-26 15:03:49:   epoch 13 batch 13: collate wait 3.5s, fwd+bwd+step 0.3s
15-09-26 15:03:53:   epoch 13 batch 14: collate wait 3.5s, fwd+bwd+step 0.3s
15-09-26 15:03:56:   epoch 13 batch 15: collate wait 3.4s, fwd+bwd+step 0.3s
15-09-26 15:03:56: Trn - Source 13, cls loss: 0.0166, seg loss: 0.8539, kendall s_cls: -0.2105, s_seg: 0.1236
15-09-26 15:04:06: Val - Source 13, cls acc: 1.0000, cls avg acc: 1.0000, cls loss: 0.0038, seg loss: 0.8461, total loss: 0.7090
15-09-26 15:04:06: Val - Source 13, Tomato seg: loss=1.0876, mIoU=0.3360, acc=0.6610
15-09-26 15:04:06: Val - Source 13, Maize seg: loss=0.7583, mIoU=0.4184, acc=0.8476
15-09-26 15:04:16: Eval(no-train) - Target 13, acc: 0.8254, avg acc: 0.8533, cls loss: 0.3489  <- domain gap indicator (DA-0 baseline, L-D only, cls-only)
15-09-26 15:04:19:   epoch 14 batch 0: collate wait 3.0s, fwd+bwd+step 0.3s
15-09-26 15:04:22:   epoch 14 batch 1: collate wait 3.0s, fwd+bwd+step 0.3s
15-09-26 15:04:26:   epoch 14 batch 2: collate wait 3.9s, fwd+bwd+step 0.3s
15-09-26 15:04:30:   epoch 14 batch 3: collate wait 3.3s, fwd+bwd+step 0.3s
15-09-26 15:04:34:   epoch 14 batch 4: collate wait 3.5s, fwd+bwd+step 0.3s
15-09-26 15:04:37:   epoch 14 batch 5: collate wait 3.0s, fwd+bwd+step 0.3s
15-09-26 15:04:41:   epoch 14 batch 6: collate wait 3.5s, fwd+bwd+step 0.3s
15-09-26 15:04:45:   epoch 14 batch 7: collate wait 3.7s, fwd+bwd+step 0.3s
15-09-26 15:04:49:   epoch 14 batch 8: collate wait 3.5s, fwd+bwd+step 0.3s
15-09-26 15:04:53:   epoch 14 batch 9: collate wait 3.7s, fwd+bwd+step 0.3s
15-09-26 15:04:56:   epoch 14 batch 10: collate wait 3.5s, fwd+bwd+step 0.3s
15-09-26 15:05:00:   epoch 14 batch 11: collate wait 2.9s, fwd+bwd+step 0.3s
15-09-26 15:05:03:   epoch 14 batch 12: collate wait 2.9s, fwd+bwd+step 0.3s
15-09-26 15:05:07:   epoch 14 batch 13: collate wait 3.8s, fwd+bwd+step 0.3s
15-09-26 15:05:10:   epoch 14 batch 14: collate wait 2.9s, fwd+bwd+step 0.3s
15-09-26 15:05:14:   epoch 14 batch 15: collate wait 3.9s, fwd+bwd+step 0.3s
15-09-26 15:05:14: Trn - Source 14, cls loss: 0.0246, seg loss: 0.8138, kendall s_cls: -0.2257, s_seg: 0.1292
15-09-26 15:05:23: Val - Source 14, cls acc: 1.0000, cls avg acc: 1.0000, cls loss: 0.0074, seg loss: 0.9494, total loss: 0.7954
15-09-26 15:05:23: Val - Source 14, Tomato seg: loss=1.2727, mIoU=0.3832, acc=0.7446
15-09-26 15:05:23: Val - Source 14, Maize seg: loss=0.8319, mIoU=0.4246, acc=0.8591
15-09-26 15:05:34: Eval(no-train) - Target 14, acc: 0.5873, avg acc: 0.6750, cls loss: 0.8126  <- domain gap indicator (DA-0 baseline, L-D only, cls-only)
15-09-26 15:05:37:   epoch 15 batch 0: collate wait 3.5s, fwd+bwd+step 0.3s
15-09-26 15:05:41:   epoch 15 batch 1: collate wait 3.1s, fwd+bwd+step 0.3s
15-09-26 15:05:44:   epoch 15 batch 2: collate wait 3.0s, fwd+bwd+step 0.3s
15-09-26 15:05:48:   epoch 15 batch 3: collate wait 3.5s, fwd+bwd+step 0.3s
15-09-26 15:05:51:   epoch 15 batch 4: collate wait 3.2s, fwd+bwd+step 0.3s
15-09-26 15:05:55:   epoch 15 batch 5: collate wait 3.4s, fwd+bwd+step 0.3s
15-09-26 15:05:59:   epoch 15 batch 6: collate wait 3.3s, fwd+bwd+step 0.3s
15-09-26 15:06:02:   epoch 15 batch 7: collate wait 3.0s, fwd+bwd+step 0.3s
15-09-26 15:06:06:   epoch 15 batch 8: collate wait 3.4s, fwd+bwd+step 0.3s
15-09-26 15:06:08:   epoch 15 batch 9: collate wait 2.5s, fwd+bwd+step 0.3s
15-09-26 15:06:12:   epoch 15 batch 10: collate wait 3.8s, fwd+bwd+step 0.3s
15-09-26 15:06:16:   epoch 15 batch 11: collate wait 2.9s, fwd+bwd+step 0.3s
15-09-26 15:06:20:   epoch 15 batch 12: collate wait 3.6s, fwd+bwd+step 0.3s
15-09-26 15:06:23:   epoch 15 batch 13: collate wait 3.5s, fwd+bwd+step 0.3s
15-09-26 15:06:27:   epoch 15 batch 14: collate wait 3.3s, fwd+bwd+step 0.3s
15-09-26 15:06:30:   epoch 15 batch 15: collate wait 3.2s, fwd+bwd+step 0.3s
15-09-26 15:06:30: Trn - Source 15, cls loss: 0.0249, seg loss: 0.8313, kendall s_cls: -0.2409, s_seg: 0.1345
15-09-26 15:06:40: Val - Source 15, cls acc: 1.0000, cls avg acc: 1.0000, cls loss: 0.0118, seg loss: 0.9825, total loss: 0.8206
15-09-26 15:06:40: Val - Source 15, Tomato seg: loss=1.0195, mIoU=0.3701, acc=0.7163
15-09-26 15:06:40: Val - Source 15, Maize seg: loss=0.9690, mIoU=0.4078, acc=0.8508
15-09-26 15:06:50: Eval(no-train) - Target 15, acc: 0.5238, avg acc: 0.6250, cls loss: 0.8961  <- domain gap indicator (DA-0 baseline, L-D only, cls-only)
15-09-26 15:06:53:   epoch 16 batch 0: collate wait 2.9s, fwd+bwd+step 0.3s
15-09-26 15:06:57:   epoch 16 batch 1: collate wait 3.9s, fwd+bwd+step 0.3s
15-09-26 15:07:00:   epoch 16 batch 2: collate wait 3.1s, fwd+bwd+step 0.3s
15-09-26 15:07:04:   epoch 16 batch 3: collate wait 3.1s, fwd+bwd+step 0.3s
15-09-26 15:07:07:   epoch 16 batch 4: collate wait 3.2s, fwd+bwd+step 0.3s
15-09-26 15:07:11:   epoch 16 batch 5: collate wait 3.3s, fwd+bwd+step 0.3s
15-09-26 15:07:14:   epoch 16 batch 6: collate wait 3.5s, fwd+bwd+step 0.3s
15-09-26 15:07:18:   epoch 16 batch 7: collate wait 3.3s, fwd+bwd+step 0.3s
15-09-26 15:07:21:   epoch 16 batch 8: collate wait 2.8s, fwd+bwd+step 0.3s
15-09-26 15:07:25:   epoch 16 batch 9: collate wait 3.6s, fwd+bwd+step 0.3s
15-09-26 15:07:29:   epoch 16 batch 10: collate wait 3.3s, fwd+bwd+step 0.3s
15-09-26 15:07:32:   epoch 16 batch 11: collate wait 3.7s, fwd+bwd+step 0.3s
15-09-26 15:07:36:   epoch 16 batch 12: collate wait 3.3s, fwd+bwd+step 0.3s
15-09-26 15:07:40:   epoch 16 batch 13: collate wait 3.7s, fwd+bwd+step 0.3s
15-09-26 15:07:44:   epoch 16 batch 14: collate wait 3.3s, fwd+bwd+step 0.3s
15-09-26 15:07:48:   epoch 16 batch 15: collate wait 4.0s, fwd+bwd+step 0.3s
15-09-26 15:07:48: Trn - Source 16, cls loss: 0.0293, seg loss: 0.7776, kendall s_cls: -0.2556, s_seg: 0.1396
15-09-26 15:07:58: Val - Source 16, cls acc: 1.0000, cls avg acc: 1.0000, cls loss: 0.0031, seg loss: 1.1193, total loss: 0.9194
15-09-26 15:07:58: Val - Source 16, Tomato seg: loss=1.1474, mIoU=0.4017, acc=0.7728
15-09-26 15:07:58: Val - Source 16, Maize seg: loss=1.1090, mIoU=0.4365, acc=0.8802
15-09-26 15:08:07: Eval(no-train) - Target 16, acc: 0.5079, avg acc: 0.6125, cls loss: 1.0030  <- domain gap indicator (DA-0 baseline, L-D only, cls-only)
15-09-26 15:08:11:   epoch 17 batch 0: collate wait 2.9s, fwd+bwd+step 0.3s
15-09-26 15:08:15:   epoch 17 batch 1: collate wait 3.5s, fwd+bwd+step 0.3s
15-09-26 15:08:18:   epoch 17 batch 2: collate wait 3.7s, fwd+bwd+step 0.3s
15-09-26 15:08:22:   epoch 17 batch 3: collate wait 3.2s, fwd+bwd+step 0.3s
15-09-26 15:08:26:   epoch 17 batch 4: collate wait 3.5s, fwd+bwd+step 0.3s
15-09-26 15:08:29:   epoch 17 batch 5: collate wait 3.2s, fwd+bwd+step 0.3s
15-09-26 15:08:32:   epoch 17 batch 6: collate wait 2.6s, fwd+bwd+step 0.3s
15-09-26 15:08:35:   epoch 17 batch 7: collate wait 3.1s, fwd+bwd+step 0.3s
15-09-26 15:08:39:   epoch 17 batch 8: collate wait 3.7s, fwd+bwd+step 0.3s
15-09-26 15:08:43:   epoch 17 batch 9: collate wait 3.1s, fwd+bwd+step 0.3s
15-09-26 15:08:46:   epoch 17 batch 10: collate wait 3.3s, fwd+bwd+step 0.3s
15-09-26 15:08:50:   epoch 17 batch 11: collate wait 3.1s, fwd+bwd+step 0.3s
15-09-26 15:08:53:   epoch 17 batch 12: collate wait 3.1s, fwd+bwd+step 0.3s
15-09-26 15:08:57:   epoch 17 batch 13: collate wait 3.4s, fwd+bwd+step 0.3s
15-09-26 15:09:00:   epoch 17 batch 14: collate wait 3.2s, fwd+bwd+step 0.3s
15-09-26 15:09:04:   epoch 17 batch 15: collate wait 3.4s, fwd+bwd+step 0.3s
15-09-26 15:09:04: Trn - Source 17, cls loss: 0.0471, seg loss: 0.7697, kendall s_cls: -0.2700, s_seg: 0.1440
15-09-26 15:09:13: Val - Source 17, cls acc: 1.0000, cls avg acc: 1.0000, cls loss: 0.0013, seg loss: 0.9880, total loss: 0.7942
15-09-26 15:09:13: Val - Source 17, Tomato seg: loss=1.2257, mIoU=0.3818, acc=0.7408
15-09-26 15:09:13: Val - Source 17, Maize seg: loss=0.9015, mIoU=0.4381, acc=0.8847
15-09-26 15:09:22: Eval(no-train) - Target 17, acc: 0.8889, avg acc: 0.8478, cls loss: 0.3589  <- domain gap indicator (DA-0 baseline, L-D only, cls-only)
15-09-26 15:09:26:   epoch 18 batch 0: collate wait 3.1s, fwd+bwd+step 0.3s
15-09-26 15:09:29:   epoch 18 batch 1: collate wait 2.8s, fwd+bwd+step 0.3s
15-09-26 15:09:33:   epoch 18 batch 2: collate wait 3.9s, fwd+bwd+step 0.3s
15-09-26 15:09:36:   epoch 18 batch 3: collate wait 3.2s, fwd+bwd+step 0.3s
15-09-26 15:09:40:   epoch 18 batch 4: collate wait 3.6s, fwd+bwd+step 0.3s
15-09-26 15:09:44:   epoch 18 batch 5: collate wait 3.0s, fwd+bwd+step 0.3s
15-09-26 15:09:47:   epoch 18 batch 6: collate wait 2.9s, fwd+bwd+step 0.3s
15-09-26 15:09:51:   epoch 18 batch 7: collate wait 3.8s, fwd+bwd+step 0.3s
15-09-26 15:09:55:   epoch 18 batch 8: collate wait 3.8s, fwd+bwd+step 0.3s
15-09-26 15:09:59:   epoch 18 batch 9: collate wait 3.4s, fwd+bwd+step 0.3s
15-09-26 15:10:02:   epoch 18 batch 10: collate wait 3.3s, fwd+bwd+step 0.3s
15-09-26 15:10:06:   epoch 18 batch 11: collate wait 3.7s, fwd+bwd+step 0.3s
15-09-26 15:10:10:   epoch 18 batch 12: collate wait 3.4s, fwd+bwd+step 0.3s
15-09-26 15:10:13:   epoch 18 batch 13: collate wait 3.3s, fwd+bwd+step 0.3s
15-09-26 15:10:17:   epoch 18 batch 14: collate wait 3.2s, fwd+bwd+step 0.3s
15-09-26 15:10:20:   epoch 18 batch 15: collate wait 3.4s, fwd+bwd+step 0.3s
15-09-26 15:10:20: Trn - Source 18, cls loss: 0.0098, seg loss: 0.7321, kendall s_cls: -0.2848, s_seg: 0.1480
15-09-26 15:10:30: Val - Source 18, cls acc: 1.0000, cls avg acc: 1.0000, cls loss: 0.0010, seg loss: 1.1988, total loss: 0.9669
15-09-26 15:10:30: Val - Source 18, Tomato seg: loss=1.2536, mIoU=0.3920, acc=0.7770
15-09-26 15:10:30: Val - Source 18, Maize seg: loss=1.1789, mIoU=0.4298, acc=0.8618
15-09-26 15:10:39: Eval(no-train) - Target 18, acc: 0.9365, avg acc: 0.9130, cls loss: 0.1753  <- domain gap indicator (DA-0 baseline, L-D only, cls-only)
15-09-26 15:10:42:   epoch 19 batch 0: collate wait 2.9s, fwd+bwd+step 0.3s
15-09-26 15:10:46:   epoch 19 batch 1: collate wait 3.0s, fwd+bwd+step 0.3s
15-09-26 15:10:50:   epoch 19 batch 2: collate wait 3.5s, fwd+bwd+step 0.3s
15-09-26 15:10:53:   epoch 19 batch 3: collate wait 3.0s, fwd+bwd+step 0.3s
15-09-26 15:10:56:   epoch 19 batch 4: collate wait 3.4s, fwd+bwd+step 0.3s
15-09-26 15:11:00:   epoch 19 batch 5: collate wait 3.6s, fwd+bwd+step 0.2s
15-09-26 15:11:03:   epoch 19 batch 6: collate wait 2.9s, fwd+bwd+step 0.3s
15-09-26 15:11:07:   epoch 19 batch 7: collate wait 3.0s, fwd+bwd+step 0.3s
15-09-26 15:11:10:   epoch 19 batch 8: collate wait 3.5s, fwd+bwd+step 0.3s
15-09-26 15:11:14:   epoch 19 batch 9: collate wait 3.4s, fwd+bwd+step 0.3s
15-09-26 15:11:17:   epoch 19 batch 10: collate wait 3.1s, fwd+bwd+step 0.3s
15-09-26 15:11:21:   epoch 19 batch 11: collate wait 2.8s, fwd+bwd+step 0.3s
15-09-26 15:11:24:   epoch 19 batch 12: collate wait 3.2s, fwd+bwd+step 0.3s
15-09-26 15:11:27:   epoch 19 batch 13: collate wait 3.1s, fwd+bwd+step 0.3s
15-09-26 15:11:31:   epoch 19 batch 14: collate wait 3.3s, fwd+bwd+step 0.3s
15-09-26 15:11:34:   epoch 19 batch 15: collate wait 2.5s, fwd+bwd+step 0.2s
15-09-26 15:11:34: Trn - Source 19, cls loss: 0.0041, seg loss: 0.7654, kendall s_cls: -0.3001, s_seg: 0.1520
15-09-26 15:11:42: Val - Source 19, cls acc: 1.0000, cls avg acc: 1.0000, cls loss: 0.0010, seg loss: 0.8478, total loss: 0.6556
15-09-26 15:11:42: Val - Source 19, Tomato seg: loss=1.0696, mIoU=0.3845, acc=0.7496
15-09-26 15:11:42: Val - Source 19, Maize seg: loss=0.7672, mIoU=0.4392, acc=0.8755
15-09-26 15:11:51: Eval(no-train) - Target 19, acc: 0.8413, avg acc: 0.8658, cls loss: 0.2735  <- domain gap indicator (DA-0 baseline, L-D only, cls-only)
15-09-26 15:11:55:   epoch 20 batch 0: collate wait 3.8s, fwd+bwd+step 0.3s
15-09-26 15:11:59:   epoch 20 batch 1: collate wait 3.6s, fwd+bwd+step 0.3s
15-09-26 15:12:02:   epoch 20 batch 2: collate wait 2.9s, fwd+bwd+step 0.3s
15-09-26 15:12:05:   epoch 20 batch 3: collate wait 2.6s, fwd+bwd+step 0.3s
15-09-26 15:12:09:   epoch 20 batch 4: collate wait 3.3s, fwd+bwd+step 0.3s
15-09-26 15:12:12:   epoch 20 batch 5: collate wait 3.2s, fwd+bwd+step 0.3s
15-09-26 15:12:16:   epoch 20 batch 6: collate wait 3.2s, fwd+bwd+step 0.3s
15-09-26 15:12:19:   epoch 20 batch 7: collate wait 3.3s, fwd+bwd+step 0.3s
15-09-26 15:12:23:   epoch 20 batch 8: collate wait 3.4s, fwd+bwd+step 0.3s
15-09-26 15:12:27:   epoch 20 batch 9: collate wait 3.3s, fwd+bwd+step 0.3s
15-09-26 15:12:30:   epoch 20 batch 10: collate wait 3.3s, fwd+bwd+step 0.3s
15-09-26 15:12:34:   epoch 20 batch 11: collate wait 3.3s, fwd+bwd+step 0.3s
15-09-26 15:12:37:   epoch 20 batch 12: collate wait 3.1s, fwd+bwd+step 0.3s
15-09-26 15:12:41:   epoch 20 batch 13: collate wait 4.0s, fwd+bwd+step 0.3s
15-09-26 15:12:45:   epoch 20 batch 14: collate wait 3.4s, fwd+bwd+step 0.3s
15-09-26 15:12:48:   epoch 20 batch 15: collate wait 3.1s, fwd+bwd+step 0.3s
15-09-26 15:12:48: Trn - Source 20, cls loss: 0.1164, seg loss: 0.7269, kendall s_cls: -0.3138, s_seg: 0.1556
15-09-26 15:12:58: Val - Source 20, cls acc: 1.0000, cls avg acc: 1.0000, cls loss: 0.0032, seg loss: 0.8482, total loss: 0.6512
15-09-26 15:12:58: Val - Source 20, Tomato seg: loss=1.2552, mIoU=0.3849, acc=0.7505
15-09-26 15:12:58: Val - Source 20, Maize seg: loss=0.7002, mIoU=0.4398, acc=0.8808
15-09-26 15:13:07: Eval(no-train) - Target 20, acc: 0.6190, avg acc: 0.7000, cls loss: 0.9748  <- domain gap indicator (DA-0 baseline, L-D only, cls-only)
15-09-26 15:13:11:   epoch 21 batch 0: collate wait 3.1s, fwd+bwd+step 0.3s
15-09-26 15:13:15:   epoch 21 batch 1: collate wait 3.4s, fwd+bwd+step 0.3s
15-09-26 15:13:18:   epoch 21 batch 2: collate wait 2.8s, fwd+bwd+step 0.3s
15-09-26 15:13:21:   epoch 21 batch 3: collate wait 3.1s, fwd+bwd+step 0.3s
15-09-26 15:13:25:   epoch 21 batch 4: collate wait 3.4s, fwd+bwd+step 0.3s
15-09-26 15:13:28:   epoch 21 batch 5: collate wait 2.9s, fwd+bwd+step 0.3s
15-09-26 15:13:32:   epoch 21 batch 6: collate wait 3.8s, fwd+bwd+step 0.3s
15-09-26 15:13:36:   epoch 21 batch 7: collate wait 3.7s, fwd+bwd+step 0.3s
15-09-26 15:13:39:   epoch 21 batch 8: collate wait 2.8s, fwd+bwd+step 0.3s
15-09-26 15:13:43:   epoch 21 batch 9: collate wait 3.6s, fwd+bwd+step 0.3s
15-09-26 15:13:47:   epoch 21 batch 10: collate wait 3.4s, fwd+bwd+step 0.3s
15-09-26 15:13:50:   epoch 21 batch 11: collate wait 3.6s, fwd+bwd+step 0.3s
15-09-26 15:13:54:   epoch 21 batch 12: collate wait 3.5s, fwd+bwd+step 0.3s
15-09-26 15:13:58:   epoch 21 batch 13: collate wait 3.5s, fwd+bwd+step 0.3s
15-09-26 15:14:01:   epoch 21 batch 14: collate wait 3.1s, fwd+bwd+step 0.3s
15-09-26 15:14:05:   epoch 21 batch 15: collate wait 3.8s, fwd+bwd+step 0.3s
15-09-26 15:14:05: Trn - Source 21, cls loss: 0.0351, seg loss: 0.7443, kendall s_cls: -0.3253, s_seg: 0.1592
15-09-26 15:14:14: Val - Source 21, cls acc: 1.0000, cls avg acc: 1.0000, cls loss: 0.0193, seg loss: 1.0600, total loss: 0.8477
15-09-26 15:14:14: Val - Source 21, Tomato seg: loss=1.4355, mIoU=0.3876, acc=0.7469
15-09-26 15:14:14: Val - Source 21, Maize seg: loss=0.9235, mIoU=0.4283, acc=0.8642
15-09-26 15:14:24: Eval(no-train) - Target 21, acc: 0.3968, avg acc: 0.5250, cls loss: 4.1922  <- domain gap indicator (DA-0 baseline, L-D only, cls-only)
15-09-26 15:14:27:   epoch 22 batch 0: collate wait 3.2s, fwd+bwd+step 0.3s
15-09-26 15:14:30:   epoch 22 batch 1: collate wait 3.0s, fwd+bwd+step 0.3s
15-09-26 15:14:34:   epoch 22 batch 2: collate wait 3.0s, fwd+bwd+step 0.3s
15-09-26 15:14:37:   epoch 22 batch 3: collate wait 2.7s, fwd+bwd+step 0.3s
15-09-26 15:14:41:   epoch 22 batch 4: collate wait 3.6s, fwd+bwd+step 0.3s
15-09-26 15:14:44:   epoch 22 batch 5: collate wait 3.2s, fwd+bwd+step 0.3s
15-09-26 15:14:47:   epoch 22 batch 6: collate wait 2.9s, fwd+bwd+step 0.3s
15-09-26 15:14:51:   epoch 22 batch 7: collate wait 3.2s, fwd+bwd+step 0.3s
15-09-26 15:14:54:   epoch 22 batch 8: collate wait 3.4s, fwd+bwd+step 0.3s
15-09-26 15:14:58:   epoch 22 batch 9: collate wait 3.1s, fwd+bwd+step 0.3s
15-09-26 15:15:01:   epoch 22 batch 10: collate wait 3.5s, fwd+bwd+step 0.3s
15-09-26 15:15:05:   epoch 22 batch 11: collate wait 3.1s, fwd+bwd+step 0.3s
15-09-26 15:15:08:   epoch 22 batch 12: collate wait 2.9s, fwd+bwd+step 0.3s
15-09-26 15:15:11:   epoch 22 batch 13: collate wait 3.0s, fwd+bwd+step 0.3s
15-09-26 15:15:15:   epoch 22 batch 14: collate wait 3.3s, fwd+bwd+step 0.3s
15-09-26 15:15:19:   epoch 22 batch 15: collate wait 3.5s, fwd+bwd+step 0.3s
15-09-26 15:15:19: Trn - Source 22, cls loss: 0.0495, seg loss: 0.7208, kendall s_cls: -0.3380, s_seg: 0.1627
15-09-26 15:15:27: Val - Source 22, cls acc: 1.0000, cls avg acc: 1.0000, cls loss: 0.0012, seg loss: 0.8554, total loss: 0.6410
15-09-26 15:15:27: Val - Source 22, Tomato seg: loss=1.2060, mIoU=0.3984, acc=0.7673
15-09-26 15:15:27: Val - Source 22, Maize seg: loss=0.7279, mIoU=0.4369, acc=0.8624
15-09-26 15:15:37: Eval(no-train) - Target 22, acc: 0.9048, avg acc: 0.8696, cls loss: 0.2799  <- domain gap indicator (DA-0 baseline, L-D only, cls-only)
15-09-26 15:15:41:   epoch 23 batch 0: collate wait 3.9s, fwd+bwd+step 0.3s
15-09-26 15:15:44:   epoch 23 batch 1: collate wait 3.0s, fwd+bwd+step 0.3s
15-09-26 15:15:48:   epoch 23 batch 2: collate wait 3.3s, fwd+bwd+step 0.3s
15-09-26 15:15:51:   epoch 23 batch 3: collate wait 3.1s, fwd+bwd+step 0.3s
15-09-26 15:15:54:   epoch 23 batch 4: collate wait 2.5s, fwd+bwd+step 0.2s
15-09-26 15:15:57:   epoch 23 batch 5: collate wait 3.0s, fwd+bwd+step 0.3s
15-09-26 15:16:01:   epoch 23 batch 6: collate wait 3.2s, fwd+bwd+step 0.3s
15-09-26 15:16:05:   epoch 23 batch 7: collate wait 3.7s, fwd+bwd+step 0.3s
15-09-26 15:16:08:   epoch 23 batch 8: collate wait 3.4s, fwd+bwd+step 0.3s
15-09-26 15:16:12:   epoch 23 batch 9: collate wait 3.6s, fwd+bwd+step 0.3s
15-09-26 15:16:16:   epoch 23 batch 10: collate wait 3.1s, fwd+bwd+step 0.3s
15-09-26 15:16:19:   epoch 23 batch 11: collate wait 3.5s, fwd+bwd+step 0.3s
15-09-26 15:16:23:   epoch 23 batch 12: collate wait 3.6s, fwd+bwd+step 0.3s
15-09-26 15:16:27:   epoch 23 batch 13: collate wait 3.6s, fwd+bwd+step 0.3s
15-09-26 15:16:30:   epoch 23 batch 14: collate wait 2.8s, fwd+bwd+step 0.2s
15-09-26 15:16:34:   epoch 23 batch 15: collate wait 3.4s, fwd+bwd+step 0.3s
15-09-26 15:16:34: Trn - Source 23, cls loss: 0.0160, seg loss: 0.6906, kendall s_cls: -0.3512, s_seg: 0.1655
15-09-26 15:16:43: Val - Source 23, cls acc: 1.0000, cls avg acc: 1.0000, cls loss: 0.0033, seg loss: 0.7962, total loss: 0.5866
15-09-26 15:16:43: Val - Source 23, Tomato seg: loss=1.1830, mIoU=0.3776, acc=0.7375
15-09-26 15:16:43: Val - Source 23, Maize seg: loss=0.6556, mIoU=0.4449, acc=0.8875
15-09-26 15:16:53: Eval(no-train) - Target 23, acc: 0.9048, avg acc: 0.8696, cls loss: 0.4986  <- domain gap indicator (DA-0 baseline, L-D only, cls-only)
15-09-26 15:16:56:   epoch 24 batch 0: collate wait 3.0s, fwd+bwd+step 0.3s
15-09-26 15:17:00:   epoch 24 batch 1: collate wait 3.7s, fwd+bwd+step 0.3s
15-09-26 15:17:04:   epoch 24 batch 2: collate wait 3.6s, fwd+bwd+step 0.3s
15-09-26 15:17:08:   epoch 24 batch 3: collate wait 3.5s, fwd+bwd+step 0.3s
15-09-26 15:17:12:   epoch 24 batch 4: collate wait 3.7s, fwd+bwd+step 0.3s
15-09-26 15:17:15:   epoch 24 batch 5: collate wait 3.4s, fwd+bwd+step 0.3s
15-09-26 15:17:19:   epoch 24 batch 6: collate wait 3.2s, fwd+bwd+step 0.3s
15-09-26 15:17:23:   epoch 24 batch 7: collate wait 3.5s, fwd+bwd+step 0.3s
15-09-26 15:17:27:   epoch 24 batch 8: collate wait 3.7s, fwd+bwd+step 0.3s
15-09-26 15:17:30:   epoch 24 batch 9: collate wait 3.0s, fwd+bwd+step 0.3s
15-09-26 15:17:33:   epoch 24 batch 10: collate wait 3.4s, fwd+bwd+step 0.3s
15-09-26 15:17:37:   epoch 24 batch 11: collate wait 2.8s, fwd+bwd+step 0.3s
15-09-26 15:17:40:   epoch 24 batch 12: collate wait 3.1s, fwd+bwd+step 0.3s
15-09-26 15:17:44:   epoch 24 batch 13: collate wait 3.6s, fwd+bwd+step 0.3s
15-09-26 15:17:48:   epoch 24 batch 14: collate wait 3.5s, fwd+bwd+step 0.3s
15-09-26 15:17:51:   epoch 24 batch 15: collate wait 3.0s, fwd+bwd+step 0.3s
15-09-26 15:17:51: Trn - Source 24, cls loss: 0.0158, seg loss: 0.7483, kendall s_cls: -0.3650, s_seg: 0.1686
15-09-26 15:18:00: Val - Source 24, cls acc: 1.0000, cls avg acc: 1.0000, cls loss: 0.0021, seg loss: 1.0363, total loss: 0.7804
15-09-26 15:18:00: Val - Source 24, Tomato seg: loss=1.6961, mIoU=0.4076, acc=0.7958
15-09-26 15:18:00: Val - Source 24, Maize seg: loss=0.7964, mIoU=0.4460, acc=0.8704
15-09-26 15:18:10: Eval(no-train) - Target 24, acc: 0.8254, avg acc: 0.8071, cls loss: 0.4894  <- domain gap indicator (DA-0 baseline, L-D only, cls-only)
15-09-26 15:18:14:   epoch 25 batch 0: collate wait 4.1s, fwd+bwd+step 0.3s
15-09-26 15:18:17:   epoch 25 batch 1: collate wait 3.0s, fwd+bwd+step 0.3s
15-09-26 15:18:21:   epoch 25 batch 2: collate wait 3.2s, fwd+bwd+step 0.3s
15-09-26 15:18:24:   epoch 25 batch 3: collate wait 3.2s, fwd+bwd+step 0.3s
15-09-26 15:18:28:   epoch 25 batch 4: collate wait 3.7s, fwd+bwd+step 0.3s
15-09-26 15:18:32:   epoch 25 batch 5: collate wait 3.3s, fwd+bwd+step 0.3s
15-09-26 15:18:35:   epoch 25 batch 6: collate wait 3.2s, fwd+bwd+step 0.3s
15-09-26 15:18:39:   epoch 25 batch 7: collate wait 3.3s, fwd+bwd+step 0.3s
15-09-26 15:18:43:   epoch 25 batch 8: collate wait 3.4s, fwd+bwd+step 0.3s
15-09-26 15:18:47:   epoch 25 batch 9: collate wait 3.5s, fwd+bwd+step 0.3s
15-09-26 15:18:50:   epoch 25 batch 10: collate wait 3.3s, fwd+bwd+step 0.3s
15-09-26 15:18:54:   epoch 25 batch 11: collate wait 3.9s, fwd+bwd+step 0.3s
15-09-26 15:18:58:   epoch 25 batch 12: collate wait 3.1s, fwd+bwd+step 0.3s
15-09-26 15:19:01:   epoch 25 batch 13: collate wait 3.0s, fwd+bwd+step 0.3s
15-09-26 15:19:04:   epoch 25 batch 14: collate wait 3.1s, fwd+bwd+step 0.3s
15-09-26 15:19:08:   epoch 25 batch 15: collate wait 3.6s, fwd+bwd+step 0.3s
15-09-26 15:19:08: Trn - Source 25, cls loss: 0.1142, seg loss: 0.7418, kendall s_cls: -0.3752, s_seg: 0.1723
15-09-26 15:19:17: Val - Source 25, cls acc: 0.9556, cls avg acc: 0.9167, cls loss: 0.0693, seg loss: 0.9049, total loss: 0.7611
15-09-26 15:19:17: Val - Source 25, Tomato seg: loss=1.3404, mIoU=0.4015, acc=0.7856
15-09-26 15:19:17: Val - Source 25, Maize seg: loss=0.7466, mIoU=0.4381, acc=0.8730
15-09-26 15:19:27: Eval(no-train) - Target 25, acc: 0.3651, avg acc: 0.5000, cls loss: 5.5257  <- domain gap indicator (DA-0 baseline, L-D only, cls-only)
15-09-26 15:19:30:   epoch 26 batch 0: collate wait 2.8s, fwd+bwd+step 0.3s
15-09-26 15:19:34:   epoch 26 batch 1: collate wait 3.2s, fwd+bwd+step 0.3s
15-09-26 15:19:37:   epoch 26 batch 2: collate wait 3.1s, fwd+bwd+step 0.3s
15-09-26 15:19:41:   epoch 26 batch 3: collate wait 3.4s, fwd+bwd+step 0.3s
15-09-26 15:19:44:   epoch 26 batch 4: collate wait 3.4s, fwd+bwd+step 0.3s
15-09-26 15:19:48:   epoch 26 batch 5: collate wait 3.0s, fwd+bwd+step 0.3s
15-09-26 15:19:52:   epoch 26 batch 6: collate wait 3.7s, fwd+bwd+step 0.3s
15-09-26 15:19:55:   epoch 26 batch 7: collate wait 3.5s, fwd+bwd+step 0.3s
15-09-26 15:19:59:   epoch 26 batch 8: collate wait 3.4s, fwd+bwd+step 0.3s
15-09-26 15:20:03:   epoch 26 batch 9: collate wait 3.2s, fwd+bwd+step 0.3s
15-09-26 15:20:06:   epoch 26 batch 10: collate wait 3.4s, fwd+bwd+step 0.3s
15-09-26 15:20:10:   epoch 26 batch 11: collate wait 3.7s, fwd+bwd+step 0.3s
15-09-26 15:20:14:   epoch 26 batch 12: collate wait 3.3s, fwd+bwd+step 0.3s
15-09-26 15:20:18:   epoch 26 batch 13: collate wait 3.5s, fwd+bwd+step 0.3s
15-09-26 15:20:21:   epoch 26 batch 14: collate wait 3.3s, fwd+bwd+step 0.3s
15-09-26 15:20:24:   epoch 26 batch 15: collate wait 3.0s, fwd+bwd+step 0.3s
15-09-26 15:20:24: Trn - Source 26, cls loss: 0.0069, seg loss: 0.7257, kendall s_cls: -0.3880, s_seg: 0.1756
15-09-26 15:20:34: Val - Source 26, cls acc: 1.0000, cls avg acc: 1.0000, cls loss: 0.0122, seg loss: 1.0781, total loss: 0.8163
15-09-26 15:20:34: Val - Source 26, Tomato seg: loss=1.3870, mIoU=0.3806, acc=0.7456
15-09-26 15:20:34: Val - Source 26, Maize seg: loss=0.9658, mIoU=0.4411, acc=0.8800
15-09-26 15:20:44: Eval(no-train) - Target 26, acc: 0.3810, avg acc: 0.5125, cls loss: 4.6839  <- domain gap indicator (DA-0 baseline, L-D only, cls-only)
15-09-26 15:20:47:   epoch 27 batch 0: collate wait 2.7s, fwd+bwd+step 0.3s
15-09-26 15:20:50:   epoch 27 batch 1: collate wait 3.1s, fwd+bwd+step 0.3s
15-09-26 15:20:54:   epoch 27 batch 2: collate wait 3.6s, fwd+bwd+step 0.3s
15-09-26 15:20:58:   epoch 27 batch 3: collate wait 3.5s, fwd+bwd+step 0.3s
15-09-26 15:21:01:   epoch 27 batch 4: collate wait 3.0s, fwd+bwd+step 0.3s
15-09-26 15:21:04:   epoch 27 batch 5: collate wait 3.0s, fwd+bwd+step 0.3s
15-09-26 15:21:07:   epoch 27 batch 6: collate wait 3.1s, fwd+bwd+step 0.3s
15-09-26 15:21:11:   epoch 27 batch 7: collate wait 3.4s, fwd+bwd+step 0.3s
15-09-26 15:21:15:   epoch 27 batch 8: collate wait 3.3s, fwd+bwd+step 0.3s
15-09-26 15:21:18:   epoch 27 batch 9: collate wait 3.2s, fwd+bwd+step 0.3s
15-09-26 15:21:21:   epoch 27 batch 10: collate wait 3.0s, fwd+bwd+step 0.3s
15-09-26 15:21:25:   epoch 27 batch 11: collate wait 3.0s, fwd+bwd+step 0.3s
15-09-26 15:21:28:   epoch 27 batch 12: collate wait 3.3s, fwd+bwd+step 0.3s
15-09-26 15:21:32:   epoch 27 batch 13: collate wait 3.3s, fwd+bwd+step 0.3s
15-09-26 15:21:35:   epoch 27 batch 14: collate wait 3.2s, fwd+bwd+step 0.3s
15-09-26 15:21:39:   epoch 27 batch 15: collate wait 3.1s, fwd+bwd+step 0.3s
15-09-26 15:21:39: Trn - Source 27, cls loss: 0.0091, seg loss: 0.7042, kendall s_cls: -0.4012, s_seg: 0.1784
15-09-26 15:21:48: Val - Source 27, cls acc: 1.0000, cls avg acc: 1.0000, cls loss: 0.0019, seg loss: 0.7390, total loss: 0.5097
15-09-26 15:21:48: Val - Source 27, Tomato seg: loss=1.0181, mIoU=0.3908, acc=0.7578
15-09-26 15:21:48: Val - Source 27, Maize seg: loss=0.6375, mIoU=0.4421, acc=0.8779
15-09-26 15:21:58: Eval(no-train) - Target 27, acc: 0.4921, avg acc: 0.6000, cls loss: 1.9641  <- domain gap indicator (DA-0 baseline, L-D only, cls-only)
15-09-26 15:22:01:   epoch 28 batch 0: collate wait 3.1s, fwd+bwd+step 0.3s
15-09-26 15:22:05:   epoch 28 batch 1: collate wait 3.8s, fwd+bwd+step 0.3s
15-09-26 15:22:08:   epoch 28 batch 2: collate wait 2.7s, fwd+bwd+step 0.3s
15-09-26 15:22:12:   epoch 28 batch 3: collate wait 3.5s, fwd+bwd+step 0.3s
15-09-26 15:22:16:   epoch 28 batch 4: collate wait 3.7s, fwd+bwd+step 0.3s
15-09-26 15:22:20:   epoch 28 batch 5: collate wait 3.7s, fwd+bwd+step 0.3s
15-09-26 15:22:23:   epoch 28 batch 6: collate wait 2.8s, fwd+bwd+step 0.3s
15-09-26 15:22:27:   epoch 28 batch 7: collate wait 3.3s, fwd+bwd+step 0.3s
15-09-26 15:22:30:   epoch 28 batch 8: collate wait 3.2s, fwd+bwd+step 0.3s
15-09-26 15:22:33:   epoch 28 batch 9: collate wait 2.8s, fwd+bwd+step 0.3s
15-09-26 15:22:37:   epoch 28 batch 10: collate wait 3.1s, fwd+bwd+step 0.3s
15-09-26 15:22:40:   epoch 28 batch 11: collate wait 3.4s, fwd+bwd+step 0.3s
15-09-26 15:22:44:   epoch 28 batch 12: collate wait 3.6s, fwd+bwd+step 0.3s
15-09-26 15:22:48:   epoch 28 batch 13: collate wait 3.2s, fwd+bwd+step 0.3s
15-09-26 15:22:51:   epoch 28 batch 14: collate wait 3.4s, fwd+bwd+step 0.3s
15-09-26 15:22:55:   epoch 28 batch 15: collate wait 3.5s, fwd+bwd+step 0.3s
15-09-26 15:22:55: Trn - Source 28, cls loss: 0.0136, seg loss: 0.6844, kendall s_cls: -0.4143, s_seg: 0.1808
15-09-26 15:23:04: Val - Source 28, cls acc: 1.0000, cls avg acc: 1.0000, cls loss: 0.0025, seg loss: 0.7284, total loss: 0.4949
15-09-26 15:23:04: Val - Source 28, Tomato seg: loss=1.0042, mIoU=0.3669, acc=0.7173
15-09-26 15:23:04: Val - Source 28, Maize seg: loss=0.6282, mIoU=0.4346, acc=0.8757
15-09-26 15:23:14: Eval(no-train) - Target 28, acc: 0.4603, avg acc: 0.5750, cls loss: 2.6696  <- domain gap indicator (DA-0 baseline, L-D only, cls-only)
15-09-26 15:23:18:   epoch 29 batch 0: collate wait 3.8s, fwd+bwd+step 0.3s
15-09-26 15:23:21:   epoch 29 batch 1: collate wait 3.0s, fwd+bwd+step 0.3s
15-09-26 15:23:24:   epoch 29 batch 2: collate wait 2.6s, fwd+bwd+step 0.3s
15-09-26 15:23:28:   epoch 29 batch 3: collate wait 3.1s, fwd+bwd+step 0.3s
15-09-26 15:23:32:   epoch 29 batch 4: collate wait 3.7s, fwd+bwd+step 0.3s
15-09-26 15:23:35:   epoch 29 batch 5: collate wait 3.6s, fwd+bwd+step 0.3s
15-09-26 15:23:39:   epoch 29 batch 6: collate wait 3.2s, fwd+bwd+step 0.3s
15-09-26 15:23:42:   epoch 29 batch 7: collate wait 3.0s, fwd+bwd+step 0.3s
15-09-26 15:23:46:   epoch 29 batch 8: collate wait 3.4s, fwd+bwd+step 0.3s
15-09-26 15:23:50:   epoch 29 batch 9: collate wait 3.5s, fwd+bwd+step 0.3s
15-09-26 15:23:54:   epoch 29 batch 10: collate wait 3.7s, fwd+bwd+step 0.3s
15-09-26 15:23:57:   epoch 29 batch 11: collate wait 3.3s, fwd+bwd+step 0.3s
15-09-26 15:24:01:   epoch 29 batch 12: collate wait 3.5s, fwd+bwd+step 0.3s
15-09-26 15:24:05:   epoch 29 batch 13: collate wait 3.6s, fwd+bwd+step 0.3s
15-09-26 15:24:09:   epoch 29 batch 14: collate wait 3.3s, fwd+bwd+step 0.3s
15-09-26 15:24:11:   epoch 29 batch 15: collate wait 2.6s, fwd+bwd+step 0.3s
15-09-26 15:24:11: Trn - Source 29, cls loss: 0.0074, seg loss: 0.6416, kendall s_cls: -0.4273, s_seg: 0.1823
15-09-26 15:24:21: Val - Source 29, cls acc: 1.0000, cls avg acc: 1.0000, cls loss: 0.0039, seg loss: 0.8070, total loss: 0.5561
15-09-26 15:24:21: Val - Source 29, Tomato seg: loss=1.2049, mIoU=0.4028, acc=0.7840
15-09-26 15:24:21: Val - Source 29, Maize seg: loss=0.6623, mIoU=0.4536, acc=0.8910
15-09-26 15:24:31: Eval(no-train) - Target 29, acc: 0.4127, avg acc: 0.5375, cls loss: 4.0139  <- domain gap indicator (DA-0 baseline, L-D only, cls-only)
15-09-26 15:24:34:   epoch 30 batch 0: collate wait 3.5s, fwd+bwd+step 0.3s
15-09-26 15:24:38:   epoch 30 batch 1: collate wait 3.5s, fwd+bwd+step 0.3s
15-09-26 15:24:41:   epoch 30 batch 2: collate wait 2.8s, fwd+bwd+step 0.3s
15-09-26 15:24:45:   epoch 30 batch 3: collate wait 3.3s, fwd+bwd+step 0.3s
15-09-26 15:24:48:   epoch 30 batch 4: collate wait 3.1s, fwd+bwd+step 0.3s
15-09-26 15:24:52:   epoch 30 batch 5: collate wait 3.6s, fwd+bwd+step 0.3s
15-09-26 15:24:56:   epoch 30 batch 6: collate wait 3.2s, fwd+bwd+step 0.3s
15-09-26 15:24:59:   epoch 30 batch 7: collate wait 3.1s, fwd+bwd+step 0.3s
15-09-26 15:25:03:   epoch 30 batch 8: collate wait 3.4s, fwd+bwd+step 0.3s
15-09-26 15:25:06:   epoch 30 batch 9: collate wait 2.6s, fwd+bwd+step 0.3s
15-09-26 15:25:09:   epoch 30 batch 10: collate wait 3.1s, fwd+bwd+step 0.3s
15-09-26 15:25:13:   epoch 30 batch 11: collate wait 3.3s, fwd+bwd+step 0.3s
15-09-26 15:25:17:   epoch 30 batch 12: collate wait 3.7s, fwd+bwd+step 0.3s
15-09-26 15:25:20:   epoch 30 batch 13: collate wait 3.5s, fwd+bwd+step 0.3s
15-09-26 15:25:24:   epoch 30 batch 14: collate wait 3.0s, fwd+bwd+step 0.3s
15-09-26 15:25:27:   epoch 30 batch 15: collate wait 3.1s, fwd+bwd+step 0.2s
15-09-26 15:25:27: Trn - Source 30, cls loss: 0.0091, seg loss: 0.6470, kendall s_cls: -0.4400, s_seg: 0.1835
15-09-26 15:25:36: Val - Source 30, cls acc: 1.0000, cls avg acc: 1.0000, cls loss: 0.0006, seg loss: 0.8241, total loss: 0.5586
15-09-26 15:25:36: Val - Source 30, Tomato seg: loss=1.0492, mIoU=0.3993, acc=0.7744
15-09-26 15:25:36: Val - Source 30, Maize seg: loss=0.7422, mIoU=0.4363, acc=0.8768
15-09-26 15:25:45: Eval(no-train) - Target 30, acc: 0.5873, avg acc: 0.6750, cls loss: 0.9889  <- domain gap indicator (DA-0 baseline, L-D only, cls-only)
15-09-26 15:25:48:   epoch 31 batch 0: collate wait 3.2s, fwd+bwd+step 0.3s
15-09-26 15:25:52:   epoch 31 batch 1: collate wait 3.3s, fwd+bwd+step 0.2s
15-09-26 15:25:55:   epoch 31 batch 2: collate wait 3.1s, fwd+bwd+step 0.3s
15-09-26 15:25:59:   epoch 31 batch 3: collate wait 3.3s, fwd+bwd+step 0.3s
15-09-26 15:26:02:   epoch 31 batch 4: collate wait 3.0s, fwd+bwd+step 0.3s
15-09-26 15:26:06:   epoch 31 batch 5: collate wait 3.4s, fwd+bwd+step 0.3s
15-09-26 15:26:09:   epoch 31 batch 6: collate wait 3.2s, fwd+bwd+step 0.3s
15-09-26 15:26:12:   epoch 31 batch 7: collate wait 2.9s, fwd+bwd+step 0.3s
15-09-26 15:26:16:   epoch 31 batch 8: collate wait 3.4s, fwd+bwd+step 0.3s
15-09-26 15:26:20:   epoch 31 batch 9: collate wait 3.3s, fwd+bwd+step 0.3s
15-09-26 15:26:22:   epoch 31 batch 10: collate wait 2.5s, fwd+bwd+step 0.3s
15-09-26 15:26:25:   epoch 31 batch 11: collate wait 2.8s, fwd+bwd+step 0.3s
15-09-26 15:26:28:   epoch 31 batch 12: collate wait 2.9s, fwd+bwd+step 0.3s
15-09-26 15:26:31:   epoch 31 batch 13: collate wait 2.7s, fwd+bwd+step 0.3s
15-09-26 15:26:35:   epoch 31 batch 14: collate wait 3.7s, fwd+bwd+step 0.3s
15-09-26 15:26:39:   epoch 31 batch 15: collate wait 3.1s, fwd+bwd+step 0.3s
15-09-26 15:26:39: Trn - Source 31, cls loss: 0.0027, seg loss: 0.6871, kendall s_cls: -0.4527, s_seg: 0.1853
15-09-26 15:26:48: Val - Source 31, cls acc: 1.0000, cls avg acc: 1.0000, cls loss: 0.0002, seg loss: 0.7944, total loss: 0.5267
15-09-26 15:26:48: Val - Source 31, Tomato seg: loss=1.2914, mIoU=0.4224, acc=0.8111
15-09-26 15:26:48: Val - Source 31, Maize seg: loss=0.6137, mIoU=0.4409, acc=0.8707
15-09-26 15:26:57: Eval(no-train) - Target 31, acc: 0.9524, avg acc: 0.9440, cls loss: 0.1489  <- domain gap indicator (DA-0 baseline, L-D only, cls-only)
15-09-26 15:27:00:   epoch 32 batch 0: collate wait 2.8s, fwd+bwd+step 0.3s
15-09-26 15:27:04:   epoch 32 batch 1: collate wait 3.2s, fwd+bwd+step 0.3s
15-09-26 15:27:07:   epoch 32 batch 2: collate wait 3.2s, fwd+bwd+step 0.3s
15-09-26 15:27:11:   epoch 32 batch 3: collate wait 3.7s, fwd+bwd+step 0.3s
15-09-26 15:27:15:   epoch 32 batch 4: collate wait 3.5s, fwd+bwd+step 0.3s
15-09-26 15:27:19:   epoch 32 batch 5: collate wait 3.7s, fwd+bwd+step 0.3s
15-09-26 15:27:23:   epoch 32 batch 6: collate wait 3.5s, fwd+bwd+step 0.3s
15-09-26 15:27:26:   epoch 32 batch 7: collate wait 2.7s, fwd+bwd+step 0.3s
15-09-26 15:27:29:   epoch 32 batch 8: collate wait 3.3s, fwd+bwd+step 0.3s
15-09-26 15:27:33:   epoch 32 batch 9: collate wait 3.0s, fwd+bwd+step 0.3s
15-09-26 15:27:36:   epoch 32 batch 10: collate wait 3.5s, fwd+bwd+step 0.3s
15-09-26 15:27:40:   epoch 32 batch 11: collate wait 3.3s, fwd+bwd+step 0.3s
15-09-26 15:27:44:   epoch 32 batch 12: collate wait 3.7s, fwd+bwd+step 0.3s
15-09-26 15:27:48:   epoch 32 batch 13: collate wait 3.6s, fwd+bwd+step 0.3s
15-09-26 15:27:52:   epoch 32 batch 14: collate wait 3.8s, fwd+bwd+step 0.3s
15-09-26 15:27:56:   epoch 32 batch 15: collate wait 3.5s, fwd+bwd+step 0.3s
15-09-26 15:27:56: Trn - Source 32, cls loss: 0.0689, seg loss: 0.6427, kendall s_cls: -0.4644, s_seg: 0.1867
15-09-26 15:28:05: Val - Source 32, cls acc: 1.0000, cls avg acc: 1.0000, cls loss: 0.0008, seg loss: 0.8214, total loss: 0.5438
15-09-26 15:28:05: Val - Source 32, Tomato seg: loss=1.2285, mIoU=0.3847, acc=0.7464
15-09-26 15:28:05: Val - Source 32, Maize seg: loss=0.6734, mIoU=0.4448, acc=0.8801
15-09-26 15:28:15: Eval(no-train) - Target 32, acc: 0.6508, avg acc: 0.7250, cls loss: 0.7683  <- domain gap indicator (DA-0 baseline, L-D only, cls-only)
15-09-26 15:28:18:   epoch 33 batch 0: collate wait 2.8s, fwd+bwd+step 0.3s
15-09-26 15:28:21:   epoch 33 batch 1: collate wait 3.1s, fwd+bwd+step 0.3s
15-09-26 15:28:24:   epoch 33 batch 2: collate wait 3.1s, fwd+bwd+step 0.3s
15-09-26 15:28:28:   epoch 33 batch 3: collate wait 3.0s, fwd+bwd+step 0.3s
15-09-26 15:28:32:   epoch 33 batch 4: collate wait 3.7s, fwd+bwd+step 0.3s
15-09-26 15:28:36:   epoch 33 batch 5: collate wait 4.0s, fwd+bwd+step 0.3s
15-09-26 15:28:39:   epoch 33 batch 6: collate wait 3.0s, fwd+bwd+step 0.3s
15-09-26 15:28:43:   epoch 33 batch 7: collate wait 3.6s, fwd+bwd+step 0.3s
15-09-26 15:28:46:   epoch 33 batch 8: collate wait 2.8s, fwd+bwd+step 0.3s
15-09-26 15:28:50:   epoch 33 batch 9: collate wait 3.1s, fwd+bwd+step 0.3s
15-09-26 15:28:54:   epoch 33 batch 10: collate wait 3.8s, fwd+bwd+step 0.3s
15-09-26 15:28:57:   epoch 33 batch 11: collate wait 2.8s, fwd+bwd+step 0.3s
15-09-26 15:29:00:   epoch 33 batch 12: collate wait 3.1s, fwd+bwd+step 0.3s
15-09-26 15:29:04:   epoch 33 batch 13: collate wait 3.6s, fwd+bwd+step 0.3s
15-09-26 15:29:08:   epoch 33 batch 14: collate wait 3.8s, fwd+bwd+step 0.3s
15-09-26 15:29:12:   epoch 33 batch 15: collate wait 3.2s, fwd+bwd+step 0.3s
15-09-26 15:29:12: Trn - Source 33, cls loss: 0.0210, seg loss: 0.6917, kendall s_cls: -0.4748, s_seg: 0.1882
15-09-26 15:29:21: Val - Source 33, cls acc: 1.0000, cls avg acc: 1.0000, cls loss: 0.0027, seg loss: 0.7943, total loss: 0.5192
15-09-26 15:29:21: Val - Source 33, Tomato seg: loss=1.1211, mIoU=0.3837, acc=0.7445
15-09-26 15:29:21: Val - Source 33, Maize seg: loss=0.6755, mIoU=0.4439, acc=0.8795
15-09-26 15:29:30: Eval(no-train) - Target 33, acc: 0.3810, avg acc: 0.5125, cls loss: 6.1404  <- domain gap indicator (DA-0 baseline, L-D only, cls-only)
15-09-26 15:29:34:   epoch 34 batch 0: collate wait 3.5s, fwd+bwd+step 0.3s
15-09-26 15:29:37:   epoch 34 batch 1: collate wait 3.0s, fwd+bwd+step 0.3s
15-09-26 15:29:41:   epoch 34 batch 2: collate wait 3.5s, fwd+bwd+step 0.3s
15-09-26 15:29:45:   epoch 34 batch 3: collate wait 3.3s, fwd+bwd+step 0.3s
15-09-26 15:29:48:   epoch 34 batch 4: collate wait 3.3s, fwd+bwd+step 0.3s
15-09-26 15:29:52:   epoch 34 batch 5: collate wait 3.1s, fwd+bwd+step 0.3s
15-09-26 15:29:56:   epoch 34 batch 6: collate wait 3.5s, fwd+bwd+step 0.3s
15-09-26 15:29:59:   epoch 34 batch 7: collate wait 3.4s, fwd+bwd+step 0.3s
15-09-26 15:30:03:   epoch 34 batch 8: collate wait 3.6s, fwd+bwd+step 0.3s
15-09-26 15:30:07:   epoch 34 batch 9: collate wait 3.3s, fwd+bwd+step 0.3s
15-09-26 15:30:10:   epoch 34 batch 10: collate wait 3.1s, fwd+bwd+step 0.3s
15-09-26 15:30:13:   epoch 34 batch 11: collate wait 2.7s, fwd+bwd+step 0.3s
15-09-26 15:30:17:   epoch 34 batch 12: collate wait 3.3s, fwd+bwd+step 0.3s
15-09-26 15:30:20:   epoch 34 batch 13: collate wait 3.5s, fwd+bwd+step 0.3s
15-09-26 15:30:23:   epoch 34 batch 14: collate wait 3.0s, fwd+bwd+step 0.2s
15-09-26 15:30:27:   epoch 34 batch 15: collate wait 2.9s, fwd+bwd+step 0.3s
15-09-26 15:30:27: Trn - Source 34, cls loss: 0.0626, seg loss: 0.7195, kendall s_cls: -0.4850, s_seg: 0.1908
15-09-26 15:30:35: Val - Source 34, cls acc: 1.0000, cls avg acc: 1.0000, cls loss: 0.0019, seg loss: 1.0188, total loss: 0.6979
15-09-26 15:30:35: Val - Source 34, Tomato seg: loss=1.2165, mIoU=0.3813, acc=0.7421
15-09-26 15:30:35: Val - Source 34, Maize seg: loss=0.9469, mIoU=0.4398, acc=0.8808
15-09-26 15:30:44: Eval(no-train) - Target 34, acc: 0.9206, avg acc: 0.8913, cls loss: 0.1797  <- domain gap indicator (DA-0 baseline, L-D only, cls-only)
15-09-26 15:30:47:   epoch 35 batch 0: collate wait 3.0s, fwd+bwd+step 0.3s
15-09-26 15:30:50:   epoch 35 batch 1: collate wait 2.6s, fwd+bwd+step 0.3s
15-09-26 15:30:53:   epoch 35 batch 2: collate wait 2.7s, fwd+bwd+step 0.3s
15-09-26 15:30:57:   epoch 35 batch 3: collate wait 3.2s, fwd+bwd+step 0.3s
15-09-26 15:31:00:   epoch 35 batch 4: collate wait 3.0s, fwd+bwd+step 0.3s
15-09-26 15:31:03:   epoch 35 batch 5: collate wait 3.2s, fwd+bwd+step 0.3s
15-09-26 15:31:07:   epoch 35 batch 6: collate wait 3.1s, fwd+bwd+step 0.2s
15-09-26 15:31:10:   epoch 35 batch 7: collate wait 2.8s, fwd+bwd+step 0.2s
15-09-26 15:31:13:   epoch 35 batch 8: collate wait 3.0s, fwd+bwd+step 0.3s
15-09-26 15:31:16:   epoch 35 batch 9: collate wait 2.7s, fwd+bwd+step 0.3s
15-09-26 15:31:19:   epoch 35 batch 10: collate wait 2.9s, fwd+bwd+step 0.2s
15-09-26 15:31:23:   epoch 35 batch 11: collate wait 3.2s, fwd+bwd+step 0.3s
15-09-26 15:31:26:   epoch 35 batch 12: collate wait 3.1s, fwd+bwd+step 0.3s
15-09-26 15:31:29:   epoch 35 batch 13: collate wait 3.1s, fwd+bwd+step 0.3s
15-09-26 15:31:33:   epoch 35 batch 14: collate wait 3.5s, fwd+bwd+step 0.3s
15-09-26 15:31:37:   epoch 35 batch 15: collate wait 3.4s, fwd+bwd+step 0.3s
15-09-26 15:31:37: Trn - Source 35, cls loss: 0.0179, seg loss: 0.7160, kendall s_cls: -0.4958, s_seg: 0.1935
15-09-26 15:31:46: Val - Source 35, cls acc: 1.0000, cls avg acc: 1.0000, cls loss: 0.0002, seg loss: 0.9993, total loss: 0.6727
15-09-26 15:31:46: Val - Source 35, Tomato seg: loss=1.7276, mIoU=0.3848, acc=0.7448
15-09-26 15:31:46: Val - Source 35, Maize seg: loss=0.7345, mIoU=0.4472, acc=0.8827
15-09-26 15:31:56: Eval(no-train) - Target 35, acc: 1.0000, avg acc: 1.0000, cls loss: 0.1808  <- domain gap indicator (DA-0 baseline, L-D only, cls-only)
15-09-26 15:31:59:   epoch 36 batch 0: collate wait 3.4s, fwd+bwd+step 0.3s
15-09-26 15:32:03:   epoch 36 batch 1: collate wait 3.3s, fwd+bwd+step 0.3s
15-09-26 15:32:07:   epoch 36 batch 2: collate wait 3.5s, fwd+bwd+step 0.3s
15-09-26 15:32:10:   epoch 36 batch 3: collate wait 3.0s, fwd+bwd+step 0.3s
15-09-26 15:32:13:   epoch 36 batch 4: collate wait 3.3s, fwd+bwd+step 0.3s
15-09-26 15:32:17:   epoch 36 batch 5: collate wait 3.4s, fwd+bwd+step 0.3s
15-09-26 15:32:21:   epoch 36 batch 6: collate wait 3.7s, fwd+bwd+step 0.3s
15-09-26 15:32:24:   epoch 36 batch 7: collate wait 2.7s, fwd+bwd+step 0.3s
15-09-26 15:32:28:   epoch 36 batch 8: collate wait 3.5s, fwd+bwd+step 0.3s
15-09-26 15:32:32:   epoch 36 batch 9: collate wait 3.8s, fwd+bwd+step 0.3s
15-09-26 15:32:35:   epoch 36 batch 10: collate wait 3.2s, fwd+bwd+step 0.3s
15-09-26 15:32:39:   epoch 36 batch 11: collate wait 3.7s, fwd+bwd+step 0.3s
15-09-26 15:32:43:   epoch 36 batch 12: collate wait 3.3s, fwd+bwd+step 0.3s
15-09-26 15:32:46:   epoch 36 batch 13: collate wait 3.2s, fwd+bwd+step 0.3s
15-09-26 15:32:50:   epoch 36 batch 14: collate wait 3.2s, fwd+bwd+step 0.3s
15-09-26 15:32:53:   epoch 36 batch 15: collate wait 3.2s, fwd+bwd+step 0.3s
15-09-26 15:32:53: Trn - Source 36, cls loss: 0.0058, seg loss: 0.6799, kendall s_cls: -0.5070, s_seg: 0.1958
15-09-26 15:33:03: Val - Source 36, cls acc: 1.0000, cls avg acc: 1.0000, cls loss: 0.0003, seg loss: 0.7858, total loss: 0.4910
15-09-26 15:33:03: Val - Source 36, Tomato seg: loss=1.2093, mIoU=0.3924, acc=0.7650
15-09-26 15:33:03: Val - Source 36, Maize seg: loss=0.6318, mIoU=0.4573, acc=0.8992
15-09-26 15:33:13: Eval(no-train) - Target 36, acc: 0.8571, avg acc: 0.8505, cls loss: 0.2825  <- domain gap indicator (DA-0 baseline, L-D only, cls-only)
15-09-26 15:33:17:   epoch 37 batch 0: collate wait 3.6s, fwd+bwd+step 0.3s
15-09-26 15:33:20:   epoch 37 batch 1: collate wait 3.4s, fwd+bwd+step 0.3s
15-09-26 15:33:24:   epoch 37 batch 2: collate wait 3.1s, fwd+bwd+step 0.3s
15-09-26 15:33:28:   epoch 37 batch 3: collate wait 3.9s, fwd+bwd+step 0.3s
15-09-26 15:33:32:   epoch 37 batch 4: collate wait 4.0s, fwd+bwd+step 0.3s
15-09-26 15:33:36:   epoch 37 batch 5: collate wait 3.5s, fwd+bwd+step 0.3s
15-09-26 15:33:39:   epoch 37 batch 6: collate wait 3.3s, fwd+bwd+step 0.3s
15-09-26 15:33:43:   epoch 37 batch 7: collate wait 2.8s, fwd+bwd+step 0.3s
15-09-26 15:33:46:   epoch 37 batch 8: collate wait 3.5s, fwd+bwd+step 0.3s
15-09-26 15:33:50:   epoch 37 batch 9: collate wait 3.3s, fwd+bwd+step 0.3s
15-09-26 15:33:53:   epoch 37 batch 10: collate wait 3.0s, fwd+bwd+step 0.3s
15-09-26 15:33:57:   epoch 37 batch 11: collate wait 3.3s, fwd+bwd+step 0.3s
15-09-26 15:34:00:   epoch 37 batch 12: collate wait 3.3s, fwd+bwd+step 0.3s
15-09-26 15:34:03:   epoch 37 batch 13: collate wait 2.8s, fwd+bwd+step 0.3s
15-09-26 15:34:07:   epoch 37 batch 14: collate wait 3.3s, fwd+bwd+step 0.3s
15-09-26 15:34:11:   epoch 37 batch 15: collate wait 3.3s, fwd+bwd+step 0.3s
15-09-26 15:34:11: Trn - Source 37, cls loss: 0.0100, seg loss: 0.6600, kendall s_cls: -0.5180, s_seg: 0.1974
15-09-26 15:34:20: Val - Source 37, cls acc: 1.0000, cls avg acc: 1.0000, cls loss: 0.0003, seg loss: 0.8995, total loss: 0.5786
15-09-26 15:34:20: Val - Source 37, Tomato seg: loss=1.4370, mIoU=0.3994, acc=0.7667
15-09-26 15:34:20: Val - Source 37, Maize seg: loss=0.7040, mIoU=0.4526, acc=0.8928
15-09-26 15:34:30: Eval(no-train) - Target 37, acc: 0.7143, avg acc: 0.7658, cls loss: 0.5296  <- domain gap indicator (DA-0 baseline, L-D only, cls-only)
15-09-26 15:34:33:   epoch 38 batch 0: collate wait 3.3s, fwd+bwd+step 0.3s
15-09-26 15:34:37:   epoch 38 batch 1: collate wait 3.7s, fwd+bwd+step 0.3s
15-09-26 15:34:41:   epoch 38 batch 2: collate wait 3.3s, fwd+bwd+step 0.3s
15-09-26 15:34:44:   epoch 38 batch 3: collate wait 3.1s, fwd+bwd+step 0.3s
15-09-26 15:34:48:   epoch 38 batch 4: collate wait 3.4s, fwd+bwd+step 0.3s
15-09-26 15:34:52:   epoch 38 batch 5: collate wait 3.2s, fwd+bwd+step 0.3s
15-09-26 15:34:56:   epoch 38 batch 6: collate wait 4.0s, fwd+bwd+step 0.3s
15-09-26 15:34:59:   epoch 38 batch 7: collate wait 3.0s, fwd+bwd+step 0.3s
15-09-26 15:35:02:   epoch 38 batch 8: collate wait 3.1s, fwd+bwd+step 0.3s
15-09-26 15:35:06:   epoch 38 batch 9: collate wait 2.8s, fwd+bwd+step 0.3s
15-09-26 15:35:09:   epoch 38 batch 10: collate wait 3.0s, fwd+bwd+step 0.3s
15-09-26 15:35:12:   epoch 38 batch 11: collate wait 3.3s, fwd+bwd+step 0.3s
15-09-26 15:35:16:   epoch 38 batch 12: collate wait 3.6s, fwd+bwd+step 0.3s
15-09-26 15:35:20:   epoch 38 batch 13: collate wait 3.5s, fwd+bwd+step 0.3s
15-09-26 15:35:23:   epoch 38 batch 14: collate wait 3.0s, fwd+bwd+step 0.3s
15-09-26 15:35:27:   epoch 38 batch 15: collate wait 3.4s, fwd+bwd+step 0.3s
15-09-26 15:35:27: Trn - Source 38, cls loss: 0.0057, seg loss: 0.6776, kendall s_cls: -0.5291, s_seg: 0.1989
15-09-26 15:35:37: Val - Source 38, cls acc: 1.0000, cls avg acc: 1.0000, cls loss: 0.0005, seg loss: 0.7735, total loss: 0.4698
15-09-26 15:35:37: Val - Source 38, Tomato seg: loss=1.0234, mIoU=0.3875, acc=0.7499
15-09-26 15:35:37: Val - Source 38, Maize seg: loss=0.6827, mIoU=0.4468, acc=0.8809
15-09-26 15:35:46: Eval(no-train) - Target 38, acc: 0.6508, avg acc: 0.7250, cls loss: 0.6407  <- domain gap indicator (DA-0 baseline, L-D only, cls-only)
15-09-26 15:35:50:   epoch 39 batch 0: collate wait 2.9s, fwd+bwd+step 0.3s
15-09-26 15:35:53:   epoch 39 batch 1: collate wait 3.0s, fwd+bwd+step 0.3s
15-09-26 15:35:56:   epoch 39 batch 2: collate wait 3.2s, fwd+bwd+step 0.3s
15-09-26 15:36:00:   epoch 39 batch 3: collate wait 3.7s, fwd+bwd+step 0.3s
15-09-26 15:36:04:   epoch 39 batch 4: collate wait 3.3s, fwd+bwd+step 0.3s
15-09-26 15:36:08:   epoch 39 batch 5: collate wait 3.5s, fwd+bwd+step 0.3s
15-09-26 15:36:12:   epoch 39 batch 6: collate wait 3.5s, fwd+bwd+step 0.3s
15-09-26 15:36:15:   epoch 39 batch 7: collate wait 3.3s, fwd+bwd+step 0.3s
15-09-26 15:36:19:   epoch 39 batch 8: collate wait 3.5s, fwd+bwd+step 0.3s
15-09-26 15:36:22:   epoch 39 batch 9: collate wait 3.0s, fwd+bwd+step 0.3s
15-09-26 15:36:26:   epoch 39 batch 10: collate wait 3.5s, fwd+bwd+step 0.3s
15-09-26 15:36:30:   epoch 39 batch 11: collate wait 3.5s, fwd+bwd+step 0.3s
15-09-26 15:36:34:   epoch 39 batch 12: collate wait 3.5s, fwd+bwd+step 0.3s
15-09-26 15:36:37:   epoch 39 batch 13: collate wait 3.2s, fwd+bwd+step 0.3s
15-09-26 15:36:41:   epoch 39 batch 14: collate wait 3.4s, fwd+bwd+step 0.3s
15-09-26 15:36:44:   epoch 39 batch 15: collate wait 3.3s, fwd+bwd+step 0.3s
15-09-26 15:36:44: Trn - Source 39, cls loss: 0.0017, seg loss: 0.6468, kendall s_cls: -0.5400, s_seg: 0.2000
15-09-26 15:36:54: Val - Source 39, cls acc: 1.0000, cls avg acc: 1.0000, cls loss: 0.0004, seg loss: 0.7847, total loss: 0.4732
15-09-26 15:36:54: Val - Source 39, Tomato seg: loss=1.1176, mIoU=0.3938, acc=0.7582
15-09-26 15:36:54: Val - Source 39, Maize seg: loss=0.6637, mIoU=0.4534, acc=0.8905
15-09-26 15:37:04: Eval(no-train) - Target 39, acc: 0.6032, avg acc: 0.6875, cls loss: 0.6691  <- domain gap indicator (DA-0 baseline, L-D only, cls-only)
15-09-26 15:37:08:   epoch 40 batch 0: collate wait 3.4s, fwd+bwd+step 0.3s
15-09-26 15:37:11:   epoch 40 batch 1: collate wait 2.9s, fwd+bwd+step 0.3s
15-09-26 15:37:15:   epoch 40 batch 2: collate wait 3.8s, fwd+bwd+step 0.3s
15-09-26 15:37:18:   epoch 40 batch 3: collate wait 3.4s, fwd+bwd+step 0.3s
15-09-26 15:37:22:   epoch 40 batch 4: collate wait 3.6s, fwd+bwd+step 0.3s
15-09-26 15:37:26:   epoch 40 batch 5: collate wait 3.3s, fwd+bwd+step 0.3s
15-09-26 15:37:29:   epoch 40 batch 6: collate wait 3.1s, fwd+bwd+step 0.3s
15-09-26 15:37:33:   epoch 40 batch 7: collate wait 3.3s, fwd+bwd+step 0.3s
15-09-26 15:37:37:   epoch 40 batch 8: collate wait 3.5s, fwd+bwd+step 0.3s
15-09-26 15:37:40:   epoch 40 batch 9: collate wait 3.1s, fwd+bwd+step 0.3s
15-09-26 15:37:43:   epoch 40 batch 10: collate wait 2.9s, fwd+bwd+step 0.3s
15-09-26 15:37:47:   epoch 40 batch 11: collate wait 3.4s, fwd+bwd+step 0.3s
15-09-26 15:37:51:   epoch 40 batch 12: collate wait 3.3s, fwd+bwd+step 0.3s
15-09-26 15:37:54:   epoch 40 batch 13: collate wait 3.4s, fwd+bwd+step 0.3s
15-09-26 15:37:58:   epoch 40 batch 14: collate wait 3.6s, fwd+bwd+step 0.3s
15-09-26 15:38:01:   epoch 40 batch 15: collate wait 2.7s, fwd+bwd+step 0.3s
15-09-26 15:38:01: Trn - Source 40, cls loss: 0.0039, seg loss: 0.6223, kendall s_cls: -0.5507, s_seg: 0.2004
15-09-26 15:38:10: Val - Source 40, cls acc: 1.0000, cls avg acc: 1.0000, cls loss: 0.0003, seg loss: 0.8744, total loss: 0.5410
15-09-26 15:38:10: Val - Source 40, Tomato seg: loss=1.4025, mIoU=0.4251, acc=0.8171
15-09-26 15:38:10: Val - Source 40, Maize seg: loss=0.6824, mIoU=0.4412, acc=0.8718
15-09-26 15:38:20: Eval(no-train) - Target 40, acc: 0.6190, avg acc: 0.7000, cls loss: 0.6961  <- domain gap indicator (DA-0 baseline, L-D only, cls-only)
15-09-26 15:38:24:   epoch 41 batch 0: collate wait 3.6s, fwd+bwd+step 0.3s
15-09-26 15:38:27:   epoch 41 batch 1: collate wait 3.1s, fwd+bwd+step 0.3s
15-09-26 15:38:31:   epoch 41 batch 2: collate wait 3.5s, fwd+bwd+step 0.3s
15-09-26 15:38:34:   epoch 41 batch 3: collate wait 2.9s, fwd+bwd+step 0.3s
15-09-26 15:38:38:   epoch 41 batch 4: collate wait 3.3s, fwd+bwd+step 0.3s
15-09-26 15:38:41:   epoch 41 batch 5: collate wait 3.4s, fwd+bwd+step 0.3s
15-09-26 15:38:46:   epoch 41 batch 6: collate wait 3.8s, fwd+bwd+step 0.3s
15-09-26 15:38:50:   epoch 41 batch 7: collate wait 4.0s, fwd+bwd+step 0.3s
15-09-26 15:38:53:   epoch 41 batch 8: collate wait 3.3s, fwd+bwd+step 0.3s
15-09-26 15:38:57:   epoch 41 batch 9: collate wait 3.7s, fwd+bwd+step 0.3s
15-09-26 15:39:01:   epoch 41 batch 10: collate wait 3.1s, fwd+bwd+step 0.3s
15-09-26 15:39:04:   epoch 41 batch 11: collate wait 3.0s, fwd+bwd+step 0.3s
15-09-26 15:39:07:   epoch 41 batch 12: collate wait 3.0s, fwd+bwd+step 0.3s
15-09-26 15:39:11:   epoch 41 batch 13: collate wait 3.5s, fwd+bwd+step 0.3s
15-09-26 15:39:15:   epoch 41 batch 14: collate wait 3.5s, fwd+bwd+step 0.3s
15-09-26 15:39:19:   epoch 41 batch 15: collate wait 3.5s, fwd+bwd+step 0.3s
15-09-26 15:39:19: Trn - Source 41, cls loss: 0.0013, seg loss: 0.6438, kendall s_cls: -0.5611, s_seg: 0.2009
15-09-26 15:39:28: Val - Source 41, cls acc: 1.0000, cls avg acc: 1.0000, cls loss: 0.0002, seg loss: 0.7241, total loss: 0.4125
15-09-26 15:39:28: Val - Source 41, Tomato seg: loss=1.0263, mIoU=0.4026, acc=0.7736
15-09-26 15:39:28: Val - Source 41, Maize seg: loss=0.6142, mIoU=0.4595, acc=0.8968
15-09-26 15:39:38: Eval(no-train) - Target 41, acc: 0.6032, avg acc: 0.6875, cls loss: 0.8358  <- domain gap indicator (DA-0 baseline, L-D only, cls-only)
15-09-26 15:39:42:   epoch 42 batch 0: collate wait 3.2s, fwd+bwd+step 0.3s
15-09-26 15:39:46:   epoch 42 batch 1: collate wait 3.6s, fwd+bwd+step 0.3s
15-09-26 15:39:49:   epoch 42 batch 2: collate wait 3.3s, fwd+bwd+step 0.3s
15-09-26 15:39:53:   epoch 42 batch 3: collate wait 3.3s, fwd+bwd+step 0.3s
15-09-26 15:39:56:   epoch 42 batch 4: collate wait 3.2s, fwd+bwd+step 0.3s
15-09-26 15:39:59:   epoch 42 batch 5: collate wait 2.8s, fwd+bwd+step 0.3s
15-09-26 15:40:04:   epoch 42 batch 6: collate wait 3.8s, fwd+bwd+step 0.3s
15-09-26 15:40:07:   epoch 42 batch 7: collate wait 3.1s, fwd+bwd+step 0.3s
15-09-26 15:40:10:   epoch 42 batch 8: collate wait 3.1s, fwd+bwd+step 0.3s
15-09-26 15:40:14:   epoch 42 batch 9: collate wait 3.2s, fwd+bwd+step 0.3s
15-09-26 15:40:17:   epoch 42 batch 10: collate wait 3.1s, fwd+bwd+step 0.3s
15-09-26 15:40:21:   epoch 42 batch 11: collate wait 3.8s, fwd+bwd+step 0.3s
15-09-26 15:40:25:   epoch 42 batch 12: collate wait 3.4s, fwd+bwd+step 0.3s
15-09-26 15:40:29:   epoch 42 batch 13: collate wait 4.0s, fwd+bwd+step 0.3s
15-09-26 15:40:33:   epoch 42 batch 14: collate wait 3.6s, fwd+bwd+step 0.3s
15-09-26 15:40:37:   epoch 42 batch 15: collate wait 3.4s, fwd+bwd+step 0.3s
15-09-26 15:40:37: Trn - Source 42, cls loss: 0.0008, seg loss: 0.6233, kendall s_cls: -0.5713, s_seg: 0.2016
15-09-26 15:40:46: Val - Source 42, cls acc: 1.0000, cls avg acc: 1.0000, cls loss: 0.0002, seg loss: 0.8873, total loss: 0.5408
15-09-26 15:40:46: Val - Source 42, Tomato seg: loss=1.2210, mIoU=0.4212, acc=0.8040
15-09-26 15:40:46: Val - Source 42, Maize seg: loss=0.7659, mIoU=0.4434, acc=0.8793
15-09-26 15:40:56: Eval(no-train) - Target 42, acc: 0.6032, avg acc: 0.6875, cls loss: 0.6683  <- domain gap indicator (DA-0 baseline, L-D only, cls-only)
15-09-26 15:40:59:   epoch 43 batch 0: collate wait 2.8s, fwd+bwd+step 0.3s
15-09-26 15:41:03:   epoch 43 batch 1: collate wait 3.2s, fwd+bwd+step 0.3s
15-09-26 15:41:07:   epoch 43 batch 2: collate wait 3.7s, fwd+bwd+step 0.3s
15-09-26 15:41:10:   epoch 43 batch 3: collate wait 3.3s, fwd+bwd+step 0.3s
15-09-26 15:41:14:   epoch 43 batch 4: collate wait 3.2s, fwd+bwd+step 0.3s
15-09-26 15:41:17:   epoch 43 batch 5: collate wait 3.3s, fwd+bwd+step 0.3s
15-09-26 15:41:21:   epoch 43 batch 6: collate wait 3.2s, fwd+bwd+step 0.3s
15-09-26 15:41:25:   epoch 43 batch 7: collate wait 3.6s, fwd+bwd+step 0.3s
15-09-26 15:41:28:   epoch 43 batch 8: collate wait 3.4s, fwd+bwd+step 0.3s
15-09-26 15:41:32:   epoch 43 batch 9: collate wait 3.8s, fwd+bwd+step 0.3s
15-09-26 15:41:36:   epoch 43 batch 10: collate wait 3.5s, fwd+bwd+step 0.3s
15-09-26 15:41:40:   epoch 43 batch 11: collate wait 3.6s, fwd+bwd+step 0.3s
15-09-26 15:41:45:   epoch 43 batch 12: collate wait 4.3s, fwd+bwd+step 0.3s
15-09-26 15:41:48:   epoch 43 batch 13: collate wait 3.2s, fwd+bwd+step 0.3s
15-09-26 15:41:52:   epoch 43 batch 14: collate wait 3.5s, fwd+bwd+step 0.3s
15-09-26 15:41:56:   epoch 43 batch 15: collate wait 3.4s, fwd+bwd+step 0.3s
15-09-26 15:41:56: Trn - Source 43, cls loss: 0.0020, seg loss: 0.6207, kendall s_cls: -0.5813, s_seg: 0.2021
15-09-26 15:42:05: Val - Source 43, cls acc: 1.0000, cls avg acc: 1.0000, cls loss: 0.0003, seg loss: 0.8212, total loss: 0.4818
15-09-26 15:42:05: Val - Source 43, Tomato seg: loss=1.2035, mIoU=0.4192, acc=0.8043
15-09-26 15:42:05: Val - Source 43, Maize seg: loss=0.6823, mIoU=0.4567, acc=0.8905
15-09-26 15:42:16: Eval(no-train) - Target 43, acc: 0.6984, avg acc: 0.7625, cls loss: 0.4701  <- domain gap indicator (DA-0 baseline, L-D only, cls-only)
15-09-26 15:42:19:   epoch 44 batch 0: collate wait 3.3s, fwd+bwd+step 0.3s
15-09-26 15:42:23:   epoch 44 batch 1: collate wait 3.7s, fwd+bwd+step 0.3s
15-09-26 15:42:27:   epoch 44 batch 2: collate wait 3.2s, fwd+bwd+step 0.3s
15-09-26 15:42:30:   epoch 44 batch 3: collate wait 3.4s, fwd+bwd+step 0.3s
15-09-26 15:42:35:   epoch 44 batch 4: collate wait 3.9s, fwd+bwd+step 0.3s
15-09-26 15:42:38:   epoch 44 batch 5: collate wait 3.6s, fwd+bwd+step 0.3s
15-09-26 15:42:42:   epoch 44 batch 6: collate wait 3.6s, fwd+bwd+step 0.3s
15-09-26 15:42:46:   epoch 44 batch 7: collate wait 3.1s, fwd+bwd+step 0.3s
15-09-26 15:42:50:   epoch 44 batch 8: collate wait 3.8s, fwd+bwd+step 0.3s
15-09-26 15:42:53:   epoch 44 batch 9: collate wait 2.9s, fwd+bwd+step 0.3s
15-09-26 15:42:57:   epoch 44 batch 10: collate wait 3.4s, fwd+bwd+step 0.3s
15-09-26 15:43:00:   epoch 44 batch 11: collate wait 3.1s, fwd+bwd+step 0.3s
15-09-26 15:43:04:   epoch 44 batch 12: collate wait 3.2s, fwd+bwd+step 0.3s
15-09-26 15:43:07:   epoch 44 batch 13: collate wait 3.5s, fwd+bwd+step 0.3s
15-09-26 15:43:11:   epoch 44 batch 14: collate wait 3.5s, fwd+bwd+step 0.3s
15-09-26 15:43:15:   epoch 44 batch 15: collate wait 3.4s, fwd+bwd+step 0.3s
15-09-26 15:43:15: Trn - Source 44, cls loss: 0.0710, seg loss: 0.6183, kendall s_cls: -0.5905, s_seg: 0.2022
15-09-26 15:43:24: Val - Source 44, cls acc: 1.0000, cls avg acc: 1.0000, cls loss: 0.0003, seg loss: 0.8309, total loss: 0.4852
15-09-26 15:43:24: Val - Source 44, Tomato seg: loss=1.2918, mIoU=0.4292, acc=0.8145
15-09-26 15:43:24: Val - Source 44, Maize seg: loss=0.6633, mIoU=0.4622, acc=0.8997
15-09-26 15:43:34: Eval(no-train) - Target 44, acc: 0.5714, avg acc: 0.6533, cls loss: 0.7042  <- domain gap indicator (DA-0 baseline, L-D only, cls-only)
15-09-26 15:43:38:   epoch 45 batch 0: collate wait 3.8s, fwd+bwd+step 0.3s
15-09-26 15:43:42:   epoch 45 batch 1: collate wait 3.8s, fwd+bwd+step 0.3s
15-09-26 15:43:46:   epoch 45 batch 2: collate wait 3.1s, fwd+bwd+step 0.3s
15-09-26 15:43:50:   epoch 45 batch 3: collate wait 3.6s, fwd+bwd+step 0.3s
15-09-26 15:43:53:   epoch 45 batch 4: collate wait 2.9s, fwd+bwd+step 0.3s
15-09-26 15:43:56:   epoch 45 batch 5: collate wait 3.4s, fwd+bwd+step 0.3s
15-09-26 15:44:00:   epoch 45 batch 6: collate wait 3.2s, fwd+bwd+step 0.3s
15-09-26 15:44:03:   epoch 45 batch 7: collate wait 2.8s, fwd+bwd+step 0.3s
15-09-26 15:44:07:   epoch 45 batch 8: collate wait 3.5s, fwd+bwd+step 0.3s
15-09-26 15:44:10:   epoch 45 batch 9: collate wait 2.6s, fwd+bwd+step 0.3s
15-09-26 15:44:13:   epoch 45 batch 10: collate wait 3.5s, fwd+bwd+step 0.3s
15-09-26 15:44:17:   epoch 45 batch 11: collate wait 3.2s, fwd+bwd+step 0.3s
15-09-26 15:44:20:   epoch 45 batch 12: collate wait 3.0s, fwd+bwd+step 0.3s
15-09-26 15:44:23:   epoch 45 batch 13: collate wait 2.8s, fwd+bwd+step 0.3s
15-09-26 15:44:27:   epoch 45 batch 14: collate wait 3.0s, fwd+bwd+step 0.3s
15-09-26 15:44:30:   epoch 45 batch 15: collate wait 3.1s, fwd+bwd+step 0.3s
15-09-26 15:44:30: Trn - Source 45, cls loss: 0.0044, seg loss: 0.6058, kendall s_cls: -0.5983, s_seg: 0.2020
15-09-26 15:44:39: Val - Source 45, cls acc: 1.0000, cls avg acc: 1.0000, cls loss: 0.0020, seg loss: 1.1903, total loss: 0.7781
15-09-26 15:44:39: Val - Source 45, Tomato seg: loss=1.8134, mIoU=0.4223, acc=0.8090
15-09-26 15:44:39: Val - Source 45, Maize seg: loss=0.9637, mIoU=0.4465, acc=0.8876
15-09-26 15:44:48: Eval(no-train) - Target 45, acc: 0.4603, avg acc: 0.5750, cls loss: 1.1185  <- domain gap indicator (DA-0 baseline, L-D only, cls-only)
15-09-26 15:44:52:   epoch 46 batch 0: collate wait 3.6s, fwd+bwd+step 0.3s
15-09-26 15:44:56:   epoch 46 batch 1: collate wait 3.4s, fwd+bwd+step 0.3s
15-09-26 15:45:00:   epoch 46 batch 2: collate wait 3.6s, fwd+bwd+step 0.3s
15-09-26 15:45:03:   epoch 46 batch 3: collate wait 3.0s, fwd+bwd+step 0.3s
15-09-26 15:45:06:   epoch 46 batch 4: collate wait 3.0s, fwd+bwd+step 0.3s
15-09-26 15:45:10:   epoch 46 batch 5: collate wait 3.3s, fwd+bwd+step 0.3s
15-09-26 15:45:13:   epoch 46 batch 6: collate wait 3.0s, fwd+bwd+step 0.3s
15-09-26 15:45:16:   epoch 46 batch 7: collate wait 2.5s, fwd+bwd+step 0.3s
15-09-26 15:45:20:   epoch 46 batch 8: collate wait 3.7s, fwd+bwd+step 0.3s
15-09-26 15:45:23:   epoch 46 batch 9: collate wait 3.5s, fwd+bwd+step 0.3s
15-09-26 15:45:27:   epoch 46 batch 10: collate wait 3.4s, fwd+bwd+step 0.3s
15-09-26 15:45:31:   epoch 46 batch 11: collate wait 3.6s, fwd+bwd+step 0.3s
15-09-26 15:45:34:   epoch 46 batch 12: collate wait 3.0s, fwd+bwd+step 0.3s
15-09-26 15:45:37:   epoch 46 batch 13: collate wait 2.8s, fwd+bwd+step 0.3s
15-09-26 15:45:40:   epoch 46 batch 14: collate wait 2.8s, fwd+bwd+step 0.3s
15-09-26 15:45:43:   epoch 46 batch 15: collate wait 2.8s, fwd+bwd+step 0.3s
15-09-26 15:45:43: Trn - Source 46, cls loss: 0.0042, seg loss: 0.6003, kendall s_cls: -0.6070, s_seg: 0.2019
15-09-26 15:45:52: Val - Source 46, cls acc: 1.0000, cls avg acc: 1.0000, cls loss: 0.0007, seg loss: 0.8955, total loss: 0.5305
15-09-26 15:45:52: Val - Source 46, Tomato seg: loss=1.2970, mIoU=0.4167, acc=0.7933
15-09-26 15:45:52: Val - Source 46, Maize seg: loss=0.7495, mIoU=0.4611, acc=0.9020
15-09-26 15:46:02: Eval(no-train) - Target 46, acc: 0.4603, avg acc: 0.5750, cls loss: 1.0534  <- domain gap indicator (DA-0 baseline, L-D only, cls-only)
15-09-26 15:46:05:   epoch 47 batch 0: collate wait 3.2s, fwd+bwd+step 0.3s
15-09-26 15:46:09:   epoch 47 batch 1: collate wait 3.3s, fwd+bwd+step 0.3s
15-09-26 15:46:12:   epoch 47 batch 2: collate wait 2.7s, fwd+bwd+step 0.3s
15-09-26 15:46:15:   epoch 47 batch 3: collate wait 2.8s, fwd+bwd+step 0.3s
15-09-26 15:46:19:   epoch 47 batch 4: collate wait 3.5s, fwd+bwd+step 0.3s
15-09-26 15:46:22:   epoch 47 batch 5: collate wait 3.1s, fwd+bwd+step 0.3s
15-09-26 15:46:25:   epoch 47 batch 6: collate wait 3.0s, fwd+bwd+step 0.3s
15-09-26 15:46:29:   epoch 47 batch 7: collate wait 3.1s, fwd+bwd+step 0.3s
15-09-26 15:46:33:   epoch 47 batch 8: collate wait 3.7s, fwd+bwd+step 0.3s
15-09-26 15:46:36:   epoch 47 batch 9: collate wait 3.3s, fwd+bwd+step 0.3s
15-09-26 15:46:40:   epoch 47 batch 10: collate wait 3.3s, fwd+bwd+step 0.3s
15-09-26 15:46:43:   epoch 47 batch 11: collate wait 3.4s, fwd+bwd+step 0.3s
15-09-26 15:46:47:   epoch 47 batch 12: collate wait 3.7s, fwd+bwd+step 0.3s
15-09-26 15:46:51:   epoch 47 batch 13: collate wait 3.0s, fwd+bwd+step 0.3s
15-09-26 15:46:55:   epoch 47 batch 14: collate wait 4.0s, fwd+bwd+step 0.3s
15-09-26 15:46:58:   epoch 47 batch 15: collate wait 3.0s, fwd+bwd+step 0.3s
15-09-26 15:46:58: Trn - Source 47, cls loss: 0.0594, seg loss: 0.6187, kendall s_cls: -0.6145, s_seg: 0.2018
15-09-26 15:47:07: Val - Source 47, cls acc: 1.0000, cls avg acc: 1.0000, cls loss: 0.0002, seg loss: 0.9577, total loss: 0.5767
15-09-26 15:47:07: Val - Source 47, Tomato seg: loss=1.1175, mIoU=0.4013, acc=0.7722
15-09-26 15:47:07: Val - Source 47, Maize seg: loss=0.8996, mIoU=0.4533, acc=0.8906
15-09-26 15:47:17: Eval(no-train) - Target 47, acc: 0.5556, avg acc: 0.6500, cls loss: 1.2795  <- domain gap indicator (DA-0 baseline, L-D only, cls-only)
15-09-26 15:47:20:   epoch 48 batch 0: collate wait 2.9s, fwd+bwd+step 0.3s
15-09-26 15:47:24:   epoch 48 batch 1: collate wait 3.2s, fwd+bwd+step 0.3s
15-09-26 15:47:27:   epoch 48 batch 2: collate wait 3.1s, fwd+bwd+step 0.3s
15-09-26 15:47:31:   epoch 48 batch 3: collate wait 3.1s, fwd+bwd+step 0.3s
15-09-26 15:47:34:   epoch 48 batch 4: collate wait 2.7s, fwd+bwd+step 0.3s
15-09-26 15:47:37:   epoch 48 batch 5: collate wait 3.6s, fwd+bwd+step 0.3s
15-09-26 15:47:41:   epoch 48 batch 6: collate wait 2.9s, fwd+bwd+step 0.3s
15-09-26 15:47:45:   epoch 48 batch 7: collate wait 3.8s, fwd+bwd+step 0.3s
15-09-26 15:47:48:   epoch 48 batch 8: collate wait 3.4s, fwd+bwd+step 0.3s
15-09-26 15:47:52:   epoch 48 batch 9: collate wait 3.7s, fwd+bwd+step 0.3s
15-09-26 15:47:55:   epoch 48 batch 10: collate wait 2.9s, fwd+bwd+step 0.3s
15-09-26 15:47:59:   epoch 48 batch 11: collate wait 3.4s, fwd+bwd+step 0.3s
15-09-26 15:48:02:   epoch 48 batch 12: collate wait 3.0s, fwd+bwd+step 0.3s
15-09-26 15:48:06:   epoch 48 batch 13: collate wait 3.8s, fwd+bwd+step 0.3s
15-09-26 15:48:10:   epoch 48 batch 14: collate wait 3.3s, fwd+bwd+step 0.3s
15-09-26 15:48:14:   epoch 48 batch 15: collate wait 4.0s, fwd+bwd+step 0.3s
15-09-26 15:48:14: Trn - Source 48, cls loss: 0.0021, seg loss: 0.6088, kendall s_cls: -0.6226, s_seg: 0.2019
15-09-26 15:48:23: Val - Source 48, cls acc: 1.0000, cls avg acc: 1.0000, cls loss: 0.0002, seg loss: 1.0604, total loss: 0.6564
15-09-26 15:48:23: Val - Source 48, Tomato seg: loss=1.4921, mIoU=0.4093, acc=0.7814
15-09-26 15:48:23: Val - Source 48, Maize seg: loss=0.9033, mIoU=0.4582, acc=0.9030
15-09-26 15:48:33: Eval(no-train) - Target 48, acc: 0.5079, avg acc: 0.6125, cls loss: 1.5363  <- domain gap indicator (DA-0 baseline, L-D only, cls-only)
15-09-26 15:48:37:   epoch 49 batch 0: collate wait 3.7s, fwd+bwd+step 0.3s
15-09-26 15:48:40:   epoch 49 batch 1: collate wait 3.0s, fwd+bwd+step 0.3s
15-09-26 15:48:44:   epoch 49 batch 2: collate wait 3.4s, fwd+bwd+step 0.3s
15-09-26 15:48:47:   epoch 49 batch 3: collate wait 2.9s, fwd+bwd+step 0.3s
15-09-26 15:48:50:   epoch 49 batch 4: collate wait 2.9s, fwd+bwd+step 0.3s
15-09-26 15:48:54:   epoch 49 batch 5: collate wait 3.2s, fwd+bwd+step 0.2s
15-09-26 15:48:57:   epoch 49 batch 6: collate wait 2.7s, fwd+bwd+step 0.3s
15-09-26 15:49:00:   epoch 49 batch 7: collate wait 3.1s, fwd+bwd+step 0.3s
15-09-26 15:49:03:   epoch 49 batch 8: collate wait 3.1s, fwd+bwd+step 0.3s
15-09-26 15:49:07:   epoch 49 batch 9: collate wait 2.9s, fwd+bwd+step 0.3s
15-09-26 15:49:10:   epoch 49 batch 10: collate wait 3.5s, fwd+bwd+step 0.3s
15-09-26 15:49:15:   epoch 49 batch 11: collate wait 3.8s, fwd+bwd+step 0.3s
15-09-26 15:49:18:   epoch 49 batch 12: collate wait 3.0s, fwd+bwd+step 0.3s
15-09-26 15:49:22:   epoch 49 batch 13: collate wait 4.3s, fwd+bwd+step 0.2s
15-09-26 15:49:27:   epoch 49 batch 14: collate wait 4.2s, fwd+bwd+step 0.3s
15-09-26 15:49:31:   epoch 49 batch 15: collate wait 4.0s, fwd+bwd+step 0.3s
15-09-26 15:49:31: Trn - Source 49, cls loss: 0.0058, seg loss: 0.6076, kendall s_cls: -0.6308, s_seg: 0.2020
15-09-26 15:49:41: Val - Source 49, cls acc: 1.0000, cls avg acc: 1.0000, cls loss: 0.0001, seg loss: 0.7874, total loss: 0.4292
15-09-26 15:49:41: Val - Source 49, Tomato seg: loss=1.1298, mIoU=0.4079, acc=0.7834
15-09-26 15:49:41: Val - Source 49, Maize seg: loss=0.6629, mIoU=0.4444, acc=0.8798
15-09-26 15:49:52: Eval(no-train) - Target 49, acc: 0.5079, avg acc: 0.6125, cls loss: 1.2380  <- domain gap indicator (DA-0 baseline, L-D only, cls-only)
15-09-26 15:49:56:   epoch 50 batch 0: collate wait 3.8s, fwd+bwd+step 0.3s
15-09-26 15:49:59:   epoch 50 batch 1: collate wait 3.3s, fwd+bwd+step 0.3s
15-09-26 15:50:03:   epoch 50 batch 2: collate wait 3.0s, fwd+bwd+step 0.3s
15-09-26 15:50:06:   epoch 50 batch 3: collate wait 3.4s, fwd+bwd+step 0.3s
15-09-26 15:50:09:   epoch 50 batch 4: collate wait 2.7s, fwd+bwd+step 0.3s
15-09-26 15:50:13:   epoch 50 batch 5: collate wait 3.7s, fwd+bwd+step 0.3s
15-09-26 15:50:17:   epoch 50 batch 6: collate wait 3.5s, fwd+bwd+step 0.3s
15-09-26 15:50:20:   epoch 50 batch 7: collate wait 3.0s, fwd+bwd+step 0.3s
15-09-26 15:50:24:   epoch 50 batch 8: collate wait 3.3s, fwd+bwd+step 0.3s
15-09-26 15:50:28:   epoch 50 batch 9: collate wait 3.5s, fwd+bwd+step 0.3s
15-09-26 15:50:31:   epoch 50 batch 10: collate wait 3.1s, fwd+bwd+step 0.3s
15-09-26 15:50:34:   epoch 50 batch 11: collate wait 3.2s, fwd+bwd+step 0.3s
15-09-26 15:50:37:   epoch 50 batch 12: collate wait 2.6s, fwd+bwd+step 0.2s
15-09-26 15:50:40:   epoch 50 batch 13: collate wait 2.7s, fwd+bwd+step 0.3s
15-09-26 15:50:44:   epoch 50 batch 14: collate wait 3.5s, fwd+bwd+step 0.3s
15-09-26 15:50:48:   epoch 50 batch 15: collate wait 3.4s, fwd+bwd+step 0.3s
15-09-26 15:50:48: Trn - Source 50, cls loss: 0.0023, seg loss: 0.6024, kendall s_cls: -0.6388, s_seg: 0.2019
15-09-26 15:50:57: Val - Source 50, cls acc: 1.0000, cls avg acc: 1.0000, cls loss: 0.0002, seg loss: 0.8673, total loss: 0.4906
15-09-26 15:50:57: Val - Source 50, Tomato seg: loss=1.2532, mIoU=0.4199, acc=0.8036
15-09-26 15:50:57: Val - Source 50, Maize seg: loss=0.7269, mIoU=0.4583, acc=0.8941
15-09-26 15:51:09: Eval(no-train) - Target 50, acc: 0.7619, avg acc: 0.7940, cls loss: 0.4895  <- domain gap indicator (DA-0 baseline, L-D only, cls-only)
15-09-26 15:51:16:   epoch 51 batch 0: collate wait 4.0s, fwd+bwd+step 3.8s
15-09-26 15:51:20:   epoch 51 batch 1: collate wait 3.4s, fwd+bwd+step 0.3s
15-09-26 15:51:23:   epoch 51 batch 2: collate wait 3.1s, fwd+bwd+step 0.3s
15-09-26 15:51:27:   epoch 51 batch 3: collate wait 3.5s, fwd+bwd+step 0.3s
15-09-26 15:51:31:   epoch 51 batch 4: collate wait 3.7s, fwd+bwd+step 0.3s
15-09-26 15:51:35:   epoch 51 batch 5: collate wait 3.3s, fwd+bwd+step 0.3s
15-09-26 15:51:38:   epoch 51 batch 6: collate wait 3.2s, fwd+bwd+step 0.3s
15-09-26 15:51:43:   epoch 51 batch 7: collate wait 3.6s, fwd+bwd+step 1.3s
15-09-26 15:51:47:   epoch 51 batch 8: collate wait 3.3s, fwd+bwd+step 0.3s
15-09-26 15:51:50:   epoch 51 batch 9: collate wait 2.7s, fwd+bwd+step 0.3s
15-09-26 15:51:53:   epoch 51 batch 10: collate wait 2.7s, fwd+bwd+step 0.2s
15-09-26 15:51:56:   epoch 51 batch 11: collate wait 3.1s, fwd+bwd+step 0.3s
15-09-26 15:51:59:   epoch 51 batch 12: collate wait 2.8s, fwd+bwd+step 0.3s
15-09-26 15:52:02:   epoch 51 batch 13: collate wait 3.0s, fwd+bwd+step 0.3s
15-09-26 15:52:06:   epoch 51 batch 14: collate wait 3.4s, fwd+bwd+step 0.3s
15-09-26 15:52:10:   epoch 51 batch 15: collate wait 3.5s, fwd+bwd+step 0.3s
15-09-26 15:52:10: Trn - Source 51, cls loss: 0.0016, seg loss: 0.6036, kendall s_cls: -0.6466, s_seg: 0.2015
15-09-26 15:52:19: Val - Source 51, cls acc: 1.0000, cls avg acc: 1.0000, cls loss: 0.0004, seg loss: 1.0782, total loss: 0.6597
15-09-26 15:52:19: Val - Source 51, Tomato seg: loss=1.6676, mIoU=0.4194, acc=0.8010
15-09-26 15:52:19: Val - Source 51, Maize seg: loss=0.8639, mIoU=0.4594, acc=0.8976
15-09-26 15:52:28: Eval(no-train) - Target 51, acc: 0.8095, avg acc: 0.8500, cls loss: 0.3897  <- domain gap indicator (DA-0 baseline, L-D only, cls-only)
15-09-26 15:52:32:   epoch 52 batch 0: collate wait 3.6s, fwd+bwd+step 0.3s
15-09-26 15:52:36:   epoch 52 batch 1: collate wait 3.5s, fwd+bwd+step 0.3s
15-09-26 15:52:39:   epoch 52 batch 2: collate wait 3.6s, fwd+bwd+step 0.3s
15-09-26 15:52:43:   epoch 52 batch 3: collate wait 3.4s, fwd+bwd+step 0.3s
15-09-26 15:52:47:   epoch 52 batch 4: collate wait 4.0s, fwd+bwd+step 0.3s
15-09-26 15:52:51:   epoch 52 batch 5: collate wait 3.2s, fwd+bwd+step 0.3s
15-09-26 15:52:59:   epoch 52 batch 6: collate wait 4.1s, fwd+bwd+step 4.4s
15-09-26 15:53:02:   epoch 52 batch 7: collate wait 2.8s, fwd+bwd+step 0.3s
15-09-26 15:53:06:   epoch 52 batch 8: collate wait 3.5s, fwd+bwd+step 0.3s
15-09-26 15:53:10:   epoch 52 batch 9: collate wait 3.1s, fwd+bwd+step 0.3s
15-09-26 15:53:13:   epoch 52 batch 10: collate wait 2.9s, fwd+bwd+step 0.3s
15-09-26 15:53:16:   epoch 52 batch 11: collate wait 3.1s, fwd+bwd+step 0.3s
15-09-26 15:53:19:   epoch 52 batch 12: collate wait 3.0s, fwd+bwd+step 0.3s
15-09-26 15:53:22:   epoch 52 batch 13: collate wait 2.8s, fwd+bwd+step 0.3s
15-09-26 15:53:25:   epoch 52 batch 14: collate wait 2.7s, fwd+bwd+step 0.3s
15-09-26 15:53:29:   epoch 52 batch 15: collate wait 3.2s, fwd+bwd+step 0.3s
15-09-26 15:53:29: Trn - Source 52, cls loss: 0.0016, seg loss: 0.6131, kendall s_cls: -0.6542, s_seg: 0.2014
15-09-26 15:53:38: Val - Source 52, cls acc: 1.0000, cls avg acc: 1.0000, cls loss: 0.0001, seg loss: 0.8461, total loss: 0.4656
15-09-26 15:53:38: Val - Source 52, Tomato seg: loss=1.4273, mIoU=0.4245, acc=0.8076
15-09-26 15:53:38: Val - Source 52, Maize seg: loss=0.6348, mIoU=0.4517, acc=0.8887
15-09-26 15:53:48: Eval(no-train) - Target 52, acc: 0.7937, avg acc: 0.8098, cls loss: 0.4268  <- domain gap indicator (DA-0 baseline, L-D only, cls-only)
15-09-26 15:53:51:   epoch 53 batch 0: collate wait 3.1s, fwd+bwd+step 0.3s
15-09-26 15:53:55:   epoch 53 batch 1: collate wait 3.3s, fwd+bwd+step 0.3s
15-09-26 15:53:58:   epoch 53 batch 2: collate wait 3.1s, fwd+bwd+step 0.3s
15-09-26 15:54:02:   epoch 53 batch 3: collate wait 3.5s, fwd+bwd+step 0.3s
15-09-26 15:54:05:   epoch 53 batch 4: collate wait 3.1s, fwd+bwd+step 0.3s
15-09-26 15:54:09:   epoch 53 batch 5: collate wait 3.4s, fwd+bwd+step 0.3s
15-09-26 15:54:12:   epoch 53 batch 6: collate wait 2.9s, fwd+bwd+step 0.3s
15-09-26 15:54:15:   epoch 53 batch 7: collate wait 3.1s, fwd+bwd+step 0.3s
15-09-26 15:54:19:   epoch 53 batch 8: collate wait 3.5s, fwd+bwd+step 0.3s
15-09-26 15:54:22:   epoch 53 batch 9: collate wait 2.9s, fwd+bwd+step 0.3s
15-09-26 15:54:26:   epoch 53 batch 10: collate wait 3.1s, fwd+bwd+step 0.3s
15-09-26 15:54:30:   epoch 53 batch 11: collate wait 3.6s, fwd+bwd+step 0.3s
15-09-26 15:54:33:   epoch 53 batch 12: collate wait 3.3s, fwd+bwd+step 0.3s
15-09-26 15:54:36:   epoch 53 batch 13: collate wait 2.9s, fwd+bwd+step 0.3s
15-09-26 15:54:40:   epoch 53 batch 14: collate wait 3.5s, fwd+bwd+step 0.3s
15-09-26 15:54:44:   epoch 53 batch 15: collate wait 3.4s, fwd+bwd+step 0.3s
15-09-26 15:54:44: Trn - Source 53, cls loss: 0.0009, seg loss: 0.5752, kendall s_cls: -0.6616, s_seg: 0.2012
15-09-26 15:54:53: Val - Source 53, cls acc: 1.0000, cls avg acc: 1.0000, cls loss: 0.0002, seg loss: 0.9264, total loss: 0.5277
15-09-26 15:54:53: Val - Source 53, Tomato seg: loss=1.6153, mIoU=0.4240, acc=0.8105
15-09-26 15:54:53: Val - Source 53, Maize seg: loss=0.6759, mIoU=0.4638, acc=0.9035
15-09-26 15:55:03: Eval(no-train) - Target 53, acc: 0.9048, avg acc: 0.9158, cls loss: 0.2757  <- domain gap indicator (DA-0 baseline, L-D only, cls-only)
15-09-26 15:55:06:   epoch 54 batch 0: collate wait 3.4s, fwd+bwd+step 0.3s
15-09-26 15:55:10:   epoch 54 batch 1: collate wait 3.1s, fwd+bwd+step 0.3s
15-09-26 15:55:13:   epoch 54 batch 2: collate wait 3.3s, fwd+bwd+step 0.3s
15-09-26 15:55:17:   epoch 54 batch 3: collate wait 3.4s, fwd+bwd+step 0.3s
15-09-26 15:55:21:   epoch 54 batch 4: collate wait 3.5s, fwd+bwd+step 0.3s
15-09-26 15:55:24:   epoch 54 batch 5: collate wait 3.5s, fwd+bwd+step 0.3s
15-09-26 15:55:28:   epoch 54 batch 6: collate wait 3.1s, fwd+bwd+step 0.3s
15-09-26 15:55:31:   epoch 54 batch 7: collate wait 3.3s, fwd+bwd+step 0.3s
15-09-26 15:55:35:   epoch 54 batch 8: collate wait 3.4s, fwd+bwd+step 0.3s
15-09-26 15:55:39:   epoch 54 batch 9: collate wait 3.4s, fwd+bwd+step 0.3s
15-09-26 15:55:42:   epoch 54 batch 10: collate wait 3.3s, fwd+bwd+step 0.3s
15-09-26 15:55:46:   epoch 54 batch 11: collate wait 3.6s, fwd+bwd+step 0.3s
15-09-26 15:55:50:   epoch 54 batch 12: collate wait 3.6s, fwd+bwd+step 0.3s
15-09-26 15:55:53:   epoch 54 batch 13: collate wait 2.7s, fwd+bwd+step 0.3s
15-09-26 15:55:56:   epoch 54 batch 14: collate wait 2.7s, fwd+bwd+step 0.3s
15-09-26 15:56:00:   epoch 54 batch 15: collate wait 3.5s, fwd+bwd+step 0.3s
15-09-26 15:56:00: Trn - Source 54, cls loss: 0.0011, seg loss: 0.5716, kendall s_cls: -0.6687, s_seg: 0.2005
15-09-26 15:56:09: Val - Source 54, cls acc: 1.0000, cls avg acc: 1.0000, cls loss: 0.0002, seg loss: 1.0031, total loss: 0.5871
15-09-26 15:56:09: Val - Source 54, Tomato seg: loss=1.5245, mIoU=0.4104, acc=0.7896
15-09-26 15:56:09: Val - Source 54, Maize seg: loss=0.8135, mIoU=0.4643, acc=0.8968
15-09-26 15:56:18: Eval(no-train) - Target 54, acc: 0.8571, avg acc: 0.8690, cls loss: 0.3378  <- domain gap indicator (DA-0 baseline, L-D only, cls-only)
15-09-26 15:56:21:   epoch 55 batch 0: collate wait 3.1s, fwd+bwd+step 0.3s
15-09-26 15:56:25:   epoch 55 batch 1: collate wait 2.8s, fwd+bwd+step 0.3s
15-09-26 15:56:28:   epoch 55 batch 2: collate wait 3.4s, fwd+bwd+step 0.3s
15-09-26 15:56:33:   epoch 55 batch 3: collate wait 4.2s, fwd+bwd+step 0.3s
15-09-26 15:56:36:   epoch 55 batch 4: collate wait 3.3s, fwd+bwd+step 0.3s
15-09-26 15:56:40:   epoch 55 batch 5: collate wait 3.1s, fwd+bwd+step 0.3s
15-09-26 15:56:43:   epoch 55 batch 6: collate wait 3.1s, fwd+bwd+step 0.3s
15-09-26 15:56:46:   epoch 55 batch 7: collate wait 3.0s, fwd+bwd+step 0.2s
15-09-26 15:56:49:   epoch 55 batch 8: collate wait 2.6s, fwd+bwd+step 0.3s
15-09-26 15:56:53:   epoch 55 batch 9: collate wait 3.5s, fwd+bwd+step 0.3s
15-09-26 15:56:57:   epoch 55 batch 10: collate wait 3.5s, fwd+bwd+step 0.3s
15-09-26 15:57:00:   epoch 55 batch 11: collate wait 2.9s, fwd+bwd+step 0.3s
15-09-26 15:57:03:   epoch 55 batch 12: collate wait 2.7s, fwd+bwd+step 0.3s
15-09-26 15:57:06:   epoch 55 batch 13: collate wait 3.1s, fwd+bwd+step 0.3s
15-09-26 15:57:10:   epoch 55 batch 14: collate wait 3.3s, fwd+bwd+step 0.3s
15-09-26 15:57:13:   epoch 55 batch 15: collate wait 3.3s, fwd+bwd+step 0.3s
15-09-26 15:57:13: Trn - Source 55, cls loss: 0.0034, seg loss: 0.5799, kendall s_cls: -0.6755, s_seg: 0.1998
15-09-26 15:57:22: Val - Source 55, cls acc: 1.0000, cls avg acc: 1.0000, cls loss: 0.0002, seg loss: 0.8583, total loss: 0.4654
15-09-26 15:57:22: Val - Source 55, Tomato seg: loss=1.3407, mIoU=0.4090, acc=0.7841
15-09-26 15:57:22: Val - Source 55, Maize seg: loss=0.6829, mIoU=0.4612, acc=0.8990
15-09-26 15:57:32: Eval(no-train) - Target 55, acc: 0.8413, avg acc: 0.8750, cls loss: 0.3309  <- domain gap indicator (DA-0 baseline, L-D only, cls-only)
15-09-26 15:57:35:   epoch 56 batch 0: collate wait 3.5s, fwd+bwd+step 0.3s
15-09-26 15:57:39:   epoch 56 batch 1: collate wait 3.1s, fwd+bwd+step 0.3s
15-09-26 15:57:42:   epoch 56 batch 2: collate wait 2.9s, fwd+bwd+step 0.3s
15-09-26 15:57:46:   epoch 56 batch 3: collate wait 3.4s, fwd+bwd+step 0.3s
15-09-26 15:57:49:   epoch 56 batch 4: collate wait 3.3s, fwd+bwd+step 0.4s
15-09-26 15:57:53:   epoch 56 batch 5: collate wait 3.5s, fwd+bwd+step 0.3s
15-09-26 15:57:56:   epoch 56 batch 6: collate wait 2.9s, fwd+bwd+step 0.3s
15-09-26 15:57:59:   epoch 56 batch 7: collate wait 2.9s, fwd+bwd+step 0.3s
15-09-26 15:58:03:   epoch 56 batch 8: collate wait 3.1s, fwd+bwd+step 0.3s
15-09-26 15:58:06:   epoch 56 batch 9: collate wait 3.1s, fwd+bwd+step 0.3s
15-09-26 15:58:10:   epoch 56 batch 10: collate wait 3.3s, fwd+bwd+step 0.3s
15-09-26 15:58:13:   epoch 56 batch 11: collate wait 3.3s, fwd+bwd+step 0.3s
15-09-26 15:58:17:   epoch 56 batch 12: collate wait 3.2s, fwd+bwd+step 0.3s
15-09-26 15:58:20:   epoch 56 batch 13: collate wait 3.1s, fwd+bwd+step 0.3s
15-09-26 15:58:24:   epoch 56 batch 14: collate wait 3.7s, fwd+bwd+step 0.3s
15-09-26 15:58:27:   epoch 56 batch 15: collate wait 2.8s, fwd+bwd+step 0.3s
15-09-26 15:58:27: Trn - Source 56, cls loss: 0.0016, seg loss: 0.5729, kendall s_cls: -0.6820, s_seg: 0.1990
15-09-26 15:58:36: Val - Source 56, cls acc: 1.0000, cls avg acc: 1.0000, cls loss: 0.0001, seg loss: 0.7783, total loss: 0.3966
15-09-26 15:58:36: Val - Source 56, Tomato seg: loss=1.2488, mIoU=0.4136, acc=0.7917
15-09-26 15:58:36: Val - Source 56, Maize seg: loss=0.6073, mIoU=0.4665, acc=0.9036
15-09-26 15:58:46: Eval(no-train) - Target 56, acc: 0.7460, avg acc: 0.8000, cls loss: 0.4773  <- domain gap indicator (DA-0 baseline, L-D only, cls-only)
15-09-26 15:58:51:   epoch 57 batch 0: collate wait 3.4s, fwd+bwd+step 0.3s
15-09-26 15:58:54:   epoch 57 batch 1: collate wait 3.4s, fwd+bwd+step 0.3s
15-09-26 15:58:58:   epoch 57 batch 2: collate wait 3.2s, fwd+bwd+step 0.3s
15-09-26 15:59:01:   epoch 57 batch 3: collate wait 3.1s, fwd+bwd+step 0.3s
15-09-26 15:59:05:   epoch 57 batch 4: collate wait 3.2s, fwd+bwd+step 0.2s
15-09-26 15:59:09:   epoch 57 batch 5: collate wait 3.7s, fwd+bwd+step 0.3s
15-09-26 15:59:12:   epoch 57 batch 6: collate wait 2.7s, fwd+bwd+step 0.3s
15-09-26 15:59:15:   epoch 57 batch 7: collate wait 3.7s, fwd+bwd+step 0.3s
15-09-26 15:59:18:   epoch 57 batch 8: collate wait 2.7s, fwd+bwd+step 0.3s
15-09-26 15:59:21:   epoch 57 batch 9: collate wait 2.7s, fwd+bwd+step 0.3s
15-09-26 15:59:25:   epoch 57 batch 10: collate wait 3.1s, fwd+bwd+step 0.3s
15-09-26 15:59:28:   epoch 57 batch 11: collate wait 3.3s, fwd+bwd+step 0.3s
15-09-26 15:59:31:   epoch 57 batch 12: collate wait 2.6s, fwd+bwd+step 0.3s
15-09-26 15:59:35:   epoch 57 batch 13: collate wait 3.5s, fwd+bwd+step 0.3s
15-09-26 15:59:39:   epoch 57 batch 14: collate wait 3.5s, fwd+bwd+step 0.3s
15-09-26 15:59:42:   epoch 57 batch 15: collate wait 2.9s, fwd+bwd+step 0.3s
15-09-26 15:59:42: Trn - Source 57, cls loss: 0.0768, seg loss: 0.5997, kendall s_cls: -0.6875, s_seg: 0.1987
15-09-26 15:59:51: Val - Source 57, cls acc: 1.0000, cls avg acc: 1.0000, cls loss: 0.0002, seg loss: 0.8860, total loss: 0.4823
15-09-26 15:59:51: Val - Source 57, Tomato seg: loss=1.5232, mIoU=0.4313, acc=0.8172
15-09-26 15:59:51: Val - Source 57, Maize seg: loss=0.6543, mIoU=0.4615, acc=0.9037
15-09-26 16:00:00: Eval(no-train) - Target 57, acc: 0.7302, avg acc: 0.7875, cls loss: 0.5335  <- domain gap indicator (DA-0 baseline, L-D only, cls-only)
15-09-26 16:00:04:   epoch 58 batch 0: collate wait 3.2s, fwd+bwd+step 0.3s
15-09-26 16:00:08:   epoch 58 batch 1: collate wait 3.6s, fwd+bwd+step 0.3s
15-09-26 16:00:10:   epoch 58 batch 2: collate wait 2.5s, fwd+bwd+step 0.3s
15-09-26 16:00:14:   epoch 58 batch 3: collate wait 3.5s, fwd+bwd+step 0.3s
15-09-26 16:00:18:   epoch 58 batch 4: collate wait 3.5s, fwd+bwd+step 0.3s
15-09-26 16:00:21:   epoch 58 batch 5: collate wait 3.2s, fwd+bwd+step 0.3s
15-09-26 16:00:25:   epoch 58 batch 6: collate wait 3.1s, fwd+bwd+step 0.3s
15-09-26 16:00:28:   epoch 58 batch 7: collate wait 2.8s, fwd+bwd+step 0.3s
15-09-26 16:00:31:   epoch 58 batch 8: collate wait 3.3s, fwd+bwd+step 0.3s
15-09-26 16:00:34:   epoch 58 batch 9: collate wait 2.7s, fwd+bwd+step 0.3s
15-09-26 16:00:38:   epoch 58 batch 10: collate wait 3.0s, fwd+bwd+step 0.3s
15-09-26 16:00:41:   epoch 58 batch 11: collate wait 3.2s, fwd+bwd+step 0.3s
15-09-26 16:00:44:   epoch 58 batch 12: collate wait 3.0s, fwd+bwd+step 0.3s
15-09-26 16:00:48:   epoch 58 batch 13: collate wait 2.9s, fwd+bwd+step 0.3s
15-09-26 16:00:52:   epoch 58 batch 14: collate wait 3.9s, fwd+bwd+step 0.3s
15-09-26 16:00:55:   epoch 58 batch 15: collate wait 2.9s, fwd+bwd+step 0.3s
15-09-26 16:00:55: Trn - Source 58, cls loss: 0.0088, seg loss: 0.5786, kendall s_cls: -0.6926, s_seg: 0.1983
15-09-26 16:01:04: Val - Source 58, cls acc: 1.0000, cls avg acc: 1.0000, cls loss: 0.0003, seg loss: 0.9325, total loss: 0.5181
15-09-26 16:01:04: Val - Source 58, Tomato seg: loss=1.1344, mIoU=0.4208, acc=0.8030
15-09-26 16:01:04: Val - Source 58, Maize seg: loss=0.8590, mIoU=0.4535, acc=0.8920
15-09-26 16:01:13: Eval(no-train) - Target 58, acc: 0.8413, avg acc: 0.8658, cls loss: 0.2835  <- domain gap indicator (DA-0 baseline, L-D only, cls-only)
15-09-26 16:01:17:   epoch 59 batch 0: collate wait 3.5s, fwd+bwd+step 0.3s
15-09-26 16:01:21:   epoch 59 batch 1: collate wait 3.5s, fwd+bwd+step 0.3s
15-09-26 16:01:24:   epoch 59 batch 2: collate wait 2.9s, fwd+bwd+step 0.3s
15-09-26 16:01:28:   epoch 59 batch 3: collate wait 3.4s, fwd+bwd+step 0.3s
15-09-26 16:01:31:   epoch 59 batch 4: collate wait 2.8s, fwd+bwd+step 0.3s
15-09-26 16:01:35:   epoch 59 batch 5: collate wait 3.6s, fwd+bwd+step 0.3s
15-09-26 16:01:37:   epoch 59 batch 6: collate wait 2.6s, fwd+bwd+step 0.2s
15-09-26 16:01:41:   epoch 59 batch 7: collate wait 2.9s, fwd+bwd+step 0.3s
15-09-26 16:01:43:   epoch 59 batch 8: collate wait 2.6s, fwd+bwd+step 0.2s
15-09-26 16:01:46:   epoch 59 batch 9: collate wait 2.7s, fwd+bwd+step 0.3s
15-09-26 16:01:49:   epoch 59 batch 10: collate wait 2.5s, fwd+bwd+step 0.3s
15-09-26 16:01:53:   epoch 59 batch 11: collate wait 3.7s, fwd+bwd+step 0.3s
15-09-26 16:01:57:   epoch 59 batch 12: collate wait 3.3s, fwd+bwd+step 0.3s
15-09-26 16:02:00:   epoch 59 batch 13: collate wait 2.7s, fwd+bwd+step 0.3s
15-09-26 16:02:03:   epoch 59 batch 14: collate wait 2.8s, fwd+bwd+step 0.3s
15-09-26 16:02:06:   epoch 59 batch 15: collate wait 3.2s, fwd+bwd+step 0.3s
15-09-26 16:02:06: Trn - Source 59, cls loss: 0.0050, seg loss: 0.5760, kendall s_cls: -0.6981, s_seg: 0.1978
15-09-26 16:02:15: Val - Source 59, cls acc: 1.0000, cls avg acc: 1.0000, cls loss: 0.0002, seg loss: 0.8910, total loss: 0.4815
15-09-26 16:02:15: Val - Source 59, Tomato seg: loss=1.4471, mIoU=0.4268, acc=0.8111
15-09-26 16:02:15: Val - Source 59, Maize seg: loss=0.6888, mIoU=0.4626, acc=0.8993
15-09-26 16:02:24: Eval(no-train) - Target 59, acc: 0.7778, avg acc: 0.8250, cls loss: 0.3948  <- domain gap indicator (DA-0 baseline, L-D only, cls-only)
15-09-26 16:02:27:   epoch 60 batch 0: collate wait 3.0s, fwd+bwd+step 0.3s
15-09-26 16:02:30:   epoch 60 batch 1: collate wait 3.1s, fwd+bwd+step 0.3s
15-09-26 16:02:34:   epoch 60 batch 2: collate wait 3.1s, fwd+bwd+step 0.3s
15-09-26 16:02:37:   epoch 60 batch 3: collate wait 2.8s, fwd+bwd+step 0.3s
15-09-26 16:02:40:   epoch 60 batch 4: collate wait 2.8s, fwd+bwd+step 0.3s
15-09-26 16:02:44:   epoch 60 batch 5: collate wait 3.8s, fwd+bwd+step 0.3s
15-09-26 16:02:48:   epoch 60 batch 6: collate wait 3.7s, fwd+bwd+step 0.3s
15-09-26 16:02:51:   epoch 60 batch 7: collate wait 2.9s, fwd+bwd+step 0.3s
15-09-26 16:02:54:   epoch 60 batch 8: collate wait 2.8s, fwd+bwd+step 0.3s
15-09-26 16:02:58:   epoch 60 batch 9: collate wait 3.4s, fwd+bwd+step 0.3s
15-09-26 16:03:01:   epoch 60 batch 10: collate wait 3.0s, fwd+bwd+step 0.3s
15-09-26 16:03:05:   epoch 60 batch 11: collate wait 3.5s, fwd+bwd+step 0.3s
15-09-26 16:03:08:   epoch 60 batch 12: collate wait 2.9s, fwd+bwd+step 0.3s
15-09-26 16:03:12:   epoch 60 batch 13: collate wait 3.5s, fwd+bwd+step 0.3s
15-09-26 16:03:15:   epoch 60 batch 14: collate wait 3.3s, fwd+bwd+step 0.3s
15-09-26 16:03:19:   epoch 60 batch 15: collate wait 3.6s, fwd+bwd+step 0.3s
15-09-26 16:03:19: Trn - Source 60, cls loss: 0.0021, seg loss: 0.5704, kendall s_cls: -0.7036, s_seg: 0.1972
15-09-26 16:03:28: Val - Source 60, cls acc: 1.0000, cls avg acc: 1.0000, cls loss: 0.0002, seg loss: 1.0209, total loss: 0.5854
15-09-26 16:03:28: Val - Source 60, Tomato seg: loss=1.8308, mIoU=0.4246, acc=0.8068
15-09-26 16:03:28: Val - Source 60, Maize seg: loss=0.7264, mIoU=0.4611, acc=0.9004
15-09-26 16:03:38: Eval(no-train) - Target 60, acc: 0.7143, avg acc: 0.7750, cls loss: 0.5319  <- domain gap indicator (DA-0 baseline, L-D only, cls-only)
15-09-26 16:03:42:   epoch 61 batch 0: collate wait 3.5s, fwd+bwd+step 0.3s
15-09-26 16:03:45:   epoch 61 batch 1: collate wait 3.2s, fwd+bwd+step 0.3s
15-09-26 16:03:48:   epoch 61 batch 2: collate wait 2.9s, fwd+bwd+step 0.3s
15-09-26 16:03:51:   epoch 61 batch 3: collate wait 2.8s, fwd+bwd+step 0.3s
15-09-26 16:03:55:   epoch 61 batch 4: collate wait 3.5s, fwd+bwd+step 0.3s
15-09-26 16:03:58:   epoch 61 batch 5: collate wait 3.0s, fwd+bwd+step 0.3s
15-09-26 16:04:02:   epoch 61 batch 6: collate wait 3.1s, fwd+bwd+step 0.3s
15-09-26 16:04:06:   epoch 61 batch 7: collate wait 3.5s, fwd+bwd+step 0.3s
15-09-26 16:04:09:   epoch 61 batch 8: collate wait 3.2s, fwd+bwd+step 0.3s
15-09-26 16:04:12:   epoch 61 batch 9: collate wait 2.6s, fwd+bwd+step 0.3s
15-09-26 16:04:16:   epoch 61 batch 10: collate wait 3.4s, fwd+bwd+step 0.3s
15-09-26 16:04:19:   epoch 61 batch 11: collate wait 3.2s, fwd+bwd+step 0.3s
15-09-26 16:04:22:   epoch 61 batch 12: collate wait 2.9s, fwd+bwd+step 0.3s
15-09-26 16:04:26:   epoch 61 batch 13: collate wait 3.6s, fwd+bwd+step 0.3s
15-09-26 16:04:30:   epoch 61 batch 14: collate wait 3.5s, fwd+bwd+step 0.3s
15-09-26 16:04:33:   epoch 61 batch 15: collate wait 2.8s, fwd+bwd+step 0.3s
15-09-26 16:04:33: Trn - Source 61, cls loss: 0.0308, seg loss: 0.5615, kendall s_cls: -0.7087, s_seg: 0.1963
15-09-26 16:04:42: Val - Source 61, cls acc: 1.0000, cls avg acc: 1.0000, cls loss: 0.0004, seg loss: 0.8805, total loss: 0.4683
15-09-26 16:04:42: Val - Source 61, Tomato seg: loss=1.5217, mIoU=0.4329, acc=0.8177
15-09-26 16:04:42: Val - Source 61, Maize seg: loss=0.6474, mIoU=0.4669, acc=0.9045
15-09-26 16:04:51: Eval(no-train) - Target 61, acc: 0.6032, avg acc: 0.6875, cls loss: 0.8393  <- domain gap indicator (DA-0 baseline, L-D only, cls-only)
15-09-26 16:04:55:   epoch 62 batch 0: collate wait 3.2s, fwd+bwd+step 0.3s
15-09-26 16:04:58:   epoch 62 batch 1: collate wait 3.1s, fwd+bwd+step 0.3s
15-09-26 16:05:01:   epoch 62 batch 2: collate wait 3.1s, fwd+bwd+step 0.3s
15-09-26 16:05:05:   epoch 62 batch 3: collate wait 3.3s, fwd+bwd+step 0.3s
15-09-26 16:05:09:   epoch 62 batch 4: collate wait 4.1s, fwd+bwd+step 0.3s
15-09-26 16:05:12:   epoch 62 batch 5: collate wait 2.8s, fwd+bwd+step 0.3s
15-09-26 16:05:16:   epoch 62 batch 6: collate wait 3.0s, fwd+bwd+step 0.3s
15-09-26 16:05:19:   epoch 62 batch 7: collate wait 3.2s, fwd+bwd+step 0.3s
15-09-26 16:05:23:   epoch 62 batch 8: collate wait 3.7s, fwd+bwd+step 0.3s
15-09-26 16:05:26:   epoch 62 batch 9: collate wait 3.0s, fwd+bwd+step 0.3s
15-09-26 16:05:30:   epoch 62 batch 10: collate wait 3.0s, fwd+bwd+step 0.3s
15-09-26 16:05:33:   epoch 62 batch 11: collate wait 3.3s, fwd+bwd+step 0.3s
15-09-26 16:05:37:   epoch 62 batch 12: collate wait 3.2s, fwd+bwd+step 0.3s
15-09-26 16:05:40:   epoch 62 batch 13: collate wait 3.0s, fwd+bwd+step 0.3s
15-09-26 16:05:44:   epoch 62 batch 14: collate wait 3.6s, fwd+bwd+step 0.3s
15-09-26 16:05:47:   epoch 62 batch 15: collate wait 3.1s, fwd+bwd+step 0.3s
15-09-26 16:05:47: Trn - Source 62, cls loss: 0.0024, seg loss: 0.5481, kendall s_cls: -0.7134, s_seg: 0.1956
15-09-26 16:05:57: Val - Source 62, cls acc: 1.0000, cls avg acc: 1.0000, cls loss: 0.0023, seg loss: 0.8087, total loss: 0.4108
15-09-26 16:05:57: Val - Source 62, Tomato seg: loss=1.1710, mIoU=0.4300, acc=0.8102
15-09-26 16:05:57: Val - Source 62, Maize seg: loss=0.6769, mIoU=0.4629, acc=0.9010
15-09-26 16:06:06: Eval(no-train) - Target 62, acc: 0.4921, avg acc: 0.6000, cls loss: 2.6800  <- domain gap indicator (DA-0 baseline, L-D only, cls-only)
15-09-26 16:06:10:   epoch 63 batch 0: collate wait 2.9s, fwd+bwd+step 0.3s
15-09-26 16:06:13:   epoch 63 batch 1: collate wait 3.5s, fwd+bwd+step 0.3s
15-09-26 16:06:17:   epoch 63 batch 2: collate wait 3.0s, fwd+bwd+step 0.3s
15-09-26 16:06:20:   epoch 63 batch 3: collate wait 3.4s, fwd+bwd+step 0.3s
15-09-26 16:06:24:   epoch 63 batch 4: collate wait 3.1s, fwd+bwd+step 0.3s
15-09-26 16:06:27:   epoch 63 batch 5: collate wait 3.3s, fwd+bwd+step 0.3s
15-09-26 16:06:31:   epoch 63 batch 6: collate wait 3.4s, fwd+bwd+step 0.3s
15-09-26 16:06:35:   epoch 63 batch 7: collate wait 3.7s, fwd+bwd+step 0.3s
15-09-26 16:06:38:   epoch 63 batch 8: collate wait 3.0s, fwd+bwd+step 0.3s
15-09-26 16:06:42:   epoch 63 batch 9: collate wait 3.3s, fwd+bwd+step 0.3s
15-09-26 16:06:45:   epoch 63 batch 10: collate wait 3.3s, fwd+bwd+step 0.3s
15-09-26 16:06:49:   epoch 63 batch 11: collate wait 3.5s, fwd+bwd+step 0.3s
15-09-26 16:06:53:   epoch 63 batch 12: collate wait 3.2s, fwd+bwd+step 0.3s
15-09-26 16:06:56:   epoch 63 batch 13: collate wait 3.3s, fwd+bwd+step 0.3s
15-09-26 16:07:00:   epoch 63 batch 14: collate wait 3.3s, fwd+bwd+step 0.3s
15-09-26 16:07:04:   epoch 63 batch 15: collate wait 3.7s, fwd+bwd+step 0.3s
15-09-26 16:07:04: Trn - Source 63, cls loss: 0.0051, seg loss: 0.5592, kendall s_cls: -0.7181, s_seg: 0.1948
15-09-26 16:07:13: Val - Source 63, cls acc: 1.0000, cls avg acc: 1.0000, cls loss: 0.0006, seg loss: 0.9743, total loss: 0.5414
15-09-26 16:07:13: Val - Source 63, Tomato seg: loss=1.7393, mIoU=0.4237, acc=0.8141
15-09-26 16:07:13: Val - Source 63, Maize seg: loss=0.6961, mIoU=0.4687, acc=0.9059
15-09-26 16:07:23: Eval(no-train) - Target 63, acc: 0.4444, avg acc: 0.5625, cls loss: 2.9514  <- domain gap indicator (DA-0 baseline, L-D only, cls-only)
15-09-26 16:07:26:   epoch 64 batch 0: collate wait 3.4s, fwd+bwd+step 0.3s
15-09-26 16:07:30:   epoch 64 batch 1: collate wait 3.0s, fwd+bwd+step 0.3s
15-09-26 16:07:34:   epoch 64 batch 2: collate wait 3.9s, fwd+bwd+step 0.3s
15-09-26 16:07:38:   epoch 64 batch 3: collate wait 3.8s, fwd+bwd+step 0.3s
15-09-26 16:07:41:   epoch 64 batch 4: collate wait 2.8s, fwd+bwd+step 0.3s
15-09-26 16:07:44:   epoch 64 batch 5: collate wait 3.0s, fwd+bwd+step 0.3s
15-09-26 16:07:48:   epoch 64 batch 6: collate wait 3.8s, fwd+bwd+step 0.3s
15-09-26 16:07:51:   epoch 64 batch 7: collate wait 2.5s, fwd+bwd+step 0.3s
15-09-26 16:07:54:   epoch 64 batch 8: collate wait 2.9s, fwd+bwd+step 0.3s
15-09-26 16:07:58:   epoch 64 batch 9: collate wait 3.1s, fwd+bwd+step 0.3s
15-09-26 16:08:01:   epoch 64 batch 10: collate wait 2.8s, fwd+bwd+step 0.3s
15-09-26 16:08:05:   epoch 64 batch 11: collate wait 3.8s, fwd+bwd+step 0.3s
15-09-26 16:08:08:   epoch 64 batch 12: collate wait 2.9s, fwd+bwd+step 0.3s
15-09-26 16:08:12:   epoch 64 batch 13: collate wait 3.3s, fwd+bwd+step 0.3s
15-09-26 16:08:15:   epoch 64 batch 14: collate wait 3.5s, fwd+bwd+step 0.3s
15-09-26 16:08:20:   epoch 64 batch 15: collate wait 4.1s, fwd+bwd+step 0.3s
15-09-26 16:08:20: Trn - Source 64, cls loss: 0.0077, seg loss: 0.5645, kendall s_cls: -0.7226, s_seg: 0.1942
15-09-26 16:08:29: Val - Source 64, cls acc: 1.0000, cls avg acc: 1.0000, cls loss: 0.0002, seg loss: 0.8629, total loss: 0.4469
15-09-26 16:08:29: Val - Source 64, Tomato seg: loss=1.3036, mIoU=0.4283, acc=0.8124
15-09-26 16:08:29: Val - Source 64, Maize seg: loss=0.7027, mIoU=0.4629, acc=0.9040
15-09-26 16:08:39: Eval(no-train) - Target 64, acc: 0.5079, avg acc: 0.6125, cls loss: 2.4360  <- domain gap indicator (DA-0 baseline, L-D only, cls-only)
15-09-26 16:08:42:   epoch 65 batch 0: collate wait 3.4s, fwd+bwd+step 0.3s
15-09-26 16:08:46:   epoch 65 batch 1: collate wait 3.0s, fwd+bwd+step 0.3s
15-09-26 16:08:49:   epoch 65 batch 2: collate wait 3.4s, fwd+bwd+step 0.3s
15-09-26 16:08:53:   epoch 65 batch 3: collate wait 3.2s, fwd+bwd+step 0.3s
15-09-26 16:08:57:   epoch 65 batch 4: collate wait 3.6s, fwd+bwd+step 0.3s
15-09-26 16:09:01:   epoch 65 batch 5: collate wait 3.6s, fwd+bwd+step 0.3s
15-09-26 16:09:04:   epoch 65 batch 6: collate wait 3.2s, fwd+bwd+step 0.3s
15-09-26 16:09:08:   epoch 65 batch 7: collate wait 3.7s, fwd+bwd+step 0.3s
15-09-26 16:09:12:   epoch 65 batch 8: collate wait 3.8s, fwd+bwd+step 0.3s
15-09-26 16:09:16:   epoch 65 batch 9: collate wait 3.4s, fwd+bwd+step 0.3s
15-09-26 16:09:19:   epoch 65 batch 10: collate wait 3.1s, fwd+bwd+step 0.3s
15-09-26 16:09:23:   epoch 65 batch 11: collate wait 3.2s, fwd+bwd+step 0.3s
15-09-26 16:09:27:   epoch 65 batch 12: collate wait 3.6s, fwd+bwd+step 0.3s
15-09-26 16:09:30:   epoch 65 batch 13: collate wait 2.7s, fwd+bwd+step 0.3s
15-09-26 16:09:33:   epoch 65 batch 14: collate wait 3.4s, fwd+bwd+step 0.3s
15-09-26 16:09:37:   epoch 65 batch 15: collate wait 3.4s, fwd+bwd+step 0.3s
15-09-26 16:09:37: Trn - Source 65, cls loss: 0.0018, seg loss: 0.5742, kendall s_cls: -0.7269, s_seg: 0.1937
15-09-26 16:09:47: Val - Source 65, cls acc: 1.0000, cls avg acc: 1.0000, cls loss: 0.0004, seg loss: 0.9700, total loss: 0.5334
15-09-26 16:09:47: Val - Source 65, Tomato seg: loss=1.2192, mIoU=0.4211, acc=0.7992
15-09-26 16:09:47: Val - Source 65, Maize seg: loss=0.8795, mIoU=0.4579, acc=0.8952
15-09-26 16:09:56: Eval(no-train) - Target 65, acc: 0.5397, avg acc: 0.6375, cls loss: 1.8422  <- domain gap indicator (DA-0 baseline, L-D only, cls-only)
15-09-26 16:10:00:   epoch 66 batch 0: collate wait 2.9s, fwd+bwd+step 0.3s
15-09-26 16:10:03:   epoch 66 batch 1: collate wait 3.2s, fwd+bwd+step 0.3s
15-09-26 16:10:07:   epoch 66 batch 2: collate wait 3.2s, fwd+bwd+step 0.3s
15-09-26 16:10:10:   epoch 66 batch 3: collate wait 3.4s, fwd+bwd+step 0.3s
15-09-26 16:10:13:   epoch 66 batch 4: collate wait 3.0s, fwd+bwd+step 0.3s
15-09-26 16:10:17:   epoch 66 batch 5: collate wait 3.7s, fwd+bwd+step 0.3s
15-09-26 16:10:21:   epoch 66 batch 6: collate wait 3.3s, fwd+bwd+step 0.3s
15-09-26 16:10:24:   epoch 66 batch 7: collate wait 2.8s, fwd+bwd+step 0.3s
15-09-26 16:10:28:   epoch 66 batch 8: collate wait 3.7s, fwd+bwd+step 0.3s
15-09-26 16:10:32:   epoch 66 batch 9: collate wait 3.2s, fwd+bwd+step 0.3s
15-09-26 16:10:36:   epoch 66 batch 10: collate wait 3.7s, fwd+bwd+step 0.3s
15-09-26 16:10:39:   epoch 66 batch 11: collate wait 2.9s, fwd+bwd+step 0.3s
15-09-26 16:10:42:   epoch 66 batch 12: collate wait 3.3s, fwd+bwd+step 0.3s
15-09-26 16:10:46:   epoch 66 batch 13: collate wait 3.5s, fwd+bwd+step 0.3s
15-09-26 16:10:49:   epoch 66 batch 14: collate wait 3.0s, fwd+bwd+step 0.3s
15-09-26 16:10:53:   epoch 66 batch 15: collate wait 3.3s, fwd+bwd+step 0.3s
15-09-26 16:10:53: Trn - Source 66, cls loss: 0.0034, seg loss: 0.5508, kendall s_cls: -0.7310, s_seg: 0.1931
15-09-26 16:11:02: Val - Source 66, cls acc: 1.0000, cls avg acc: 1.0000, cls loss: 0.0004, seg loss: 0.8544, total loss: 0.4361
15-09-26 16:11:02: Val - Source 66, Tomato seg: loss=1.2612, mIoU=0.4201, acc=0.7967
15-09-26 16:11:02: Val - Source 66, Maize seg: loss=0.7065, mIoU=0.4637, acc=0.9034
15-09-26 16:11:12: Eval(no-train) - Target 66, acc: 0.5397, avg acc: 0.6375, cls loss: 1.7670  <- domain gap indicator (DA-0 baseline, L-D only, cls-only)
15-09-26 16:11:15:   epoch 67 batch 0: collate wait 2.8s, fwd+bwd+step 0.3s
15-09-26 16:11:18:   epoch 67 batch 1: collate wait 3.5s, fwd+bwd+step 0.3s
15-09-26 16:11:22:   epoch 67 batch 2: collate wait 3.2s, fwd+bwd+step 0.2s
15-09-26 16:11:26:   epoch 67 batch 3: collate wait 3.4s, fwd+bwd+step 0.3s
15-09-26 16:11:29:   epoch 67 batch 4: collate wait 3.3s, fwd+bwd+step 0.2s
15-09-26 16:11:33:   epoch 67 batch 5: collate wait 3.1s, fwd+bwd+step 0.3s
15-09-26 16:11:36:   epoch 67 batch 6: collate wait 3.2s, fwd+bwd+step 0.3s
15-09-26 16:11:40:   epoch 67 batch 7: collate wait 3.9s, fwd+bwd+step 0.3s
15-09-26 16:11:44:   epoch 67 batch 8: collate wait 3.4s, fwd+bwd+step 0.3s
15-09-26 16:11:48:   epoch 67 batch 9: collate wait 3.6s, fwd+bwd+step 0.3s
15-09-26 16:11:52:   epoch 67 batch 10: collate wait 3.5s, fwd+bwd+step 0.3s
15-09-26 16:11:55:   epoch 67 batch 11: collate wait 2.7s, fwd+bwd+step 0.3s
15-09-26 16:11:58:   epoch 67 batch 12: collate wait 3.3s, fwd+bwd+step 0.3s
15-09-26 16:12:02:   epoch 67 batch 13: collate wait 3.4s, fwd+bwd+step 0.3s
15-09-26 16:12:05:   epoch 67 batch 14: collate wait 3.1s, fwd+bwd+step 0.3s
15-09-26 16:12:08:   epoch 67 batch 15: collate wait 2.9s, fwd+bwd+step 0.3s
15-09-26 16:12:08: Trn - Source 67, cls loss: 0.0252, seg loss: 0.5482, kendall s_cls: -0.7348, s_seg: 0.1924
15-09-26 16:12:18: Val - Source 67, cls acc: 1.0000, cls avg acc: 1.0000, cls loss: 0.0002, seg loss: 0.8359, total loss: 0.4188
15-09-26 16:12:18: Val - Source 67, Tomato seg: loss=1.3126, mIoU=0.4366, acc=0.8287
15-09-26 16:12:18: Val - Source 67, Maize seg: loss=0.6625, mIoU=0.4618, acc=0.8984
15-09-26 16:12:28: Eval(no-train) - Target 67, acc: 0.5238, avg acc: 0.6250, cls loss: 1.6618  <- domain gap indicator (DA-0 baseline, L-D only, cls-only)
15-09-26 16:12:32:   epoch 68 batch 0: collate wait 3.5s, fwd+bwd+step 0.3s
15-09-26 16:12:35:   epoch 68 batch 1: collate wait 2.9s, fwd+bwd+step 0.3s
15-09-26 16:12:38:   epoch 68 batch 2: collate wait 2.8s, fwd+bwd+step 0.3s
15-09-26 16:12:42:   epoch 68 batch 3: collate wait 3.4s, fwd+bwd+step 0.3s
15-09-26 16:12:45:   epoch 68 batch 4: collate wait 3.1s, fwd+bwd+step 0.3s
15-09-26 16:12:48:   epoch 68 batch 5: collate wait 3.1s, fwd+bwd+step 0.3s
15-09-26 16:12:52:   epoch 68 batch 6: collate wait 3.5s, fwd+bwd+step 0.3s
15-09-26 16:12:55:   epoch 68 batch 7: collate wait 2.9s, fwd+bwd+step 0.3s
15-09-26 16:12:59:   epoch 68 batch 8: collate wait 3.5s, fwd+bwd+step 0.3s
15-09-26 16:13:03:   epoch 68 batch 9: collate wait 4.0s, fwd+bwd+step 0.3s
15-09-26 16:13:07:   epoch 68 batch 10: collate wait 3.1s, fwd+bwd+step 0.3s
15-09-26 16:13:10:   epoch 68 batch 11: collate wait 3.4s, fwd+bwd+step 0.3s
15-09-26 16:13:14:   epoch 68 batch 12: collate wait 3.5s, fwd+bwd+step 0.3s
15-09-26 16:13:18:   epoch 68 batch 13: collate wait 3.2s, fwd+bwd+step 0.3s
15-09-26 16:13:21:   epoch 68 batch 14: collate wait 2.8s, fwd+bwd+step 0.3s
15-09-26 16:13:24:   epoch 68 batch 15: collate wait 3.5s, fwd+bwd+step 0.3s
15-09-26 16:13:24: Trn - Source 68, cls loss: 0.0048, seg loss: 0.5660, kendall s_cls: -0.7383, s_seg: 0.1918
15-09-26 16:13:34: Val - Source 68, cls acc: 1.0000, cls avg acc: 1.0000, cls loss: 0.0003, seg loss: 0.9132, total loss: 0.4811
15-09-26 16:13:34: Val - Source 68, Tomato seg: loss=1.2096, mIoU=0.4262, acc=0.8124
15-09-26 16:13:34: Val - Source 68, Maize seg: loss=0.8054, mIoU=0.4667, acc=0.9066
15-09-26 16:13:44: Eval(no-train) - Target 68, acc: 0.5397, avg acc: 0.6375, cls loss: 1.3999  <- domain gap indicator (DA-0 baseline, L-D only, cls-only)
15-09-26 16:13:48:   epoch 69 batch 0: collate wait 3.5s, fwd+bwd+step 0.3s
15-09-26 16:13:51:   epoch 69 batch 1: collate wait 3.7s, fwd+bwd+step 0.3s
15-09-26 16:13:55:   epoch 69 batch 2: collate wait 3.4s, fwd+bwd+step 0.3s
15-09-26 16:13:59:   epoch 69 batch 3: collate wait 3.5s, fwd+bwd+step 0.3s
15-09-26 16:14:03:   epoch 69 batch 4: collate wait 3.6s, fwd+bwd+step 0.3s
15-09-26 16:14:06:   epoch 69 batch 5: collate wait 3.1s, fwd+bwd+step 0.3s
15-09-26 16:14:10:   epoch 69 batch 6: collate wait 3.8s, fwd+bwd+step 0.3s
15-09-26 16:14:13:   epoch 69 batch 7: collate wait 2.7s, fwd+bwd+step 0.3s
15-09-26 16:14:17:   epoch 69 batch 8: collate wait 3.2s, fwd+bwd+step 0.3s
15-09-26 16:14:20:   epoch 69 batch 9: collate wait 3.1s, fwd+bwd+step 0.3s
15-09-26 16:14:23:   epoch 69 batch 10: collate wait 3.1s, fwd+bwd+step 0.3s
15-09-26 16:14:27:   epoch 69 batch 11: collate wait 3.1s, fwd+bwd+step 0.3s
15-09-26 16:14:30:   epoch 69 batch 12: collate wait 2.8s, fwd+bwd+step 0.3s
15-09-26 16:14:33:   epoch 69 batch 13: collate wait 3.0s, fwd+bwd+step 0.3s
15-09-26 16:14:36:   epoch 69 batch 14: collate wait 3.1s, fwd+bwd+step 0.3s
15-09-26 16:14:40:   epoch 69 batch 15: collate wait 3.0s, fwd+bwd+step 0.3s
15-09-26 16:14:40: Trn - Source 69, cls loss: 0.0025, seg loss: 0.5399, kendall s_cls: -0.7418, s_seg: 0.1911
15-09-26 16:14:49: Val - Source 69, cls acc: 1.0000, cls avg acc: 1.0000, cls loss: 0.0003, seg loss: 0.8919, total loss: 0.4622
15-09-26 16:14:49: Val - Source 69, Tomato seg: loss=1.3413, mIoU=0.4294, acc=0.8149
15-09-26 16:14:49: Val - Source 69, Maize seg: loss=0.7285, mIoU=0.4636, acc=0.8999
15-09-26 16:14:58: Eval(no-train) - Target 69, acc: 0.5238, avg acc: 0.6250, cls loss: 1.5067  <- domain gap indicator (DA-0 baseline, L-D only, cls-only)
15-09-26 16:15:01:   epoch 70 batch 0: collate wait 3.0s, fwd+bwd+step 0.3s
15-09-26 16:15:05:   epoch 70 batch 1: collate wait 3.5s, fwd+bwd+step 0.3s
15-09-26 16:15:08:   epoch 70 batch 2: collate wait 3.3s, fwd+bwd+step 0.3s
15-09-26 16:15:12:   epoch 70 batch 3: collate wait 3.1s, fwd+bwd+step 0.3s
15-09-26 16:15:15:   epoch 70 batch 4: collate wait 2.4s, fwd+bwd+step 0.3s
15-09-26 16:15:18:   epoch 70 batch 5: collate wait 3.1s, fwd+bwd+step 0.3s
15-09-26 16:15:21:   epoch 70 batch 6: collate wait 2.9s, fwd+bwd+step 0.3s
15-09-26 16:15:25:   epoch 70 batch 7: collate wait 3.9s, fwd+bwd+step 0.3s
15-09-26 16:15:29:   epoch 70 batch 8: collate wait 3.0s, fwd+bwd+step 0.3s
15-09-26 16:15:32:   epoch 70 batch 9: collate wait 3.0s, fwd+bwd+step 0.3s
15-09-26 16:15:35:   epoch 70 batch 10: collate wait 3.3s, fwd+bwd+step 0.3s
15-09-26 16:15:39:   epoch 70 batch 11: collate wait 3.1s, fwd+bwd+step 0.3s
15-09-26 16:15:42:   epoch 70 batch 12: collate wait 3.1s, fwd+bwd+step 0.3s
15-09-26 16:15:46:   epoch 70 batch 13: collate wait 3.2s, fwd+bwd+step 0.3s
15-09-26 16:15:49:   epoch 70 batch 14: collate wait 2.9s, fwd+bwd+step 0.3s
15-09-26 16:15:52:   epoch 70 batch 15: collate wait 3.4s, fwd+bwd+step 0.3s
15-09-26 16:15:52: Trn - Source 70, cls loss: 0.0309, seg loss: 0.5556, kendall s_cls: -0.7448, s_seg: 0.1905
15-09-26 16:16:01: Val - Source 70, cls acc: 1.0000, cls avg acc: 1.0000, cls loss: 0.0008, seg loss: 0.7897, total loss: 0.3773
15-09-26 16:16:01: Val - Source 70, Tomato seg: loss=1.2860, mIoU=0.4335, acc=0.8234
15-09-26 16:16:01: Val - Source 70, Maize seg: loss=0.6093, mIoU=0.4653, acc=0.9008
15-09-26 16:16:10: Eval(no-train) - Target 70, acc: 0.5873, avg acc: 0.6750, cls loss: 1.1074  <- domain gap indicator (DA-0 baseline, L-D only, cls-only)
15-09-26 16:16:14:   epoch 71 batch 0: collate wait 3.6s, fwd+bwd+step 0.3s
15-09-26 16:16:18:   epoch 71 batch 1: collate wait 3.5s, fwd+bwd+step 0.3s
15-09-26 16:16:22:   epoch 71 batch 2: collate wait 3.4s, fwd+bwd+step 0.3s
15-09-26 16:16:26:   epoch 71 batch 3: collate wait 4.2s, fwd+bwd+step 0.3s
15-09-26 16:16:30:   epoch 71 batch 4: collate wait 3.9s, fwd+bwd+step 0.3s
15-09-26 16:16:34:   epoch 71 batch 5: collate wait 3.1s, fwd+bwd+step 0.3s
15-09-26 16:16:37:   epoch 71 batch 6: collate wait 3.3s, fwd+bwd+step 0.3s
15-09-26 16:16:41:   epoch 71 batch 7: collate wait 3.6s, fwd+bwd+step 0.3s
15-09-26 16:16:44:   epoch 71 batch 8: collate wait 3.0s, fwd+bwd+step 0.3s
15-09-26 16:16:48:   epoch 71 batch 9: collate wait 3.0s, fwd+bwd+step 0.3s
15-09-26 16:16:51:   epoch 71 batch 10: collate wait 3.2s, fwd+bwd+step 0.3s
15-09-26 16:16:54:   epoch 71 batch 11: collate wait 2.7s, fwd+bwd+step 0.3s
15-09-26 16:16:57:   epoch 71 batch 12: collate wait 3.1s, fwd+bwd+step 0.3s
15-09-26 16:17:01:   epoch 71 batch 13: collate wait 2.8s, fwd+bwd+step 0.3s
15-09-26 16:17:04:   epoch 71 batch 14: collate wait 3.3s, fwd+bwd+step 0.3s
15-09-26 16:17:07:   epoch 71 batch 15: collate wait 3.0s, fwd+bwd+step 0.3s
15-09-26 16:17:07: Trn - Source 71, cls loss: 0.0029, seg loss: 0.5547, kendall s_cls: -0.7478, s_seg: 0.1899
15-09-26 16:17:16: Val - Source 71, cls acc: 1.0000, cls avg acc: 1.0000, cls loss: 0.0005, seg loss: 0.8931, total loss: 0.4608
15-09-26 16:17:16: Val - Source 71, Tomato seg: loss=1.5959, mIoU=0.4337, acc=0.8244
15-09-26 16:17:16: Val - Source 71, Maize seg: loss=0.6376, mIoU=0.4722, acc=0.9084
15-09-26 16:17:26: Eval(no-train) - Target 71, acc: 0.5873, avg acc: 0.6750, cls loss: 0.8896  <- domain gap indicator (DA-0 baseline, L-D only, cls-only)
15-09-26 16:17:30:   epoch 72 batch 0: collate wait 3.4s, fwd+bwd+step 0.3s
15-09-26 16:17:33:   epoch 72 batch 1: collate wait 3.4s, fwd+bwd+step 0.3s
15-09-26 16:17:36:   epoch 72 batch 2: collate wait 2.7s, fwd+bwd+step 0.3s
15-09-26 16:17:40:   epoch 72 batch 3: collate wait 3.2s, fwd+bwd+step 0.3s
15-09-26 16:17:43:   epoch 72 batch 4: collate wait 3.2s, fwd+bwd+step 0.3s
15-09-26 16:17:47:   epoch 72 batch 5: collate wait 3.8s, fwd+bwd+step 0.3s
15-09-26 16:17:51:   epoch 72 batch 6: collate wait 3.3s, fwd+bwd+step 0.3s
15-09-26 16:17:55:   epoch 72 batch 7: collate wait 3.5s, fwd+bwd+step 0.3s
15-09-26 16:17:58:   epoch 72 batch 8: collate wait 3.4s, fwd+bwd+step 0.3s
15-09-26 16:18:02:   epoch 72 batch 9: collate wait 3.4s, fwd+bwd+step 0.3s
15-09-26 16:18:05:   epoch 72 batch 10: collate wait 2.9s, fwd+bwd+step 0.3s
15-09-26 16:18:09:   epoch 72 batch 11: collate wait 3.5s, fwd+bwd+step 0.3s
15-09-26 16:18:13:   epoch 72 batch 12: collate wait 3.4s, fwd+bwd+step 0.3s
15-09-26 16:18:17:   epoch 72 batch 13: collate wait 4.0s, fwd+bwd+step 0.3s
15-09-26 16:18:21:   epoch 72 batch 14: collate wait 3.5s, fwd+bwd+step 0.3s
15-09-26 16:18:24:   epoch 72 batch 15: collate wait 3.2s, fwd+bwd+step 0.3s
15-09-26 16:18:24: Trn - Source 72, cls loss: 0.0064, seg loss: 0.5583, kendall s_cls: -0.7506, s_seg: 0.1895
15-09-26 16:18:33: Val - Source 72, cls acc: 1.0000, cls avg acc: 1.0000, cls loss: 0.0004, seg loss: 0.7823, total loss: 0.3675
15-09-26 16:18:33: Val - Source 72, Tomato seg: loss=1.2417, mIoU=0.4381, acc=0.8224
15-09-26 16:18:33: Val - Source 72, Maize seg: loss=0.6152, mIoU=0.4680, acc=0.9044
15-09-26 16:18:43: Eval(no-train) - Target 72, acc: 0.5556, avg acc: 0.6500, cls loss: 0.9749  <- domain gap indicator (DA-0 baseline, L-D only, cls-only)
15-09-26 16:18:47:   epoch 73 batch 0: collate wait 3.6s, fwd+bwd+step 0.3s
15-09-26 16:18:50:   epoch 73 batch 1: collate wait 2.9s, fwd+bwd+step 0.3s
15-09-26 16:18:54:   epoch 73 batch 2: collate wait 3.1s, fwd+bwd+step 0.3s
15-09-26 16:18:57:   epoch 73 batch 3: collate wait 2.8s, fwd+bwd+step 0.2s
15-09-26 16:19:01:   epoch 73 batch 4: collate wait 3.7s, fwd+bwd+step 0.3s
15-09-26 16:19:05:   epoch 73 batch 5: collate wait 3.5s, fwd+bwd+step 0.3s
15-09-26 16:19:08:   epoch 73 batch 6: collate wait 2.8s, fwd+bwd+step 0.3s
15-09-26 16:19:11:   epoch 73 batch 7: collate wait 3.2s, fwd+bwd+step 0.3s
15-09-26 16:19:14:   epoch 73 batch 8: collate wait 3.0s, fwd+bwd+step 0.3s
15-09-26 16:19:18:   epoch 73 batch 9: collate wait 3.4s, fwd+bwd+step 0.3s
15-09-26 16:19:21:   epoch 73 batch 10: collate wait 3.0s, fwd+bwd+step 0.3s
15-09-26 16:19:25:   epoch 73 batch 11: collate wait 3.2s, fwd+bwd+step 0.3s
15-09-26 16:19:28:   epoch 73 batch 12: collate wait 3.0s, fwd+bwd+step 0.3s
15-09-26 16:19:32:   epoch 73 batch 13: collate wait 3.5s, fwd+bwd+step 0.3s
15-09-26 16:19:35:   epoch 73 batch 14: collate wait 3.0s, fwd+bwd+step 0.3s
15-09-26 16:19:39:   epoch 73 batch 15: collate wait 3.3s, fwd+bwd+step 0.3s
15-09-26 16:19:39: Trn - Source 73, cls loss: 0.0013, seg loss: 0.5590, kendall s_cls: -0.7533, s_seg: 0.1890
15-09-26 16:19:47: Val - Source 73, cls acc: 1.0000, cls avg acc: 1.0000, cls loss: 0.0004, seg loss: 0.7700, total loss: 0.3560
15-09-26 16:19:47: Val - Source 73, Tomato seg: loss=1.0078, mIoU=0.4286, acc=0.8112
15-09-26 16:19:47: Val - Source 73, Maize seg: loss=0.6835, mIoU=0.4594, acc=0.8991
15-09-26 16:19:57: Eval(no-train) - Target 73, acc: 0.6032, avg acc: 0.6875, cls loss: 0.9340  <- domain gap indicator (DA-0 baseline, L-D only, cls-only)
15-09-26 16:20:00:   epoch 74 batch 0: collate wait 3.1s, fwd+bwd+step 0.3s
15-09-26 16:20:03:   epoch 74 batch 1: collate wait 3.2s, fwd+bwd+step 0.2s
15-09-26 16:20:07:   epoch 74 batch 2: collate wait 3.5s, fwd+bwd+step 0.3s
15-09-26 16:20:11:   epoch 74 batch 3: collate wait 3.0s, fwd+bwd+step 0.3s
15-09-26 16:20:14:   epoch 74 batch 4: collate wait 3.0s, fwd+bwd+step 0.3s
15-09-26 16:20:18:   epoch 74 batch 5: collate wait 3.8s, fwd+bwd+step 0.3s
15-09-26 16:20:21:   epoch 74 batch 6: collate wait 3.0s, fwd+bwd+step 0.3s
15-09-26 16:20:24:   epoch 74 batch 7: collate wait 2.6s, fwd+bwd+step 0.2s
15-09-26 16:20:27:   epoch 74 batch 8: collate wait 3.2s, fwd+bwd+step 0.3s
15-09-26 16:20:31:   epoch 74 batch 9: collate wait 3.0s, fwd+bwd+step 0.3s
15-09-26 16:20:34:   epoch 74 batch 10: collate wait 3.1s, fwd+bwd+step 0.3s
15-09-26 16:20:38:   epoch 74 batch 11: collate wait 3.1s, fwd+bwd+step 0.3s
15-09-26 16:20:41:   epoch 74 batch 12: collate wait 3.4s, fwd+bwd+step 0.3s
15-09-26 16:20:45:   epoch 74 batch 13: collate wait 3.5s, fwd+bwd+step 0.3s
15-09-26 16:20:49:   epoch 74 batch 14: collate wait 3.3s, fwd+bwd+step 0.3s
15-09-26 16:20:52:   epoch 74 batch 15: collate wait 3.0s, fwd+bwd+step 0.3s
15-09-26 16:20:52: Trn - Source 74, cls loss: 0.0011, seg loss: 0.5571, kendall s_cls: -0.7559, s_seg: 0.1886
15-09-26 16:21:00: Val - Source 74, cls acc: 1.0000, cls avg acc: 1.0000, cls loss: 0.0003, seg loss: 1.0791, total loss: 0.6107
15-09-26 16:21:00: Val - Source 74, Tomato seg: loss=1.6543, mIoU=0.4310, acc=0.8173
15-09-26 16:21:00: Val - Source 74, Maize seg: loss=0.8700, mIoU=0.4614, acc=0.8982
15-09-26 16:21:10: Eval(no-train) - Target 74, acc: 0.5238, avg acc: 0.6250, cls loss: 1.0729  <- domain gap indicator (DA-0 baseline, L-D only, cls-only)
15-09-26 16:21:13:   epoch 75 batch 0: collate wait 3.2s, fwd+bwd+step 0.3s
15-09-26 16:21:16:   epoch 75 batch 1: collate wait 3.2s, fwd+bwd+step 0.3s
15-09-26 16:21:20:   epoch 75 batch 2: collate wait 3.1s, fwd+bwd+step 0.3s
15-09-26 16:21:24:   epoch 75 batch 3: collate wait 3.5s, fwd+bwd+step 0.3s
15-09-26 16:21:28:   epoch 75 batch 4: collate wait 4.0s, fwd+bwd+step 0.3s
15-09-26 16:21:32:   epoch 75 batch 5: collate wait 3.7s, fwd+bwd+step 0.3s
15-09-26 16:21:35:   epoch 75 batch 6: collate wait 3.2s, fwd+bwd+step 0.3s
15-09-26 16:21:39:   epoch 75 batch 7: collate wait 3.4s, fwd+bwd+step 0.3s
15-09-26 16:21:43:   epoch 75 batch 8: collate wait 3.3s, fwd+bwd+step 0.3s
15-09-26 16:21:46:   epoch 75 batch 9: collate wait 3.4s, fwd+bwd+step 0.3s
15-09-26 16:21:50:   epoch 75 batch 10: collate wait 3.4s, fwd+bwd+step 0.3s
15-09-26 16:21:53:   epoch 75 batch 11: collate wait 3.2s, fwd+bwd+step 0.3s
15-09-26 16:21:57:   epoch 75 batch 12: collate wait 3.0s, fwd+bwd+step 0.3s
15-09-26 16:22:00:   epoch 75 batch 13: collate wait 2.9s, fwd+bwd+step 0.3s
15-09-26 16:22:03:   epoch 75 batch 14: collate wait 3.0s, fwd+bwd+step 0.3s
15-09-26 16:22:07:   epoch 75 batch 15: collate wait 3.3s, fwd+bwd+step 0.3s
15-09-26 16:22:07: Trn - Source 75, cls loss: 0.0019, seg loss: 0.5439, kendall s_cls: -0.7582, s_seg: 0.1882
15-09-26 16:22:16: Val - Source 75, cls acc: 1.0000, cls avg acc: 1.0000, cls loss: 0.0003, seg loss: 0.9014, total loss: 0.4625
15-09-26 16:22:16: Val - Source 75, Tomato seg: loss=1.2324, mIoU=0.4399, acc=0.8187
15-09-26 16:22:16: Val - Source 75, Maize seg: loss=0.7810, mIoU=0.4603, acc=0.8976
15-09-26 16:22:25: Eval(no-train) - Target 75, acc: 0.5397, avg acc: 0.6375, cls loss: 1.2572  <- domain gap indicator (DA-0 baseline, L-D only, cls-only)
15-09-26 16:22:29:   epoch 76 batch 0: collate wait 3.2s, fwd+bwd+step 0.3s
15-09-26 16:22:33:   epoch 76 batch 1: collate wait 3.5s, fwd+bwd+step 0.3s
15-09-26 16:22:36:   epoch 76 batch 2: collate wait 3.4s, fwd+bwd+step 0.3s
15-09-26 16:22:39:   epoch 76 batch 3: collate wait 2.7s, fwd+bwd+step 0.3s
15-09-26 16:22:42:   epoch 76 batch 4: collate wait 2.9s, fwd+bwd+step 0.3s
15-09-26 16:22:46:   epoch 76 batch 5: collate wait 3.4s, fwd+bwd+step 0.3s
15-09-26 16:22:50:   epoch 76 batch 6: collate wait 3.3s, fwd+bwd+step 0.3s
15-09-26 16:22:53:   epoch 76 batch 7: collate wait 2.8s, fwd+bwd+step 0.3s
15-09-26 16:22:56:   epoch 76 batch 8: collate wait 3.1s, fwd+bwd+step 0.3s
15-09-26 16:23:00:   epoch 76 batch 9: collate wait 3.2s, fwd+bwd+step 0.3s
15-09-26 16:23:03:   epoch 76 batch 10: collate wait 3.5s, fwd+bwd+step 0.3s
15-09-26 16:23:07:   epoch 76 batch 11: collate wait 3.1s, fwd+bwd+step 0.3s
15-09-26 16:23:10:   epoch 76 batch 12: collate wait 3.4s, fwd+bwd+step 0.3s
15-09-26 16:23:14:   epoch 76 batch 13: collate wait 3.4s, fwd+bwd+step 0.3s
15-09-26 16:23:18:   epoch 76 batch 14: collate wait 3.3s, fwd+bwd+step 0.3s
15-09-26 16:23:21:   epoch 76 batch 15: collate wait 2.9s, fwd+bwd+step 0.3s
15-09-26 16:23:21: Trn - Source 76, cls loss: 0.0017, seg loss: 0.5378, kendall s_cls: -0.7604, s_seg: 0.1877
15-09-26 16:23:30: Val - Source 76, cls acc: 1.0000, cls avg acc: 1.0000, cls loss: 0.0003, seg loss: 0.8658, total loss: 0.4318
15-09-26 16:23:30: Val - Source 76, Tomato seg: loss=1.4207, mIoU=0.4393, acc=0.8299
15-09-26 16:23:30: Val - Source 76, Maize seg: loss=0.6640, mIoU=0.4629, acc=0.8999
15-09-26 16:23:39: Eval(no-train) - Target 76, acc: 0.5397, avg acc: 0.6375, cls loss: 1.2412  <- domain gap indicator (DA-0 baseline, L-D only, cls-only)
15-09-26 16:23:43:   epoch 77 batch 0: collate wait 3.7s, fwd+bwd+step 0.3s
15-09-26 16:23:47:   epoch 77 batch 1: collate wait 3.2s, fwd+bwd+step 0.3s
15-09-26 16:23:50:   epoch 77 batch 2: collate wait 3.6s, fwd+bwd+step 0.3s
15-09-26 16:23:54:   epoch 77 batch 3: collate wait 3.1s, fwd+bwd+step 0.3s
15-09-26 16:23:57:   epoch 77 batch 4: collate wait 3.4s, fwd+bwd+step 0.3s
15-09-26 16:24:01:   epoch 77 batch 5: collate wait 3.3s, fwd+bwd+step 0.3s
15-09-26 16:24:04:   epoch 77 batch 6: collate wait 2.9s, fwd+bwd+step 0.3s
15-09-26 16:24:08:   epoch 77 batch 7: collate wait 3.0s, fwd+bwd+step 0.3s
15-09-26 16:24:11:   epoch 77 batch 8: collate wait 3.6s, fwd+bwd+step 0.3s
15-09-26 16:24:15:   epoch 77 batch 9: collate wait 3.1s, fwd+bwd+step 0.3s
15-09-26 16:24:19:   epoch 77 batch 10: collate wait 3.5s, fwd+bwd+step 0.3s
15-09-26 16:24:22:   epoch 77 batch 11: collate wait 2.9s, fwd+bwd+step 0.3s
15-09-26 16:24:25:   epoch 77 batch 12: collate wait 3.0s, fwd+bwd+step 0.3s
15-09-26 16:24:29:   epoch 77 batch 13: collate wait 3.6s, fwd+bwd+step 0.3s
15-09-26 16:24:33:   epoch 77 batch 14: collate wait 3.5s, fwd+bwd+step 0.3s
15-09-26 16:24:36:   epoch 77 batch 15: collate wait 2.9s, fwd+bwd+step 0.3s
15-09-26 16:24:36: Trn - Source 77, cls loss: 0.0017, seg loss: 0.5527, kendall s_cls: -0.7624, s_seg: 0.1873
15-09-26 16:24:45: Val - Source 77, cls acc: 1.0000, cls avg acc: 1.0000, cls loss: 0.0003, seg loss: 0.9023, total loss: 0.4613
15-09-26 16:24:45: Val - Source 77, Tomato seg: loss=1.2761, mIoU=0.4420, acc=0.8282
15-09-26 16:24:45: Val - Source 77, Maize seg: loss=0.7664, mIoU=0.4638, acc=0.9002
15-09-26 16:24:55: Eval(no-train) - Target 77, acc: 0.5079, avg acc: 0.6125, cls loss: 1.2687  <- domain gap indicator (DA-0 baseline, L-D only, cls-only)
15-09-26 16:24:58:   epoch 78 batch 0: collate wait 3.0s, fwd+bwd+step 0.3s
15-09-26 16:25:01:   epoch 78 batch 1: collate wait 2.9s, fwd+bwd+step 0.3s
15-09-26 16:25:05:   epoch 78 batch 2: collate wait 3.5s, fwd+bwd+step 0.3s
15-09-26 16:25:09:   epoch 78 batch 3: collate wait 3.6s, fwd+bwd+step 0.3s
15-09-26 16:25:12:   epoch 78 batch 4: collate wait 2.9s, fwd+bwd+step 0.3s
15-09-26 16:25:15:   epoch 78 batch 5: collate wait 3.3s, fwd+bwd+step 0.3s
15-09-26 16:25:19:   epoch 78 batch 6: collate wait 3.4s, fwd+bwd+step 0.3s
15-09-26 16:25:22:   epoch 78 batch 7: collate wait 2.9s, fwd+bwd+step 0.3s
15-09-26 16:25:26:   epoch 78 batch 8: collate wait 3.3s, fwd+bwd+step 0.3s
15-09-26 16:25:29:   epoch 78 batch 9: collate wait 3.4s, fwd+bwd+step 0.3s
15-09-26 16:25:33:   epoch 78 batch 10: collate wait 3.1s, fwd+bwd+step 0.3s
15-09-26 16:25:36:   epoch 78 batch 11: collate wait 3.3s, fwd+bwd+step 0.3s
15-09-26 16:25:40:   epoch 78 batch 12: collate wait 3.4s, fwd+bwd+step 0.3s
15-09-26 16:25:43:   epoch 78 batch 13: collate wait 3.1s, fwd+bwd+step 0.3s
15-09-26 16:25:47:   epoch 78 batch 14: collate wait 3.3s, fwd+bwd+step 0.3s
15-09-26 16:25:51:   epoch 78 batch 15: collate wait 3.5s, fwd+bwd+step 0.3s
15-09-26 16:25:51: Trn - Source 78, cls loss: 0.0018, seg loss: 0.5663, kendall s_cls: -0.7642, s_seg: 0.1870
15-09-26 16:26:00: Val - Source 78, cls acc: 1.0000, cls avg acc: 1.0000, cls loss: 0.0005, seg loss: 0.7899, total loss: 0.3675
15-09-26 16:26:00: Val - Source 78, Tomato seg: loss=1.3829, mIoU=0.4291, acc=0.8140
15-09-26 16:26:00: Val - Source 78, Maize seg: loss=0.5742, mIoU=0.4633, acc=0.8996
15-09-26 16:26:09: Eval(no-train) - Target 78, acc: 0.5714, avg acc: 0.6625, cls loss: 1.1665  <- domain gap indicator (DA-0 baseline, L-D only, cls-only)
15-09-26 16:26:13:   epoch 79 batch 0: collate wait 3.2s, fwd+bwd+step 0.3s
15-09-26 16:26:16:   epoch 79 batch 1: collate wait 3.4s, fwd+bwd+step 0.3s
15-09-26 16:26:20:   epoch 79 batch 2: collate wait 3.4s, fwd+bwd+step 0.3s
15-09-26 16:26:23:   epoch 79 batch 3: collate wait 2.5s, fwd+bwd+step 0.3s
15-09-26 16:26:26:   epoch 79 batch 4: collate wait 3.1s, fwd+bwd+step 0.3s
15-09-26 16:26:30:   epoch 79 batch 5: collate wait 3.4s, fwd+bwd+step 0.3s
15-09-26 16:26:33:   epoch 79 batch 6: collate wait 2.9s, fwd+bwd+step 0.3s
15-09-26 16:26:36:   epoch 79 batch 7: collate wait 3.3s, fwd+bwd+step 0.3s
15-09-26 16:26:40:   epoch 79 batch 8: collate wait 2.8s, fwd+bwd+step 0.3s
15-09-26 16:26:43:   epoch 79 batch 9: collate wait 3.4s, fwd+bwd+step 0.3s
15-09-26 16:26:47:   epoch 79 batch 10: collate wait 3.5s, fwd+bwd+step 0.3s
15-09-26 16:26:51:   epoch 79 batch 11: collate wait 3.5s, fwd+bwd+step 0.3s
15-09-26 16:26:54:   epoch 79 batch 12: collate wait 3.0s, fwd+bwd+step 0.3s
15-09-26 16:26:57:   epoch 79 batch 13: collate wait 3.0s, fwd+bwd+step 0.3s
15-09-26 16:27:01:   epoch 79 batch 14: collate wait 3.5s, fwd+bwd+step 0.3s
15-09-26 16:27:05:   epoch 79 batch 15: collate wait 3.6s, fwd+bwd+step 0.3s
15-09-26 16:27:05: Trn - Source 79, cls loss: 0.0014, seg loss: 0.5280, kendall s_cls: -0.7659, s_seg: 0.1867
15-09-26 16:27:14: Val - Source 79, cls acc: 1.0000, cls avg acc: 1.0000, cls loss: 0.0002, seg loss: 0.8168, total loss: 0.3887
15-09-26 16:27:14: Val - Source 79, Tomato seg: loss=1.5004, mIoU=0.4336, acc=0.8221
15-09-26 16:27:14: Val - Source 79, Maize seg: loss=0.5682, mIoU=0.4610, acc=0.8991
15-09-26 16:27:24: Eval(no-train) - Target 79, acc: 0.5714, avg acc: 0.6625, cls loss: 1.0036  <- domain gap indicator (DA-0 baseline, L-D only, cls-only)
15-09-26 16:27:28:   epoch 80 batch 0: collate wait 3.3s, fwd+bwd+step 0.3s
15-09-26 16:27:32:   epoch 80 batch 1: collate wait 3.9s, fwd+bwd+step 0.3s
15-09-26 16:27:36:   epoch 80 batch 2: collate wait 3.3s, fwd+bwd+step 0.3s
15-09-26 16:27:39:   epoch 80 batch 3: collate wait 3.6s, fwd+bwd+step 0.3s
15-09-26 16:27:43:   epoch 80 batch 4: collate wait 3.2s, fwd+bwd+step 0.3s
15-09-26 16:27:46:   epoch 80 batch 5: collate wait 2.8s, fwd+bwd+step 0.3s
15-09-26 16:27:50:   epoch 80 batch 6: collate wait 3.4s, fwd+bwd+step 0.3s
15-09-26 16:27:53:   epoch 80 batch 7: collate wait 3.3s, fwd+bwd+step 0.3s
15-09-26 16:27:57:   epoch 80 batch 8: collate wait 3.8s, fwd+bwd+step 0.3s
15-09-26 16:28:01:   epoch 80 batch 9: collate wait 3.2s, fwd+bwd+step 0.3s
15-09-26 16:28:05:   epoch 80 batch 10: collate wait 3.9s, fwd+bwd+step 0.3s
15-09-26 16:28:09:   epoch 80 batch 11: collate wait 4.0s, fwd+bwd+step 0.3s
15-09-26 16:28:13:   epoch 80 batch 12: collate wait 3.3s, fwd+bwd+step 0.3s
15-09-26 16:28:16:   epoch 80 batch 13: collate wait 3.3s, fwd+bwd+step 0.3s
15-09-26 16:28:20:   epoch 80 batch 14: collate wait 3.3s, fwd+bwd+step 0.3s
15-09-26 16:28:24:   epoch 80 batch 15: collate wait 3.3s, fwd+bwd+step 0.3s
15-09-26 16:28:24: Trn - Source 80, cls loss: 0.0009, seg loss: 0.5531, kendall s_cls: -0.7674, s_seg: 0.1863
15-09-26 16:28:33: Val - Source 80, cls acc: 1.0000, cls avg acc: 1.0000, cls loss: 0.0004, seg loss: 0.8992, total loss: 0.4567
15-09-26 16:28:33: Val - Source 80, Tomato seg: loss=1.5857, mIoU=0.4371, acc=0.8248
15-09-26 16:28:33: Val - Source 80, Maize seg: loss=0.6496, mIoU=0.4605, acc=0.8986
15-09-26 16:28:43: Eval(no-train) - Target 80, acc: 0.5556, avg acc: 0.6500, cls loss: 1.1109  <- domain gap indicator (DA-0 baseline, L-D only, cls-only)
15-09-26 16:28:46:   epoch 81 batch 0: collate wait 3.0s, fwd+bwd+step 0.3s
15-09-26 16:28:50:   epoch 81 batch 1: collate wait 3.5s, fwd+bwd+step 0.3s
15-09-26 16:28:53:   epoch 81 batch 2: collate wait 2.6s, fwd+bwd+step 0.3s
15-09-26 16:28:56:   epoch 81 batch 3: collate wait 2.6s, fwd+bwd+step 0.3s
15-09-26 16:28:59:   epoch 81 batch 4: collate wait 3.4s, fwd+bwd+step 0.3s
15-09-26 16:29:02:   epoch 81 batch 5: collate wait 2.9s, fwd+bwd+step 0.3s
15-09-26 16:29:06:   epoch 81 batch 6: collate wait 2.8s, fwd+bwd+step 0.2s
15-09-26 16:29:09:   epoch 81 batch 7: collate wait 3.0s, fwd+bwd+step 0.2s
15-09-26 16:29:12:   epoch 81 batch 8: collate wait 2.6s, fwd+bwd+step 0.3s
15-09-26 16:29:15:   epoch 81 batch 9: collate wait 3.3s, fwd+bwd+step 0.2s
15-09-26 16:29:19:   epoch 81 batch 10: collate wait 3.3s, fwd+bwd+step 0.2s
15-09-26 16:29:22:   epoch 81 batch 11: collate wait 2.9s, fwd+bwd+step 0.3s
15-09-26 16:29:25:   epoch 81 batch 12: collate wait 3.3s, fwd+bwd+step 0.2s
15-09-26 16:29:29:   epoch 81 batch 13: collate wait 3.0s, fwd+bwd+step 0.2s
15-09-26 16:29:32:   epoch 81 batch 14: collate wait 3.2s, fwd+bwd+step 0.2s
15-09-26 16:29:35:   epoch 81 batch 15: collate wait 3.2s, fwd+bwd+step 0.2s
15-09-26 16:29:35: Trn - Source 81, cls loss: 0.0632, seg loss: 0.5484, kendall s_cls: -0.7687, s_seg: 0.1860
15-09-26 16:29:44: Val - Source 81, cls acc: 1.0000, cls avg acc: 1.0000, cls loss: 0.0002, seg loss: 0.9209, total loss: 0.4738
15-09-26 16:29:44: Val - Source 81, Tomato seg: loss=1.4439, mIoU=0.4365, acc=0.8241
15-09-26 16:29:44: Val - Source 81, Maize seg: loss=0.7307, mIoU=0.4620, acc=0.9000
15-09-26 16:29:53: Eval(no-train) - Target 81, acc: 0.6032, avg acc: 0.6875, cls loss: 1.1130  <- domain gap indicator (DA-0 baseline, L-D only, cls-only)
15-09-26 16:29:56:   epoch 82 batch 0: collate wait 3.3s, fwd+bwd+step 0.2s
15-09-26 16:30:00:   epoch 82 batch 1: collate wait 3.3s, fwd+bwd+step 0.2s
15-09-26 16:30:03:   epoch 82 batch 2: collate wait 2.8s, fwd+bwd+step 0.2s
15-09-26 16:30:06:   epoch 82 batch 3: collate wait 2.6s, fwd+bwd+step 0.3s
15-09-26 16:30:09:   epoch 82 batch 4: collate wait 2.7s, fwd+bwd+step 0.3s
15-09-26 16:30:12:   epoch 82 batch 5: collate wait 2.9s, fwd+bwd+step 0.2s
15-09-26 16:30:15:   epoch 82 batch 6: collate wait 2.6s, fwd+bwd+step 0.2s
15-09-26 16:30:18:   epoch 82 batch 7: collate wait 3.3s, fwd+bwd+step 0.3s
15-09-26 16:30:21:   epoch 82 batch 8: collate wait 3.1s, fwd+bwd+step 0.2s
15-09-26 16:30:25:   epoch 82 batch 9: collate wait 2.9s, fwd+bwd+step 0.3s
15-09-26 16:30:28:   epoch 82 batch 10: collate wait 3.5s, fwd+bwd+step 0.2s
15-09-26 16:30:31:   epoch 82 batch 11: collate wait 2.8s, fwd+bwd+step 0.3s
15-09-26 16:30:35:   epoch 82 batch 12: collate wait 3.3s, fwd+bwd+step 0.3s
15-09-26 16:30:38:   epoch 82 batch 13: collate wait 3.1s, fwd+bwd+step 0.3s
15-09-26 16:30:42:   epoch 82 batch 14: collate wait 3.2s, fwd+bwd+step 0.3s
15-09-26 16:30:45:   epoch 82 batch 15: collate wait 2.5s, fwd+bwd+step 0.3s
15-09-26 16:30:45: Trn - Source 82, cls loss: 0.0021, seg loss: 0.5270, kendall s_cls: -0.7698, s_seg: 0.1857
15-09-26 16:30:54: Val - Source 82, cls acc: 1.0000, cls avg acc: 1.0000, cls loss: 0.0004, seg loss: 0.7906, total loss: 0.3655
15-09-26 16:30:54: Val - Source 82, Tomato seg: loss=1.3330, mIoU=0.4323, acc=0.8177
15-09-26 16:30:54: Val - Source 82, Maize seg: loss=0.5934, mIoU=0.4681, acc=0.9062
15-09-26 16:31:03: Eval(no-train) - Target 82, acc: 0.5714, avg acc: 0.6625, cls loss: 1.0733  <- domain gap indicator (DA-0 baseline, L-D only, cls-only)
15-09-26 16:31:07:   epoch 83 batch 0: collate wait 3.0s, fwd+bwd+step 0.3s
15-09-26 16:31:10:   epoch 83 batch 1: collate wait 3.4s, fwd+bwd+step 0.3s
15-09-26 16:31:14:   epoch 83 batch 2: collate wait 3.1s, fwd+bwd+step 0.3s
15-09-26 16:31:18:   epoch 83 batch 3: collate wait 3.6s, fwd+bwd+step 0.3s
15-09-26 16:31:21:   epoch 83 batch 4: collate wait 2.8s, fwd+bwd+step 0.3s
15-09-26 16:31:24:   epoch 83 batch 5: collate wait 3.5s, fwd+bwd+step 0.3s
15-09-26 16:31:28:   epoch 83 batch 6: collate wait 2.9s, fwd+bwd+step 0.2s
15-09-26 16:31:31:   epoch 83 batch 7: collate wait 2.9s, fwd+bwd+step 0.3s
15-09-26 16:31:35:   epoch 83 batch 8: collate wait 3.6s, fwd+bwd+step 0.2s
15-09-26 16:31:38:   epoch 83 batch 9: collate wait 3.3s, fwd+bwd+step 0.3s
15-09-26 16:31:42:   epoch 83 batch 10: collate wait 3.6s, fwd+bwd+step 0.3s
15-09-26 16:31:45:   epoch 83 batch 11: collate wait 3.1s, fwd+bwd+step 0.3s
15-09-26 16:31:49:   epoch 83 batch 12: collate wait 3.1s, fwd+bwd+step 0.3s
15-09-26 16:31:52:   epoch 83 batch 13: collate wait 3.3s, fwd+bwd+step 0.3s
15-09-26 16:31:55:   epoch 83 batch 14: collate wait 2.4s, fwd+bwd+step 0.2s
15-09-26 16:31:58:   epoch 83 batch 15: collate wait 3.1s, fwd+bwd+step 0.3s
15-09-26 16:31:58: Trn - Source 83, cls loss: 0.0016, seg loss: 0.5414, kendall s_cls: -0.7709, s_seg: 0.1854
15-09-26 16:32:07: Val - Source 83, cls acc: 1.0000, cls avg acc: 1.0000, cls loss: 0.0003, seg loss: 0.8312, total loss: 0.3985
15-09-26 16:32:07: Val - Source 83, Tomato seg: loss=1.2515, mIoU=0.4384, acc=0.8206
15-09-26 16:32:07: Val - Source 83, Maize seg: loss=0.6783, mIoU=0.4678, acc=0.9049
15-09-26 16:32:17: Eval(no-train) - Target 83, acc: 0.5556, avg acc: 0.6500, cls loss: 1.2620  <- domain gap indicator (DA-0 baseline, L-D only, cls-only)
15-09-26 16:32:19:   epoch 84 batch 0: collate wait 2.7s, fwd+bwd+step 0.2s
15-09-26 16:32:24:   epoch 84 batch 1: collate wait 3.8s, fwd+bwd+step 0.3s
15-09-26 16:32:27:   epoch 84 batch 2: collate wait 3.5s, fwd+bwd+step 0.3s
15-09-26 16:32:31:   epoch 84 batch 3: collate wait 3.4s, fwd+bwd+step 0.3s
15-09-26 16:32:35:   epoch 84 batch 4: collate wait 3.4s, fwd+bwd+step 0.3s
15-09-26 16:32:39:   epoch 84 batch 5: collate wait 3.7s, fwd+bwd+step 0.3s
15-09-26 16:32:42:   epoch 84 batch 6: collate wait 3.4s, fwd+bwd+step 0.3s
15-09-26 16:32:46:   epoch 84 batch 7: collate wait 3.4s, fwd+bwd+step 0.3s
15-09-26 16:32:50:   epoch 84 batch 8: collate wait 3.1s, fwd+bwd+step 0.3s
15-09-26 16:32:53:   epoch 84 batch 9: collate wait 3.0s, fwd+bwd+step 0.3s
15-09-26 16:32:57:   epoch 84 batch 10: collate wait 4.1s, fwd+bwd+step 0.3s
15-09-26 16:33:01:   epoch 84 batch 11: collate wait 3.8s, fwd+bwd+step 0.3s
15-09-26 16:33:05:   epoch 84 batch 12: collate wait 3.6s, fwd+bwd+step 0.3s
15-09-26 16:33:09:   epoch 84 batch 13: collate wait 3.2s, fwd+bwd+step 0.3s
15-09-26 16:33:12:   epoch 84 batch 14: collate wait 3.4s, fwd+bwd+step 0.3s
15-09-26 16:33:16:   epoch 84 batch 15: collate wait 3.5s, fwd+bwd+step 0.3s
15-09-26 16:33:16: Trn - Source 84, cls loss: 0.0014, seg loss: 0.5336, kendall s_cls: -0.7719, s_seg: 0.1851
15-09-26 16:33:26: Val - Source 84, cls acc: 1.0000, cls avg acc: 1.0000, cls loss: 0.0004, seg loss: 0.8743, total loss: 0.4340
15-09-26 16:33:26: Val - Source 84, Tomato seg: loss=1.4659, mIoU=0.4368, acc=0.8239
15-09-26 16:33:26: Val - Source 84, Maize seg: loss=0.6592, mIoU=0.4665, acc=0.9026
15-09-26 16:33:36: Eval(no-train) - Target 84, acc: 0.5397, avg acc: 0.6375, cls loss: 1.1873  <- domain gap indicator (DA-0 baseline, L-D only, cls-only)
15-09-26 16:33:39:   epoch 85 batch 0: collate wait 2.8s, fwd+bwd+step 0.3s
15-09-26 16:33:43:   epoch 85 batch 1: collate wait 3.4s, fwd+bwd+step 0.3s
15-09-26 16:33:46:   epoch 85 batch 2: collate wait 3.1s, fwd+bwd+step 0.3s
15-09-26 16:33:50:   epoch 85 batch 3: collate wait 3.7s, fwd+bwd+step 0.3s
15-09-26 16:33:54:   epoch 85 batch 4: collate wait 3.7s, fwd+bwd+step 0.3s
15-09-26 16:33:58:   epoch 85 batch 5: collate wait 3.4s, fwd+bwd+step 0.3s
15-09-26 16:34:01:   epoch 85 batch 6: collate wait 2.8s, fwd+bwd+step 0.3s
15-09-26 16:34:05:   epoch 85 batch 7: collate wait 3.7s, fwd+bwd+step 0.3s
15-09-26 16:34:08:   epoch 85 batch 8: collate wait 3.1s, fwd+bwd+step 0.3s
15-09-26 16:34:11:   epoch 85 batch 9: collate wait 3.0s, fwd+bwd+step 0.3s
15-09-26 16:34:15:   epoch 85 batch 10: collate wait 3.5s, fwd+bwd+step 0.3s
15-09-26 16:34:19:   epoch 85 batch 11: collate wait 3.6s, fwd+bwd+step 0.2s
15-09-26 16:34:23:   epoch 85 batch 12: collate wait 3.5s, fwd+bwd+step 0.3s
15-09-26 16:34:26:   epoch 85 batch 13: collate wait 3.3s, fwd+bwd+step 0.3s
15-09-26 16:34:30:   epoch 85 batch 14: collate wait 3.5s, fwd+bwd+step 0.3s
15-09-26 16:34:34:   epoch 85 batch 15: collate wait 3.8s, fwd+bwd+step 0.3s
15-09-26 16:34:34: Trn - Source 85, cls loss: 0.0024, seg loss: 0.5326, kendall s_cls: -0.7727, s_seg: 0.1849
15-09-26 16:34:43: Val - Source 85, cls acc: 1.0000, cls avg acc: 1.0000, cls loss: 0.0002, seg loss: 0.9804, total loss: 0.5215
15-09-26 16:34:43: Val - Source 85, Tomato seg: loss=1.6652, mIoU=0.4325, acc=0.8233
15-09-26 16:34:43: Val - Source 85, Maize seg: loss=0.7314, mIoU=0.4647, acc=0.9018
15-09-26 16:34:52: Eval(no-train) - Target 85, acc: 0.5079, avg acc: 0.6125, cls loss: 1.4478  <- domain gap indicator (DA-0 baseline, L-D only, cls-only)
15-09-26 16:34:55:   epoch 86 batch 0: collate wait 2.7s, fwd+bwd+step 0.3s
15-09-26 16:34:59:   epoch 86 batch 1: collate wait 3.3s, fwd+bwd+step 0.3s
15-09-26 16:35:02:   epoch 86 batch 2: collate wait 3.3s, fwd+bwd+step 0.3s
15-09-26 16:35:06:   epoch 86 batch 3: collate wait 3.1s, fwd+bwd+step 0.3s
15-09-26 16:35:09:   epoch 86 batch 4: collate wait 3.2s, fwd+bwd+step 0.3s
15-09-26 16:35:13:   epoch 86 batch 5: collate wait 3.8s, fwd+bwd+step 0.3s
15-09-26 16:35:17:   epoch 86 batch 6: collate wait 3.0s, fwd+bwd+step 0.3s
15-09-26 16:35:20:   epoch 86 batch 7: collate wait 3.3s, fwd+bwd+step 0.3s
15-09-26 16:35:24:   epoch 86 batch 8: collate wait 3.6s, fwd+bwd+step 0.3s
15-09-26 16:35:27:   epoch 86 batch 9: collate wait 3.0s, fwd+bwd+step 0.3s
15-09-26 16:35:31:   epoch 86 batch 10: collate wait 3.3s, fwd+bwd+step 0.3s
15-09-26 16:35:34:   epoch 86 batch 11: collate wait 2.6s, fwd+bwd+step 0.3s
15-09-26 16:35:37:   epoch 86 batch 12: collate wait 3.1s, fwd+bwd+step 0.3s
15-09-26 16:35:40:   epoch 86 batch 13: collate wait 3.0s, fwd+bwd+step 0.3s
15-09-26 16:35:44:   epoch 86 batch 14: collate wait 3.4s, fwd+bwd+step 0.3s
15-09-26 16:35:48:   epoch 86 batch 15: collate wait 3.5s, fwd+bwd+step 0.3s
15-09-26 16:35:48: Trn - Source 86, cls loss: 0.0018, seg loss: 0.5438, kendall s_cls: -0.7735, s_seg: 0.1847
15-09-26 16:35:57: Val - Source 86, cls acc: 1.0000, cls avg acc: 1.0000, cls loss: 0.0003, seg loss: 0.8219, total loss: 0.3896
15-09-26 16:35:57: Val - Source 86, Tomato seg: loss=1.5062, mIoU=0.4421, acc=0.8289
15-09-26 16:35:57: Val - Source 86, Maize seg: loss=0.5730, mIoU=0.4636, acc=0.9002
15-09-26 16:36:07: Eval(no-train) - Target 86, acc: 0.5397, avg acc: 0.6375, cls loss: 1.2319  <- domain gap indicator (DA-0 baseline, L-D only, cls-only)
15-09-26 16:36:10:   epoch 87 batch 0: collate wait 3.1s, fwd+bwd+step 0.3s
15-09-26 16:36:14:   epoch 87 batch 1: collate wait 3.5s, fwd+bwd+step 0.3s
15-09-26 16:36:17:   epoch 87 batch 2: collate wait 3.3s, fwd+bwd+step 0.3s
15-09-26 16:36:21:   epoch 87 batch 3: collate wait 3.1s, fwd+bwd+step 0.3s
15-09-26 16:36:24:   epoch 87 batch 4: collate wait 2.8s, fwd+bwd+step 0.3s
15-09-26 16:36:28:   epoch 87 batch 5: collate wait 3.6s, fwd+bwd+step 0.3s
15-09-26 16:36:31:   epoch 87 batch 6: collate wait 2.8s, fwd+bwd+step 0.3s
15-09-26 16:36:35:   epoch 87 batch 7: collate wait 3.5s, fwd+bwd+step 0.3s
15-09-26 16:36:38:   epoch 87 batch 8: collate wait 2.8s, fwd+bwd+step 0.3s
15-09-26 16:36:42:   epoch 87 batch 9: collate wait 3.7s, fwd+bwd+step 0.3s
15-09-26 16:36:45:   epoch 87 batch 10: collate wait 3.2s, fwd+bwd+step 0.3s
15-09-26 16:36:48:   epoch 87 batch 11: collate wait 2.8s, fwd+bwd+step 0.3s
15-09-26 16:36:51:   epoch 87 batch 12: collate wait 3.0s, fwd+bwd+step 0.3s
15-09-26 16:36:54:   epoch 87 batch 13: collate wait 2.8s, fwd+bwd+step 0.3s
15-09-26 16:36:58:   epoch 87 batch 14: collate wait 3.5s, fwd+bwd+step 0.3s
15-09-26 16:37:02:   epoch 87 batch 15: collate wait 3.5s, fwd+bwd+step 0.3s
15-09-26 16:37:02: Trn - Source 87, cls loss: 0.0010, seg loss: 0.5303, kendall s_cls: -0.7741, s_seg: 0.1846
15-09-26 16:37:11: Val - Source 87, cls acc: 1.0000, cls avg acc: 1.0000, cls loss: 0.0005, seg loss: 0.8556, total loss: 0.4176
15-09-26 16:37:11: Val - Source 87, Tomato seg: loss=1.5892, mIoU=0.4257, acc=0.8122
15-09-26 16:37:11: Val - Source 87, Maize seg: loss=0.5888, mIoU=0.4652, acc=0.8999
15-09-26 16:37:20: Eval(no-train) - Target 87, acc: 0.5238, avg acc: 0.6250, cls loss: 1.5136  <- domain gap indicator (DA-0 baseline, L-D only, cls-only)
15-09-26 16:37:24:   epoch 88 batch 0: collate wait 3.5s, fwd+bwd+step 0.3s
15-09-26 16:37:26:   epoch 88 batch 1: collate wait 2.5s, fwd+bwd+step 0.3s
15-09-26 16:37:29:   epoch 88 batch 2: collate wait 2.7s, fwd+bwd+step 0.2s
15-09-26 16:37:33:   epoch 88 batch 3: collate wait 3.2s, fwd+bwd+step 0.3s
15-09-26 16:37:36:   epoch 88 batch 4: collate wait 3.3s, fwd+bwd+step 0.3s
15-09-26 16:37:40:   epoch 88 batch 5: collate wait 3.0s, fwd+bwd+step 0.3s
15-09-26 16:37:43:   epoch 88 batch 6: collate wait 3.2s, fwd+bwd+step 0.3s
15-09-26 16:37:47:   epoch 88 batch 7: collate wait 3.6s, fwd+bwd+step 0.3s
15-09-26 16:37:51:   epoch 88 batch 8: collate wait 3.4s, fwd+bwd+step 0.3s
15-09-26 16:37:54:   epoch 88 batch 9: collate wait 3.1s, fwd+bwd+step 0.3s
15-09-26 16:37:57:   epoch 88 batch 10: collate wait 2.5s, fwd+bwd+step 0.3s
15-09-26 16:38:00:   epoch 88 batch 11: collate wait 3.1s, fwd+bwd+step 0.3s
15-09-26 16:38:03:   epoch 88 batch 12: collate wait 2.9s, fwd+bwd+step 0.3s
15-09-26 16:38:07:   epoch 88 batch 13: collate wait 3.2s, fwd+bwd+step 0.3s
15-09-26 16:38:10:   epoch 88 batch 14: collate wait 3.4s, fwd+bwd+step 0.2s
15-09-26 16:38:14:   epoch 88 batch 15: collate wait 3.6s, fwd+bwd+step 0.3s
15-09-26 16:38:14: Trn - Source 88, cls loss: 0.0025, seg loss: 0.5528, kendall s_cls: -0.7747, s_seg: 0.1844
15-09-26 16:38:23: Val - Source 88, cls acc: 1.0000, cls avg acc: 1.0000, cls loss: 0.0003, seg loss: 0.8617, total loss: 0.4221
15-09-26 16:38:23: Val - Source 88, Tomato seg: loss=1.3938, mIoU=0.4395, acc=0.8284
15-09-26 16:38:23: Val - Source 88, Maize seg: loss=0.6683, mIoU=0.4627, acc=0.9017
15-09-26 16:38:33: Eval(no-train) - Target 88, acc: 0.5079, avg acc: 0.6125, cls loss: 1.5563  <- domain gap indicator (DA-0 baseline, L-D only, cls-only)
15-09-26 16:38:36:   epoch 89 batch 0: collate wait 3.3s, fwd+bwd+step 0.3s
15-09-26 16:38:40:   epoch 89 batch 1: collate wait 3.4s, fwd+bwd+step 0.3s
15-09-26 16:38:43:   epoch 89 batch 2: collate wait 2.9s, fwd+bwd+step 0.3s
15-09-26 16:38:46:   epoch 89 batch 3: collate wait 2.9s, fwd+bwd+step 0.3s
15-09-26 16:38:50:   epoch 89 batch 4: collate wait 2.9s, fwd+bwd+step 0.2s
15-09-26 16:38:53:   epoch 89 batch 5: collate wait 3.0s, fwd+bwd+step 0.3s
15-09-26 16:38:57:   epoch 89 batch 6: collate wait 3.8s, fwd+bwd+step 0.3s
15-09-26 16:39:00:   epoch 89 batch 7: collate wait 2.9s, fwd+bwd+step 0.3s
15-09-26 16:39:04:   epoch 89 batch 8: collate wait 3.3s, fwd+bwd+step 0.3s
15-09-26 16:39:07:   epoch 89 batch 9: collate wait 3.1s, fwd+bwd+step 0.3s
15-09-26 16:39:11:   epoch 89 batch 10: collate wait 3.7s, fwd+bwd+step 0.3s
15-09-26 16:39:14:   epoch 89 batch 11: collate wait 3.1s, fwd+bwd+step 0.3s
15-09-26 16:39:18:   epoch 89 batch 12: collate wait 3.6s, fwd+bwd+step 0.3s
15-09-26 16:39:21:   epoch 89 batch 13: collate wait 2.7s, fwd+bwd+step 0.3s
15-09-26 16:39:24:   epoch 89 batch 14: collate wait 3.1s, fwd+bwd+step 0.3s
15-09-26 16:39:28:   epoch 89 batch 15: collate wait 2.9s, fwd+bwd+step 0.3s
15-09-26 16:39:28: Trn - Source 89, cls loss: 0.0009, seg loss: 0.5282, kendall s_cls: -0.7752, s_seg: 0.1843
15-09-26 16:39:36: Val - Source 89, cls acc: 1.0000, cls avg acc: 1.0000, cls loss: 0.0004, seg loss: 1.1097, total loss: 0.6283
15-09-26 16:39:36: Val - Source 89, Tomato seg: loss=1.7862, mIoU=0.4303, acc=0.8250
15-09-26 16:39:36: Val - Source 89, Maize seg: loss=0.8638, mIoU=0.4615, acc=0.8984
15-09-26 16:39:46: Eval(no-train) - Target 89, acc: 0.5238, avg acc: 0.6250, cls loss: 1.4934  <- domain gap indicator (DA-0 baseline, L-D only, cls-only)
15-09-26 16:39:49:   epoch 90 batch 0: collate wait 2.7s, fwd+bwd+step 0.3s
15-09-26 16:39:52:   epoch 90 batch 1: collate wait 3.5s, fwd+bwd+step 0.3s
15-09-26 16:39:56:   epoch 90 batch 2: collate wait 3.2s, fwd+bwd+step 0.3s
15-09-26 16:39:59:   epoch 90 batch 3: collate wait 3.2s, fwd+bwd+step 0.3s
15-09-26 16:40:03:   epoch 90 batch 4: collate wait 3.3s, fwd+bwd+step 0.3s
15-09-26 16:40:06:   epoch 90 batch 5: collate wait 2.7s, fwd+bwd+step 0.3s
15-09-26 16:40:09:   epoch 90 batch 6: collate wait 3.1s, fwd+bwd+step 0.3s
15-09-26 16:40:13:   epoch 90 batch 7: collate wait 3.3s, fwd+bwd+step 0.3s
15-09-26 16:40:17:   epoch 90 batch 8: collate wait 3.6s, fwd+bwd+step 0.3s
15-09-26 16:40:20:   epoch 90 batch 9: collate wait 3.2s, fwd+bwd+step 0.3s
15-09-26 16:40:23:   epoch 90 batch 10: collate wait 2.8s, fwd+bwd+step 0.3s
15-09-26 16:40:27:   epoch 90 batch 11: collate wait 3.1s, fwd+bwd+step 0.3s
15-09-26 16:40:30:   epoch 90 batch 12: collate wait 3.1s, fwd+bwd+step 0.2s
15-09-26 16:40:33:   epoch 90 batch 13: collate wait 3.1s, fwd+bwd+step 0.3s
15-09-26 16:40:37:   epoch 90 batch 14: collate wait 3.3s, fwd+bwd+step 0.3s
15-09-26 16:40:41:   epoch 90 batch 15: collate wait 3.6s, fwd+bwd+step 0.3s
15-09-26 16:40:41: Trn - Source 90, cls loss: 0.0015, seg loss: 0.5356, kendall s_cls: -0.7756, s_seg: 0.1842
15-09-26 16:40:50: Val - Source 90, cls acc: 1.0000, cls avg acc: 1.0000, cls loss: 0.0003, seg loss: 0.9075, total loss: 0.4599
15-09-26 16:40:50: Val - Source 90, Tomato seg: loss=1.5815, mIoU=0.4322, acc=0.8205
15-09-26 16:40:50: Val - Source 90, Maize seg: loss=0.6624, mIoU=0.4636, acc=0.9013
15-09-26 16:41:00: Eval(no-train) - Target 90, acc: 0.5556, avg acc: 0.6500, cls loss: 1.3692  <- domain gap indicator (DA-0 baseline, L-D only, cls-only)
15-09-26 16:41:04:   epoch 91 batch 0: collate wait 3.6s, fwd+bwd+step 0.3s
15-09-26 16:41:08:   epoch 91 batch 1: collate wait 3.6s, fwd+bwd+step 0.3s
15-09-26 16:41:11:   epoch 91 batch 2: collate wait 3.1s, fwd+bwd+step 0.3s
15-09-26 16:41:23:   epoch 91 batch 3: collate wait 4.6s, fwd+bwd+step 7.2s
15-09-26 16:41:26:   epoch 91 batch 4: collate wait 3.1s, fwd+bwd+step 0.4s
15-09-26 16:41:30:   epoch 91 batch 5: collate wait 3.9s, fwd+bwd+step 0.3s
15-09-26 16:41:34:   epoch 91 batch 6: collate wait 3.5s, fwd+bwd+step 0.3s
15-09-26 16:41:37:   epoch 91 batch 7: collate wait 2.9s, fwd+bwd+step 0.3s
15-09-26 16:41:41:   epoch 91 batch 8: collate wait 3.0s, fwd+bwd+step 0.3s
15-09-26 16:41:45:   epoch 91 batch 9: collate wait 4.2s, fwd+bwd+step 0.3s
15-09-26 16:41:48:   epoch 91 batch 10: collate wait 2.4s, fwd+bwd+step 0.3s
15-09-26 16:41:52:   epoch 91 batch 11: collate wait 3.8s, fwd+bwd+step 0.3s
15-09-26 16:41:56:   epoch 91 batch 12: collate wait 3.6s, fwd+bwd+step 0.3s
15-09-26 16:41:59:   epoch 91 batch 13: collate wait 2.9s, fwd+bwd+step 0.3s
15-09-26 16:42:02:   epoch 91 batch 14: collate wait 3.3s, fwd+bwd+step 0.3s
15-09-26 16:42:06:   epoch 91 batch 15: collate wait 3.8s, fwd+bwd+step 0.3s
15-09-26 16:42:07: Trn - Source 91, cls loss: 0.0031, seg loss: 0.5539, kendall s_cls: -0.7759, s_seg: 0.1841
15-09-26 16:42:16: Val - Source 91, cls acc: 1.0000, cls avg acc: 1.0000, cls loss: 0.0002, seg loss: 0.8792, total loss: 0.4360
15-09-26 16:42:16: Val - Source 91, Tomato seg: loss=1.5792, mIoU=0.4359, acc=0.8235
15-09-26 16:42:16: Val - Source 91, Maize seg: loss=0.6247, mIoU=0.4692, acc=0.9047
15-09-26 16:42:25: Eval(no-train) - Target 91, acc: 0.5079, avg acc: 0.6125, cls loss: 1.4122  <- domain gap indicator (DA-0 baseline, L-D only, cls-only)
15-09-26 16:42:29:   epoch 92 batch 0: collate wait 3.0s, fwd+bwd+step 0.3s
15-09-26 16:42:33:   epoch 92 batch 1: collate wait 3.6s, fwd+bwd+step 0.3s
15-09-26 16:42:36:   epoch 92 batch 2: collate wait 3.0s, fwd+bwd+step 0.3s
15-09-26 16:42:39:   epoch 92 batch 3: collate wait 2.9s, fwd+bwd+step 0.3s
15-09-26 16:42:42:   epoch 92 batch 4: collate wait 3.1s, fwd+bwd+step 0.3s
15-09-26 16:42:45:   epoch 92 batch 5: collate wait 2.9s, fwd+bwd+step 0.3s
15-09-26 16:42:49:   epoch 92 batch 6: collate wait 3.0s, fwd+bwd+step 0.3s
15-09-26 16:42:52:   epoch 92 batch 7: collate wait 2.9s, fwd+bwd+step 0.2s
15-09-26 16:42:55:   epoch 92 batch 8: collate wait 3.1s, fwd+bwd+step 0.3s
15-09-26 16:42:59:   epoch 92 batch 9: collate wait 3.3s, fwd+bwd+step 0.3s
15-09-26 16:43:02:   epoch 92 batch 10: collate wait 3.5s, fwd+bwd+step 0.3s
15-09-26 16:43:06:   epoch 92 batch 11: collate wait 3.0s, fwd+bwd+step 0.3s
15-09-26 16:43:09:   epoch 92 batch 12: collate wait 3.0s, fwd+bwd+step 0.3s
15-09-26 16:43:12:   epoch 92 batch 13: collate wait 2.6s, fwd+bwd+step 0.2s
15-09-26 16:43:15:   epoch 92 batch 14: collate wait 2.8s, fwd+bwd+step 0.3s
15-09-26 16:43:18:   epoch 92 batch 15: collate wait 3.3s, fwd+bwd+step 0.3s
15-09-26 16:43:18: Trn - Source 92, cls loss: 0.0012, seg loss: 0.5229, kendall s_cls: -0.7761, s_seg: 0.1841
15-09-26 16:43:27: Val - Source 92, cls acc: 1.0000, cls avg acc: 1.0000, cls loss: 0.0003, seg loss: 1.0022, total loss: 0.5383
15-09-26 16:43:27: Val - Source 92, Tomato seg: loss=1.5552, mIoU=0.4309, acc=0.8214
15-09-26 16:43:27: Val - Source 92, Maize seg: loss=0.8011, mIoU=0.4619, acc=0.9014
15-09-26 16:43:36: Eval(no-train) - Target 92, acc: 0.5714, avg acc: 0.6625, cls loss: 1.2039  <- domain gap indicator (DA-0 baseline, L-D only, cls-only)
15-09-26 16:43:39:   epoch 93 batch 0: collate wait 2.9s, fwd+bwd+step 0.3s
15-09-26 16:43:42:   epoch 93 batch 1: collate wait 2.8s, fwd+bwd+step 0.3s
15-09-26 16:43:45:   epoch 93 batch 2: collate wait 2.8s, fwd+bwd+step 0.2s
15-09-26 16:43:48:   epoch 93 batch 3: collate wait 2.5s, fwd+bwd+step 0.3s
15-09-26 16:43:51:   epoch 93 batch 4: collate wait 3.3s, fwd+bwd+step 0.3s
15-09-26 16:43:55:   epoch 93 batch 5: collate wait 3.3s, fwd+bwd+step 0.3s
15-09-26 16:43:58:   epoch 93 batch 6: collate wait 3.2s, fwd+bwd+step 0.3s
15-09-26 16:44:01:   epoch 93 batch 7: collate wait 2.5s, fwd+bwd+step 0.3s
15-09-26 16:44:05:   epoch 93 batch 8: collate wait 3.3s, fwd+bwd+step 0.2s
15-09-26 16:44:08:   epoch 93 batch 9: collate wait 3.3s, fwd+bwd+step 0.3s
15-09-26 16:44:12:   epoch 93 batch 10: collate wait 3.1s, fwd+bwd+step 0.3s
15-09-26 16:44:15:   epoch 93 batch 11: collate wait 2.8s, fwd+bwd+step 0.3s
15-09-26 16:44:18:   epoch 93 batch 12: collate wait 3.3s, fwd+bwd+step 0.3s
15-09-26 16:44:22:   epoch 93 batch 13: collate wait 3.4s, fwd+bwd+step 0.3s
15-09-26 16:44:25:   epoch 93 batch 14: collate wait 2.9s, fwd+bwd+step 0.3s
15-09-26 16:44:28:   epoch 93 batch 15: collate wait 2.9s, fwd+bwd+step 0.2s
15-09-26 16:44:28: Trn - Source 93, cls loss: 0.0010, seg loss: 0.5428, kendall s_cls: -0.7763, s_seg: 0.1840
15-09-26 16:44:36: Val - Source 93, cls acc: 1.0000, cls avg acc: 1.0000, cls loss: 0.0004, seg loss: 0.9011, total loss: 0.4543
15-09-26 16:44:36: Val - Source 93, Tomato seg: loss=1.5086, mIoU=0.4326, acc=0.8201
15-09-26 16:44:36: Val - Source 93, Maize seg: loss=0.6802, mIoU=0.4656, acc=0.9026
15-09-26 16:44:45: Eval(no-train) - Target 93, acc: 0.5238, avg acc: 0.6250, cls loss: 1.3153  <- domain gap indicator (DA-0 baseline, L-D only, cls-only)
15-09-26 16:44:48:   epoch 94 batch 0: collate wait 2.4s, fwd+bwd+step 0.3s
15-09-26 16:44:51:   epoch 94 batch 1: collate wait 2.8s, fwd+bwd+step 0.3s
15-09-26 16:44:54:   epoch 94 batch 2: collate wait 3.1s, fwd+bwd+step 0.2s
15-09-26 16:44:58:   epoch 94 batch 3: collate wait 3.0s, fwd+bwd+step 0.2s
15-09-26 16:45:01:   epoch 94 batch 4: collate wait 3.4s, fwd+bwd+step 0.2s
15-09-26 16:45:05:   epoch 94 batch 5: collate wait 3.3s, fwd+bwd+step 0.3s
15-09-26 16:45:08:   epoch 94 batch 6: collate wait 3.1s, fwd+bwd+step 0.3s
15-09-26 16:45:12:   epoch 94 batch 7: collate wait 3.5s, fwd+bwd+step 0.3s
15-09-26 16:45:15:   epoch 94 batch 8: collate wait 3.1s, fwd+bwd+step 0.3s
15-09-26 16:45:20:   epoch 94 batch 9: collate wait 4.0s, fwd+bwd+step 0.3s
15-09-26 16:45:23:   epoch 94 batch 10: collate wait 3.5s, fwd+bwd+step 0.3s
15-09-26 16:45:26:   epoch 94 batch 11: collate wait 2.6s, fwd+bwd+step 0.3s
15-09-26 16:45:30:   epoch 94 batch 12: collate wait 3.5s, fwd+bwd+step 0.3s
15-09-26 16:45:33:   epoch 94 batch 13: collate wait 3.1s, fwd+bwd+step 0.3s
15-09-26 16:45:37:   epoch 94 batch 14: collate wait 3.1s, fwd+bwd+step 0.3s
15-09-26 16:45:40:   epoch 94 batch 15: collate wait 2.7s, fwd+bwd+step 0.2s
15-09-26 16:45:40: Trn - Source 94, cls loss: 0.0019, seg loss: 0.5414, kendall s_cls: -0.7765, s_seg: 0.1840
15-09-26 16:45:49: Val - Source 94, cls acc: 1.0000, cls avg acc: 1.0000, cls loss: 0.0003, seg loss: 0.8900, total loss: 0.4448
15-09-26 16:45:49: Val - Source 94, Tomato seg: loss=1.4623, mIoU=0.4385, acc=0.8247
15-09-26 16:45:49: Val - Source 94, Maize seg: loss=0.6819, mIoU=0.4650, acc=0.9021
15-09-26 16:45:58: Eval(no-train) - Target 94, acc: 0.5397, avg acc: 0.6375, cls loss: 1.3836  <- domain gap indicator (DA-0 baseline, L-D only, cls-only)
15-09-26 16:46:01:   epoch 95 batch 0: collate wait 3.2s, fwd+bwd+step 0.3s
15-09-26 16:46:05:   epoch 95 batch 1: collate wait 3.5s, fwd+bwd+step 0.3s
15-09-26 16:46:09:   epoch 95 batch 2: collate wait 3.8s, fwd+bwd+step 0.3s
15-09-26 16:46:13:   epoch 95 batch 3: collate wait 3.5s, fwd+bwd+step 0.3s
15-09-26 16:46:16:   epoch 95 batch 4: collate wait 2.7s, fwd+bwd+step 0.3s
15-09-26 16:46:19:   epoch 95 batch 5: collate wait 3.2s, fwd+bwd+step 0.3s
15-09-26 16:46:23:   epoch 95 batch 6: collate wait 3.2s, fwd+bwd+step 0.3s
15-09-26 16:46:26:   epoch 95 batch 7: collate wait 2.7s, fwd+bwd+step 0.3s
15-09-26 16:46:29:   epoch 95 batch 8: collate wait 2.9s, fwd+bwd+step 0.3s
15-09-26 16:46:32:   epoch 95 batch 9: collate wait 3.2s, fwd+bwd+step 0.3s
15-09-26 16:46:36:   epoch 95 batch 10: collate wait 3.3s, fwd+bwd+step 0.3s
15-09-26 16:46:40:   epoch 95 batch 11: collate wait 3.7s, fwd+bwd+step 0.3s
15-09-26 16:46:44:   epoch 95 batch 12: collate wait 3.5s, fwd+bwd+step 0.3s
15-09-26 16:46:47:   epoch 95 batch 13: collate wait 3.1s, fwd+bwd+step 0.3s
15-09-26 16:46:51:   epoch 95 batch 14: collate wait 3.6s, fwd+bwd+step 0.3s
15-09-26 16:46:55:   epoch 95 batch 15: collate wait 3.3s, fwd+bwd+step 0.3s
15-09-26 16:46:55: Trn - Source 95, cls loss: 0.0026, seg loss: 0.5526, kendall s_cls: -0.7766, s_seg: 0.1839
15-09-26 16:47:04: Val - Source 95, cls acc: 1.0000, cls avg acc: 1.0000, cls loss: 0.0003, seg loss: 0.9379, total loss: 0.4846
15-09-26 16:47:04: Val - Source 95, Tomato seg: loss=1.4242, mIoU=0.4406, acc=0.8267
15-09-26 16:47:04: Val - Source 95, Maize seg: loss=0.7610, mIoU=0.4623, acc=0.8999
15-09-26 16:47:13: Eval(no-train) - Target 95, acc: 0.5397, avg acc: 0.6375, cls loss: 1.3870  <- domain gap indicator (DA-0 baseline, L-D only, cls-only)
15-09-26 16:47:17:   epoch 96 batch 0: collate wait 3.0s, fwd+bwd+step 0.3s
15-09-26 16:47:20:   epoch 96 batch 1: collate wait 3.1s, fwd+bwd+step 0.3s
15-09-26 16:47:24:   epoch 96 batch 2: collate wait 3.7s, fwd+bwd+step 0.3s
15-09-26 16:47:28:   epoch 96 batch 3: collate wait 3.5s, fwd+bwd+step 0.3s
15-09-26 16:47:32:   epoch 96 batch 4: collate wait 3.8s, fwd+bwd+step 0.2s
15-09-26 16:47:35:   epoch 96 batch 5: collate wait 3.0s, fwd+bwd+step 0.3s
15-09-26 16:47:38:   epoch 96 batch 6: collate wait 2.6s, fwd+bwd+step 0.3s
15-09-26 16:47:41:   epoch 96 batch 7: collate wait 3.1s, fwd+bwd+step 0.3s
15-09-26 16:47:45:   epoch 96 batch 8: collate wait 3.6s, fwd+bwd+step 0.3s
15-09-26 16:47:49:   epoch 96 batch 9: collate wait 3.2s, fwd+bwd+step 0.3s
15-09-26 16:47:53:   epoch 96 batch 10: collate wait 3.5s, fwd+bwd+step 0.3s
15-09-26 16:47:56:   epoch 96 batch 11: collate wait 3.0s, fwd+bwd+step 0.3s
15-09-26 16:48:00:   epoch 96 batch 12: collate wait 3.8s, fwd+bwd+step 0.3s
15-09-26 16:48:03:   epoch 96 batch 13: collate wait 3.2s, fwd+bwd+step 0.3s
15-09-26 16:48:07:   epoch 96 batch 14: collate wait 3.2s, fwd+bwd+step 0.3s
15-09-26 16:48:10:   epoch 96 batch 15: collate wait 2.8s, fwd+bwd+step 0.3s
15-09-26 16:48:10: Trn - Source 96, cls loss: 0.0012, seg loss: 0.5323, kendall s_cls: -0.7766, s_seg: 0.1839
15-09-26 16:48:19: Val - Source 96, cls acc: 1.0000, cls avg acc: 1.0000, cls loss: 0.0002, seg loss: 0.9844, total loss: 0.5232
15-09-26 16:48:19: Val - Source 96, Tomato seg: loss=1.6905, mIoU=0.4284, acc=0.8211
15-09-26 16:48:19: Val - Source 96, Maize seg: loss=0.7276, mIoU=0.4665, acc=0.9036
15-09-26 16:48:28: Eval(no-train) - Target 96, acc: 0.5079, avg acc: 0.6125, cls loss: 1.2953  <- domain gap indicator (DA-0 baseline, L-D only, cls-only)
15-09-26 16:48:32:   epoch 97 batch 0: collate wait 2.8s, fwd+bwd+step 0.3s
15-09-26 16:48:35:   epoch 97 batch 1: collate wait 3.0s, fwd+bwd+step 0.3s
15-09-26 16:48:38:   epoch 97 batch 2: collate wait 2.8s, fwd+bwd+step 0.3s
15-09-26 16:48:41:   epoch 97 batch 3: collate wait 3.3s, fwd+bwd+step 0.3s
15-09-26 16:48:45:   epoch 97 batch 4: collate wait 3.1s, fwd+bwd+step 0.3s
15-09-26 16:48:48:   epoch 97 batch 5: collate wait 3.4s, fwd+bwd+step 0.3s
15-09-26 16:48:52:   epoch 97 batch 6: collate wait 3.4s, fwd+bwd+step 0.3s
15-09-26 16:48:56:   epoch 97 batch 7: collate wait 3.2s, fwd+bwd+step 0.3s
15-09-26 16:49:00:   epoch 97 batch 8: collate wait 3.6s, fwd+bwd+step 0.3s
15-09-26 16:49:03:   epoch 97 batch 9: collate wait 3.1s, fwd+bwd+step 0.3s
15-09-26 16:49:06:   epoch 97 batch 10: collate wait 3.3s, fwd+bwd+step 0.3s
15-09-26 16:49:10:   epoch 97 batch 11: collate wait 3.3s, fwd+bwd+step 0.3s
15-09-26 16:49:14:   epoch 97 batch 12: collate wait 3.4s, fwd+bwd+step 0.3s
15-09-26 16:49:17:   epoch 97 batch 13: collate wait 3.3s, fwd+bwd+step 0.3s
15-09-26 16:49:21:   epoch 97 batch 14: collate wait 3.1s, fwd+bwd+step 0.3s
15-09-26 16:49:25:   epoch 97 batch 15: collate wait 3.8s, fwd+bwd+step 0.3s
15-09-26 16:49:25: Trn - Source 97, cls loss: 0.0079, seg loss: 0.5250, kendall s_cls: -0.7767, s_seg: 0.1839
15-09-26 16:49:34: Val - Source 97, cls acc: 1.0000, cls avg acc: 1.0000, cls loss: 0.0002, seg loss: 0.9682, total loss: 0.5097
15-09-26 16:49:34: Val - Source 97, Tomato seg: loss=1.6138, mIoU=0.4385, acc=0.8270
15-09-26 16:49:34: Val - Source 97, Maize seg: loss=0.7334, mIoU=0.4631, acc=0.9027
15-09-26 16:49:44: Eval(no-train) - Target 97, acc: 0.5238, avg acc: 0.6250, cls loss: 1.3964  <- domain gap indicator (DA-0 baseline, L-D only, cls-only)
15-09-26 16:49:47:   epoch 98 batch 0: collate wait 3.0s, fwd+bwd+step 0.3s
15-09-26 16:49:50:   epoch 98 batch 1: collate wait 2.8s, fwd+bwd+step 0.3s
15-09-26 16:49:54:   epoch 98 batch 2: collate wait 3.5s, fwd+bwd+step 0.3s
15-09-26 16:49:58:   epoch 98 batch 3: collate wait 3.7s, fwd+bwd+step 0.3s
15-09-26 16:50:01:   epoch 98 batch 4: collate wait 3.3s, fwd+bwd+step 0.3s
15-09-26 16:50:05:   epoch 98 batch 5: collate wait 3.4s, fwd+bwd+step 0.3s
15-09-26 16:50:08:   epoch 98 batch 6: collate wait 3.1s, fwd+bwd+step 0.3s
15-09-26 16:50:12:   epoch 98 batch 7: collate wait 2.9s, fwd+bwd+step 0.3s
15-09-26 16:50:15:   epoch 98 batch 8: collate wait 3.4s, fwd+bwd+step 0.3s
15-09-26 16:50:19:   epoch 98 batch 9: collate wait 3.0s, fwd+bwd+step 0.3s
15-09-26 16:50:23:   epoch 98 batch 10: collate wait 4.3s, fwd+bwd+step 0.3s
15-09-26 16:50:27:   epoch 98 batch 11: collate wait 3.6s, fwd+bwd+step 0.3s
15-09-26 16:50:31:   epoch 98 batch 12: collate wait 3.5s, fwd+bwd+step 0.3s
15-09-26 16:50:34:   epoch 98 batch 13: collate wait 2.8s, fwd+bwd+step 0.3s
15-09-26 16:50:38:   epoch 98 batch 14: collate wait 3.8s, fwd+bwd+step 0.3s
15-09-26 16:50:41:   epoch 98 batch 15: collate wait 3.0s, fwd+bwd+step 0.3s
15-09-26 16:50:41: Trn - Source 98, cls loss: 0.0037, seg loss: 0.5213, kendall s_cls: -0.7767, s_seg: 0.1839
15-09-26 16:50:50: Val - Source 98, cls acc: 1.0000, cls avg acc: 1.0000, cls loss: 0.0002, seg loss: 0.9665, total loss: 0.5082
15-09-26 16:50:50: Val - Source 98, Tomato seg: loss=1.5067, mIoU=0.4339, acc=0.8267
15-09-26 16:50:50: Val - Source 98, Maize seg: loss=0.7701, mIoU=0.4608, acc=0.8997
15-09-26 16:51:00: Eval(no-train) - Target 98, acc: 0.5238, avg acc: 0.6250, cls loss: 1.3753  <- domain gap indicator (DA-0 baseline, L-D only, cls-only)
15-09-26 16:51:04:   epoch 99 batch 0: collate wait 3.2s, fwd+bwd+step 0.3s
15-09-26 16:51:08:   epoch 99 batch 1: collate wait 3.6s, fwd+bwd+step 0.3s
15-09-26 16:51:11:   epoch 99 batch 2: collate wait 3.6s, fwd+bwd+step 0.3s
15-09-26 16:51:14:   epoch 99 batch 3: collate wait 2.3s, fwd+bwd+step 0.3s
15-09-26 16:51:18:   epoch 99 batch 4: collate wait 3.4s, fwd+bwd+step 0.3s
15-09-26 16:51:21:   epoch 99 batch 5: collate wait 3.4s, fwd+bwd+step 0.3s
15-09-26 16:51:25:   epoch 99 batch 6: collate wait 3.0s, fwd+bwd+step 0.3s
15-09-26 16:51:28:   epoch 99 batch 7: collate wait 3.2s, fwd+bwd+step 0.3s
15-09-26 16:51:32:   epoch 99 batch 8: collate wait 3.5s, fwd+bwd+step 0.3s
15-09-26 16:51:36:   epoch 99 batch 9: collate wait 3.5s, fwd+bwd+step 0.3s
15-09-26 16:51:39:   epoch 99 batch 10: collate wait 3.2s, fwd+bwd+step 0.3s
15-09-26 16:51:43:   epoch 99 batch 11: collate wait 3.4s, fwd+bwd+step 0.3s
15-09-26 16:51:46:   epoch 99 batch 12: collate wait 2.6s, fwd+bwd+step 0.3s
15-09-26 16:51:49:   epoch 99 batch 13: collate wait 3.3s, fwd+bwd+step 0.3s
15-09-26 16:51:53:   epoch 99 batch 14: collate wait 3.3s, fwd+bwd+step 0.2s
15-09-26 16:51:57:   epoch 99 batch 15: collate wait 4.0s, fwd+bwd+step 0.3s
15-09-26 16:51:57: Trn - Source 99, cls loss: 0.0019, seg loss: 0.5295, kendall s_cls: -0.7767, s_seg: 0.1839
15-09-26 16:52:06: Val - Source 99, cls acc: 1.0000, cls avg acc: 1.0000, cls loss: 0.0002, seg loss: 0.9118, total loss: 0.4625
15-09-26 16:52:06: Val - Source 99, Tomato seg: loss=1.6763, mIoU=0.4326, acc=0.8216
15-09-26 16:52:06: Val - Source 99, Maize seg: loss=0.6337, mIoU=0.4616, acc=0.8988
15-09-26 16:52:15: Eval(no-train) - Target 99, acc: 0.4921, avg acc: 0.6000, cls loss: 1.4195  <- domain gap indicator (DA-0 baseline, L-D only, cls-only)
15-09-26 16:52:15: Best model at epoch 73, source val total loss 0.3560
15-09-26 16:52:24: FINAL best-model source val: cls acc: 1.0000, cls avg acc: 1.0000, seg loss: 0.8176
15-09-26 16:52:24: FINAL best-model source val, Tomato seg: loss=1.1222, mIoU=0.4286, acc=0.8104
15-09-26 16:52:24: FINAL best-model source val, Maize seg: loss=0.7068, mIoU=0.4624, acc=0.8992
15-09-26 16:52:33: FINAL target (Pheno4D held-out) test accuracy: 0.5556, avg acc: 0.6500, loss: 1.0689  <- classification-only; target segmentation not evaluated (see module docstring)
15-09-26 16:52:34: Confusion matrix (rows=true, cols=pred, order=['Tomato', 'Maize']):
[[12 28]
 [ 0 23]]
15-09-26 16:52:34: Per-class precision/recall/F1 on target test:
              precision    recall  f1-score   support

      Tomato     1.0000    0.3000    0.4615        40
       Maize     0.4510    1.0000    0.6216        23

    accuracy                         0.5556        63
   macro avg     0.7255    0.6500    0.5416        63
weighted avg     0.7996    0.5556    0.5200        63

