14-09-26 14:58:38: Namespace(exp_name='B3_kpconv_da_d', out_path='/home/pearl/25m0301/plant3d-thesis/results', epochs=100, batch_size=16, test_batch_size=16, lr=0.001, wd=5e-05, dropout=0.5, seed=1, gpu=0, verbose_batches=True, num_workers=0)
14-09-26 14:58:39: Using GPU 0: NVIDIA A100-SXM4-80GB
14-09-26 14:58:44: Crops3D train (source): 263 {'Tomato': 71, 'Maize': 192}
14-09-26 14:58:44: Crops3D val (source):   45 {'Tomato': 12, 'Maize': 33}
14-09-26 14:58:44: Pheno4D adaptation pool (target, unlabeled for training -- species labels below shown for bookkeeping only, never used in the loss): 160 {'Tomato': 100, 'Maize': 60}
14-09-26 14:58:44: Pheno4D held-out eval (target, never trained on, cls-only): 63 {'Tomato': 40, 'Maize': 23}
14-09-26 14:58:47: L_cls class weights (w_c=(f_c+eps)^-1, normalized): {'Tomato': 1.4600751399993896, 'Maize': 0.5399248600006104}
14-09-26 14:58:47: L_seg class weights for Tomato (counts=[59711, 228589, 2516]): [0.12004272639751434, 0.031357139348983765, 2.848600149154663]
14-09-26 14:58:48: L_seg class weights for Maize (counts=[105103, 53541, 475303, 3874, 3443, 145168]): [0.09747688472270966, 0.19134941697120667, 0.021555034443736076, 2.6440656185150146, 2.974978446960449, 0.0705743357539177]
14-09-26 14:59:54: Calibrated neighborhood_limits: source-only=[499, 45, 31], target-only=[499, 36, 30], combined (elementwise max, used)=[499, 45, 31]
14-09-26 14:59:54: Batches/epoch: source=16 (drives epoch length), target_adapt=10 (cycled)
14-09-26 15:01:07:   epoch 0 batch 0: collate wait 6.5s, fwd+bwd+step 39.0s
14-09-26 15:01:13:   epoch 0 batch 1: collate wait 5.9s, fwd+bwd+step 0.6s
14-09-26 15:01:21:   epoch 0 batch 2: collate wait 6.2s, fwd+bwd+step 1.5s
14-09-26 15:01:28:   epoch 0 batch 3: collate wait 6.1s, fwd+bwd+step 0.5s
14-09-26 15:01:34:   epoch 0 batch 4: collate wait 5.4s, fwd+bwd+step 0.5s
14-09-26 15:01:40:   epoch 0 batch 5: collate wait 5.6s, fwd+bwd+step 0.5s
14-09-26 15:01:46:   epoch 0 batch 6: collate wait 5.4s, fwd+bwd+step 0.5s
14-09-26 15:01:52:   epoch 0 batch 7: collate wait 5.8s, fwd+bwd+step 0.5s
14-09-26 15:01:58:   epoch 0 batch 8: collate wait 5.2s, fwd+bwd+step 0.5s
14-09-26 15:02:04:   epoch 0 batch 9: collate wait 5.3s, fwd+bwd+step 0.5s
14-09-26 15:02:07:   epoch 0 batch 10: collate wait 3.4s, fwd+bwd+step 0.5s
14-09-26 15:02:11:   epoch 0 batch 11: collate wait 3.4s, fwd+bwd+step 0.4s
14-09-26 15:02:15:   epoch 0 batch 12: collate wait 3.1s, fwd+bwd+step 0.5s
14-09-26 15:02:18:   epoch 0 batch 13: collate wait 2.6s, fwd+bwd+step 0.4s
14-09-26 15:02:22:   epoch 0 batch 14: collate wait 3.2s, fwd+bwd+step 0.5s
14-09-26 15:02:25:   epoch 0 batch 15: collate wait 3.0s, fwd+bwd+step 0.4s
14-09-26 15:02:25: Trn - Source+Target 0, cls loss: 0.3295, seg loss: 2.2642, coral loss: 0.0595, kendall s_cls: -0.0045, s_seg: 0.0157, s_coral: -0.0160
14-09-26 15:02:50: Val - Source 0, cls acc: 0.8000, cls avg acc: 0.8636, cls loss: 0.5308, seg loss: 2.3016, coral loss: 0.0003, total loss: 2.7967
14-09-26 15:02:50: Val - Source 0, Tomato seg: loss=1.6987, mIoU=0.0518, acc=0.1078
14-09-26 15:02:50: Val - Source 0, Maize seg: loss=2.5209, mIoU=0.0933, acc=0.2048
14-09-26 15:03:01: Eval(no-train) - Target 0, acc: 0.8571, avg acc: 0.8043, cls loss: 0.4250  <- domain gap indicator (DA-D, cls-only, held-out -- never trained on)
14-09-26 15:03:07:   epoch 1 batch 0: collate wait 5.6s, fwd+bwd+step 0.5s
14-09-26 15:03:14:   epoch 1 batch 1: collate wait 6.2s, fwd+bwd+step 0.5s
14-09-26 15:03:20:   epoch 1 batch 2: collate wait 5.9s, fwd+bwd+step 0.5s
14-09-26 15:03:27:   epoch 1 batch 3: collate wait 6.3s, fwd+bwd+step 0.5s
14-09-26 15:03:33:   epoch 1 batch 4: collate wait 6.1s, fwd+bwd+step 0.5s
14-09-26 15:03:40:   epoch 1 batch 5: collate wait 5.8s, fwd+bwd+step 0.5s
14-09-26 15:03:45:   epoch 1 batch 6: collate wait 4.8s, fwd+bwd+step 0.5s
14-09-26 15:03:51:   epoch 1 batch 7: collate wait 5.1s, fwd+bwd+step 0.5s
14-09-26 15:03:56:   epoch 1 batch 8: collate wait 4.9s, fwd+bwd+step 0.5s
14-09-26 15:04:02:   epoch 1 batch 9: collate wait 5.1s, fwd+bwd+step 0.5s
14-09-26 15:04:05:   epoch 1 batch 10: collate wait 3.0s, fwd+bwd+step 0.5s
14-09-26 15:04:09:   epoch 1 batch 11: collate wait 3.3s, fwd+bwd+step 0.4s
14-09-26 15:04:12:   epoch 1 batch 12: collate wait 3.1s, fwd+bwd+step 0.5s
14-09-26 15:04:16:   epoch 1 batch 13: collate wait 3.0s, fwd+bwd+step 0.5s
14-09-26 15:04:19:   epoch 1 batch 14: collate wait 3.1s, fwd+bwd+step 0.5s
14-09-26 15:04:23:   epoch 1 batch 15: collate wait 3.3s, fwd+bwd+step 0.4s
14-09-26 15:04:23: Trn - Source+Target 1, cls loss: 0.1855, seg loss: 1.8561, coral loss: 0.0250, kendall s_cls: -0.0197, s_seg: 0.0302, s_coral: -0.0321
14-09-26 15:04:52: Val - Source 1, cls acc: 1.0000, cls avg acc: 1.0000, cls loss: 0.2283, seg loss: 2.0051, coral loss: 0.0004, total loss: 2.1676
14-09-26 15:04:52: Val - Source 1, Tomato seg: loss=1.6047, mIoU=0.0999, acc=0.1843
14-09-26 15:04:52: Val - Source 1, Maize seg: loss=2.1506, mIoU=0.1008, acc=0.2294
14-09-26 15:05:01: Eval(no-train) - Target 1, acc: 0.9048, avg acc: 0.8696, cls loss: 0.3305  <- domain gap indicator (DA-D, cls-only, held-out -- never trained on)
14-09-26 15:05:07:   epoch 2 batch 0: collate wait 5.4s, fwd+bwd+step 0.5s
14-09-26 15:05:13:   epoch 2 batch 1: collate wait 5.7s, fwd+bwd+step 0.5s
14-09-26 15:05:19:   epoch 2 batch 2: collate wait 5.2s, fwd+bwd+step 0.5s
14-09-26 15:05:26:   epoch 2 batch 3: collate wait 6.5s, fwd+bwd+step 0.5s
14-09-26 15:05:32:   epoch 2 batch 4: collate wait 5.7s, fwd+bwd+step 0.5s
14-09-26 15:05:39:   epoch 2 batch 5: collate wait 6.2s, fwd+bwd+step 0.5s
14-09-26 15:05:45:   epoch 2 batch 6: collate wait 6.1s, fwd+bwd+step 0.5s
14-09-26 15:05:52:   epoch 2 batch 7: collate wait 6.2s, fwd+bwd+step 0.5s
14-09-26 15:05:59:   epoch 2 batch 8: collate wait 5.9s, fwd+bwd+step 0.5s
14-09-26 15:06:05:   epoch 2 batch 9: collate wait 5.7s, fwd+bwd+step 0.5s
14-09-26 15:06:08:   epoch 2 batch 10: collate wait 3.1s, fwd+bwd+step 0.4s
14-09-26 15:06:12:   epoch 2 batch 11: collate wait 3.1s, fwd+bwd+step 0.4s
14-09-26 15:06:15:   epoch 2 batch 12: collate wait 2.9s, fwd+bwd+step 0.4s
14-09-26 15:06:18:   epoch 2 batch 13: collate wait 2.9s, fwd+bwd+step 0.4s
14-09-26 15:06:23:   epoch 2 batch 14: collate wait 3.6s, fwd+bwd+step 0.4s
14-09-26 15:06:25:   epoch 2 batch 15: collate wait 2.4s, fwd+bwd+step 0.4s
14-09-26 15:06:25: Trn - Source+Target 2, cls loss: 0.0581, seg loss: 1.6399, coral loss: 0.0248, kendall s_cls: -0.0380, s_seg: 0.0434, s_coral: -0.0483
14-09-26 15:06:51: Val - Source 2, cls acc: 1.0000, cls avg acc: 1.0000, cls loss: 0.1040, seg loss: 1.7526, coral loss: 0.0006, total loss: 1.7651
14-09-26 15:06:51: Val - Source 2, Tomato seg: loss=1.5411, mIoU=0.1305, acc=0.2774
14-09-26 15:06:51: Val - Source 2, Maize seg: loss=1.8295, mIoU=0.1732, acc=0.3599
14-09-26 15:07:00: Eval(no-train) - Target 2, acc: 0.8413, avg acc: 0.7826, cls loss: 0.3757  <- domain gap indicator (DA-D, cls-only, held-out -- never trained on)
14-09-26 15:07:07:   epoch 3 batch 0: collate wait 6.3s, fwd+bwd+step 0.5s
14-09-26 15:07:14:   epoch 3 batch 1: collate wait 6.6s, fwd+bwd+step 0.5s
14-09-26 15:07:21:   epoch 3 batch 2: collate wait 5.9s, fwd+bwd+step 0.5s
14-09-26 15:07:27:   epoch 3 batch 3: collate wait 5.6s, fwd+bwd+step 0.5s
14-09-26 15:07:32:   epoch 3 batch 4: collate wait 5.0s, fwd+bwd+step 0.5s
14-09-26 15:07:40:   epoch 3 batch 5: collate wait 6.8s, fwd+bwd+step 0.5s
14-09-26 15:07:47:   epoch 3 batch 6: collate wait 6.6s, fwd+bwd+step 0.7s
14-09-26 15:07:53:   epoch 3 batch 7: collate wait 6.0s, fwd+bwd+step 0.5s
14-09-26 15:08:00:   epoch 3 batch 8: collate wait 5.9s, fwd+bwd+step 1.0s
14-09-26 15:08:07:   epoch 3 batch 9: collate wait 6.2s, fwd+bwd+step 0.5s
14-09-26 15:08:10:   epoch 3 batch 10: collate wait 2.4s, fwd+bwd+step 0.5s
14-09-26 15:08:14:   epoch 3 batch 11: collate wait 3.6s, fwd+bwd+step 0.5s
14-09-26 15:08:18:   epoch 3 batch 12: collate wait 3.0s, fwd+bwd+step 0.4s
14-09-26 15:08:22:   epoch 3 batch 13: collate wait 3.7s, fwd+bwd+step 0.4s
14-09-26 15:08:33:   epoch 3 batch 14: collate wait 3.2s, fwd+bwd+step 7.9s
14-09-26 15:08:36:   epoch 3 batch 15: collate wait 3.1s, fwd+bwd+step 0.4s
14-09-26 15:08:36: Trn - Source+Target 3, cls loss: 0.1366, seg loss: 1.5180, coral loss: 0.0109, kendall s_cls: -0.0551, s_seg: 0.0554, s_coral: -0.0645
14-09-26 15:09:03: Val - Source 3, cls acc: 1.0000, cls avg acc: 1.0000, cls loss: 0.0199, seg loss: 1.6262, coral loss: 0.0030, total loss: 1.5290
14-09-26 15:09:03: Val - Source 3, Tomato seg: loss=1.5155, mIoU=0.1803, acc=0.3720
14-09-26 15:09:03: Val - Source 3, Maize seg: loss=1.6664, mIoU=0.2327, acc=0.4835
14-09-26 15:09:13: Eval(no-train) - Target 3, acc: 0.9206, avg acc: 0.8913, cls loss: 0.3836  <- domain gap indicator (DA-D, cls-only, held-out -- never trained on)
14-09-26 15:09:20:   epoch 4 batch 0: collate wait 6.2s, fwd+bwd+step 1.1s
14-09-26 15:09:28:   epoch 4 batch 1: collate wait 7.3s, fwd+bwd+step 0.5s
14-09-26 15:09:34:   epoch 4 batch 2: collate wait 5.8s, fwd+bwd+step 0.5s
14-09-26 15:09:40:   epoch 4 batch 3: collate wait 5.2s, fwd+bwd+step 0.5s
14-09-26 15:09:46:   epoch 4 batch 4: collate wait 5.2s, fwd+bwd+step 0.5s
14-09-26 15:09:52:   epoch 4 batch 5: collate wait 5.9s, fwd+bwd+step 0.5s
14-09-26 15:10:00:   epoch 4 batch 6: collate wait 7.0s, fwd+bwd+step 0.5s
14-09-26 15:10:06:   epoch 4 batch 7: collate wait 5.6s, fwd+bwd+step 0.5s
14-09-26 15:10:13:   epoch 4 batch 8: collate wait 6.4s, fwd+bwd+step 0.5s
14-09-26 15:10:19:   epoch 4 batch 9: collate wait 5.5s, fwd+bwd+step 0.5s
14-09-26 15:10:22:   epoch 4 batch 10: collate wait 3.2s, fwd+bwd+step 0.5s
14-09-26 15:10:26:   epoch 4 batch 11: collate wait 3.4s, fwd+bwd+step 0.5s
14-09-26 15:10:30:   epoch 4 batch 12: collate wait 3.5s, fwd+bwd+step 0.5s
14-09-26 15:10:34:   epoch 4 batch 13: collate wait 3.4s, fwd+bwd+step 0.5s
14-09-26 15:10:38:   epoch 4 batch 14: collate wait 3.1s, fwd+bwd+step 0.4s
14-09-26 15:10:42:   epoch 4 batch 15: collate wait 4.2s, fwd+bwd+step 0.5s
14-09-26 15:10:42: Trn - Source+Target 4, cls loss: 0.0622, seg loss: 1.4781, coral loss: 0.0115, kendall s_cls: -0.0720, s_seg: 0.0670, s_coral: -0.0807
14-09-26 15:11:09: Val - Source 4, cls acc: 1.0000, cls avg acc: 1.0000, cls loss: 0.0192, seg loss: 1.5516, coral loss: 0.0078, total loss: 1.4331
14-09-26 15:11:09: Val - Source 4, Tomato seg: loss=1.6632, mIoU=0.1380, acc=0.2916
14-09-26 15:11:09: Val - Source 4, Maize seg: loss=1.5111, mIoU=0.2699, acc=0.5796
14-09-26 15:11:19: Eval(no-train) - Target 4, acc: 0.9048, avg acc: 0.8696, cls loss: 0.3823  <- domain gap indicator (DA-D, cls-only, held-out -- never trained on)
14-09-26 15:11:25:   epoch 5 batch 0: collate wait 6.2s, fwd+bwd+step 0.5s
14-09-26 15:11:37:   epoch 5 batch 1: collate wait 7.2s, fwd+bwd+step 4.6s
14-09-26 15:11:44:   epoch 5 batch 2: collate wait 6.2s, fwd+bwd+step 0.5s
14-09-26 15:11:50:   epoch 5 batch 3: collate wait 5.5s, fwd+bwd+step 0.5s
14-09-26 15:11:56:   epoch 5 batch 4: collate wait 5.5s, fwd+bwd+step 0.5s
14-09-26 15:12:02:   epoch 5 batch 5: collate wait 5.7s, fwd+bwd+step 0.5s
14-09-26 15:12:09:   epoch 5 batch 6: collate wait 5.3s, fwd+bwd+step 1.6s
14-09-26 15:12:15:   epoch 5 batch 7: collate wait 5.6s, fwd+bwd+step 0.5s
14-09-26 15:12:21:   epoch 5 batch 8: collate wait 5.1s, fwd+bwd+step 0.5s
14-09-26 15:12:27:   epoch 5 batch 9: collate wait 5.6s, fwd+bwd+step 0.5s
14-09-26 15:12:31:   epoch 5 batch 10: collate wait 3.7s, fwd+bwd+step 0.5s
14-09-26 15:12:35:   epoch 5 batch 11: collate wait 3.2s, fwd+bwd+step 0.5s
14-09-26 15:12:38:   epoch 5 batch 12: collate wait 2.7s, fwd+bwd+step 0.5s
14-09-26 15:12:42:   epoch 5 batch 13: collate wait 3.6s, fwd+bwd+step 0.5s
14-09-26 15:12:46:   epoch 5 batch 14: collate wait 3.6s, fwd+bwd+step 0.5s
14-09-26 15:12:50:   epoch 5 batch 15: collate wait 3.4s, fwd+bwd+step 0.4s
14-09-26 15:12:50: Trn - Source+Target 5, cls loss: 0.2215, seg loss: 1.4186, coral loss: 0.0096, kendall s_cls: -0.0847, s_seg: 0.0786, s_coral: -0.0968
14-09-26 15:13:15: Val - Source 5, cls acc: 0.9778, cls avg acc: 0.9583, cls loss: 0.0482, seg loss: 1.3377, coral loss: 0.0154, total loss: 1.2461
14-09-26 15:13:15: Val - Source 5, Tomato seg: loss=1.4208, mIoU=0.1557, acc=0.3209
14-09-26 15:13:15: Val - Source 5, Maize seg: loss=1.3074, mIoU=0.2802, acc=0.6079
14-09-26 15:13:24: Eval(no-train) - Target 5, acc: 0.9206, avg acc: 0.8913, cls loss: 0.2522  <- domain gap indicator (DA-D, cls-only, held-out -- never trained on)
14-09-26 15:13:30:   epoch 6 batch 0: collate wait 5.6s, fwd+bwd+step 0.5s
14-09-26 15:13:36:   epoch 6 batch 1: collate wait 5.7s, fwd+bwd+step 0.5s
14-09-26 15:13:42:   epoch 6 batch 2: collate wait 6.0s, fwd+bwd+step 0.5s
14-09-26 15:13:49:   epoch 6 batch 3: collate wait 6.0s, fwd+bwd+step 0.5s
14-09-26 15:13:55:   epoch 6 batch 4: collate wait 5.4s, fwd+bwd+step 0.5s
14-09-26 15:14:07:   epoch 6 batch 5: collate wait 6.8s, fwd+bwd+step 5.6s
14-09-26 15:14:14:   epoch 6 batch 6: collate wait 5.8s, fwd+bwd+step 0.5s
14-09-26 15:14:20:   epoch 6 batch 7: collate wait 5.8s, fwd+bwd+step 0.5s
14-09-26 15:14:25:   epoch 6 batch 8: collate wait 5.1s, fwd+bwd+step 0.5s
14-09-26 15:14:32:   epoch 6 batch 9: collate wait 6.1s, fwd+bwd+step 0.5s
14-09-26 15:14:36:   epoch 6 batch 10: collate wait 3.4s, fwd+bwd+step 0.4s
14-09-26 15:14:40:   epoch 6 batch 11: collate wait 3.2s, fwd+bwd+step 1.2s
14-09-26 15:14:44:   epoch 6 batch 12: collate wait 3.1s, fwd+bwd+step 0.4s
14-09-26 15:14:48:   epoch 6 batch 13: collate wait 3.4s, fwd+bwd+step 0.4s
14-09-26 15:14:51:   epoch 6 batch 14: collate wait 2.8s, fwd+bwd+step 0.5s
14-09-26 15:14:54:   epoch 6 batch 15: collate wait 2.8s, fwd+bwd+step 0.5s
14-09-26 15:14:54: Trn - Source+Target 6, cls loss: 0.0572, seg loss: 1.3888, coral loss: 0.0098, kendall s_cls: -0.0995, s_seg: 0.0896, s_coral: -0.1129
14-09-26 15:15:19: Val - Source 6, cls acc: 1.0000, cls avg acc: 1.0000, cls loss: 0.0073, seg loss: 1.3253, coral loss: 0.0141, total loss: 1.1662
14-09-26 15:15:19: Val - Source 6, Tomato seg: loss=1.5092, mIoU=0.1523, acc=0.3173
14-09-26 15:15:19: Val - Source 6, Maize seg: loss=1.2584, mIoU=0.2792, acc=0.6136
14-09-26 15:15:28: Eval(no-train) - Target 6, acc: 0.9206, avg acc: 0.9005, cls loss: 0.2107  <- domain gap indicator (DA-D, cls-only, held-out -- never trained on)
14-09-26 15:15:34:   epoch 7 batch 0: collate wait 5.5s, fwd+bwd+step 0.5s
14-09-26 15:15:40:   epoch 7 batch 1: collate wait 5.6s, fwd+bwd+step 0.5s
14-09-26 15:15:46:   epoch 7 batch 2: collate wait 4.8s, fwd+bwd+step 0.5s
14-09-26 15:15:51:   epoch 7 batch 3: collate wait 5.2s, fwd+bwd+step 0.5s
14-09-26 15:15:57:   epoch 7 batch 4: collate wait 5.2s, fwd+bwd+step 0.5s
14-09-26 15:16:04:   epoch 7 batch 5: collate wait 6.4s, fwd+bwd+step 0.5s
14-09-26 15:16:10:   epoch 7 batch 6: collate wait 5.7s, fwd+bwd+step 0.5s
14-09-26 15:16:17:   epoch 7 batch 7: collate wait 6.0s, fwd+bwd+step 0.5s
14-09-26 15:16:23:   epoch 7 batch 8: collate wait 5.9s, fwd+bwd+step 0.5s
14-09-26 15:16:28:   epoch 7 batch 9: collate wait 4.6s, fwd+bwd+step 0.5s
14-09-26 15:16:32:   epoch 7 batch 10: collate wait 3.0s, fwd+bwd+step 0.4s
14-09-26 15:16:35:   epoch 7 batch 11: collate wait 3.2s, fwd+bwd+step 0.5s
14-09-26 15:16:40:   epoch 7 batch 12: collate wait 3.7s, fwd+bwd+step 0.9s
14-09-26 15:16:44:   epoch 7 batch 13: collate wait 3.3s, fwd+bwd+step 0.5s
14-09-26 15:16:47:   epoch 7 batch 14: collate wait 3.2s, fwd+bwd+step 0.5s
14-09-26 15:16:51:   epoch 7 batch 15: collate wait 3.5s, fwd+bwd+step 0.4s
14-09-26 15:16:51: Trn - Source+Target 7, cls loss: 0.1245, seg loss: 1.3227, coral loss: 0.0087, kendall s_cls: -0.1151, s_seg: 0.1002, s_coral: -0.1288
14-09-26 15:17:15: Val - Source 7, cls acc: 1.0000, cls avg acc: 1.0000, cls loss: 0.0031, seg loss: 1.2383, coral loss: 0.0129, total loss: 1.0591
14-09-26 15:17:15: Val - Source 7, Tomato seg: loss=1.3823, mIoU=0.1980, acc=0.4044
14-09-26 15:17:15: Val - Source 7, Maize seg: loss=1.1859, mIoU=0.3161, acc=0.6997
14-09-26 15:17:24: Eval(no-train) - Target 7, acc: 0.9365, avg acc: 0.9130, cls loss: 0.2040  <- domain gap indicator (DA-D, cls-only, held-out -- never trained on)
14-09-26 15:17:30:   epoch 8 batch 0: collate wait 5.5s, fwd+bwd+step 0.5s
14-09-26 15:17:37:   epoch 8 batch 1: collate wait 5.8s, fwd+bwd+step 0.5s
14-09-26 15:17:42:   epoch 8 batch 2: collate wait 5.3s, fwd+bwd+step 0.5s
14-09-26 15:17:49:   epoch 8 batch 3: collate wait 5.9s, fwd+bwd+step 0.5s
14-09-26 15:17:56:   epoch 8 batch 4: collate wait 6.4s, fwd+bwd+step 0.5s
14-09-26 15:18:03:   epoch 8 batch 5: collate wait 6.1s, fwd+bwd+step 0.6s
14-09-26 15:18:08:   epoch 8 batch 6: collate wait 5.1s, fwd+bwd+step 0.5s
14-09-26 15:18:15:   epoch 8 batch 7: collate wait 6.0s, fwd+bwd+step 0.5s
14-09-26 15:18:20:   epoch 8 batch 8: collate wait 5.2s, fwd+bwd+step 0.5s
14-09-26 15:18:27:   epoch 8 batch 9: collate wait 5.7s, fwd+bwd+step 0.5s
14-09-26 15:18:30:   epoch 8 batch 10: collate wait 2.9s, fwd+bwd+step 0.5s
14-09-26 15:18:33:   epoch 8 batch 11: collate wait 2.9s, fwd+bwd+step 0.5s
14-09-26 15:18:37:   epoch 8 batch 12: collate wait 3.7s, fwd+bwd+step 0.5s
14-09-26 15:18:41:   epoch 8 batch 13: collate wait 3.1s, fwd+bwd+step 0.5s
14-09-26 15:18:44:   epoch 8 batch 14: collate wait 3.1s, fwd+bwd+step 0.5s
14-09-26 15:18:48:   epoch 8 batch 15: collate wait 2.9s, fwd+bwd+step 0.5s
14-09-26 15:18:48: Trn - Source+Target 8, cls loss: 0.0741, seg loss: 1.3413, coral loss: 0.0070, kendall s_cls: -0.1292, s_seg: 0.1107, s_coral: -0.1448
14-09-26 15:19:13: Val - Source 8, cls acc: 1.0000, cls avg acc: 1.0000, cls loss: 0.0275, seg loss: 1.6814, coral loss: 0.0123, total loss: 1.4619
14-09-26 15:19:13: Val - Source 8, Tomato seg: loss=1.4083, mIoU=0.1619, acc=0.3283
14-09-26 15:19:13: Val - Source 8, Maize seg: loss=1.7807, mIoU=0.2564, acc=0.5604
14-09-26 15:19:22: Eval(no-train) - Target 8, acc: 0.9206, avg acc: 0.8913, cls loss: 0.2596  <- domain gap indicator (DA-D, cls-only, held-out -- never trained on)
14-09-26 15:19:28:   epoch 9 batch 0: collate wait 5.0s, fwd+bwd+step 0.5s
14-09-26 15:19:34:   epoch 9 batch 1: collate wait 5.7s, fwd+bwd+step 0.5s
14-09-26 15:19:40:   epoch 9 batch 2: collate wait 5.7s, fwd+bwd+step 0.5s
14-09-26 15:19:46:   epoch 9 batch 3: collate wait 5.2s, fwd+bwd+step 0.5s
14-09-26 15:19:52:   epoch 9 batch 4: collate wait 5.5s, fwd+bwd+step 0.5s
14-09-26 15:19:57:   epoch 9 batch 5: collate wait 5.1s, fwd+bwd+step 0.5s
14-09-26 15:20:05:   epoch 9 batch 6: collate wait 6.8s, fwd+bwd+step 0.5s
14-09-26 15:20:11:   epoch 9 batch 7: collate wait 6.1s, fwd+bwd+step 0.5s
14-09-26 15:20:17:   epoch 9 batch 8: collate wait 5.0s, fwd+bwd+step 1.1s
14-09-26 15:20:23:   epoch 9 batch 9: collate wait 5.7s, fwd+bwd+step 0.5s
14-09-26 15:20:27:   epoch 9 batch 10: collate wait 3.2s, fwd+bwd+step 0.5s
14-09-26 15:20:31:   epoch 9 batch 11: collate wait 3.2s, fwd+bwd+step 0.4s
14-09-26 15:20:37:   epoch 9 batch 12: collate wait 5.3s, fwd+bwd+step 0.5s
14-09-26 15:20:41:   epoch 9 batch 13: collate wait 4.2s, fwd+bwd+step 0.4s
14-09-26 15:20:45:   epoch 9 batch 14: collate wait 2.9s, fwd+bwd+step 0.5s
14-09-26 15:20:49:   epoch 9 batch 15: collate wait 3.8s, fwd+bwd+step 0.5s
14-09-26 15:20:49: Trn - Source+Target 9, cls loss: 0.0840, seg loss: 1.3087, coral loss: 0.0077, kendall s_cls: -0.1439, s_seg: 0.1211, s_coral: -0.1606
14-09-26 15:21:15: Val - Source 9, cls acc: 1.0000, cls avg acc: 1.0000, cls loss: 0.0173, seg loss: 1.2791, coral loss: 0.0108, total loss: 1.0679
14-09-26 15:21:15: Val - Source 9, Tomato seg: loss=1.4897, mIoU=0.1513, acc=0.3169
14-09-26 15:21:15: Val - Source 9, Maize seg: loss=1.2025, mIoU=0.3020, acc=0.6363
14-09-26 15:21:24: Eval(no-train) - Target 9, acc: 0.8413, avg acc: 0.8380, cls loss: 0.3446  <- domain gap indicator (DA-D, cls-only, held-out -- never trained on)
14-09-26 15:21:30:   epoch 10 batch 0: collate wait 5.5s, fwd+bwd+step 0.8s
14-09-26 15:21:36:   epoch 10 batch 1: collate wait 5.4s, fwd+bwd+step 0.5s
14-09-26 15:21:43:   epoch 10 batch 2: collate wait 6.1s, fwd+bwd+step 0.5s
14-09-26 15:21:49:   epoch 10 batch 3: collate wait 5.6s, fwd+bwd+step 0.5s
14-09-26 15:21:56:   epoch 10 batch 4: collate wait 5.8s, fwd+bwd+step 0.8s
14-09-26 15:22:02:   epoch 10 batch 5: collate wait 6.3s, fwd+bwd+step 0.5s
14-09-26 15:22:09:   epoch 10 batch 6: collate wait 6.2s, fwd+bwd+step 0.5s
14-09-26 15:22:15:   epoch 10 batch 7: collate wait 5.6s, fwd+bwd+step 0.5s
14-09-26 15:22:21:   epoch 10 batch 8: collate wait 5.2s, fwd+bwd+step 0.5s
14-09-26 15:22:26:   epoch 10 batch 9: collate wait 4.7s, fwd+bwd+step 0.5s
14-09-26 15:22:30:   epoch 10 batch 10: collate wait 3.1s, fwd+bwd+step 0.5s
14-09-26 15:22:33:   epoch 10 batch 11: collate wait 3.4s, fwd+bwd+step 0.5s
14-09-26 15:22:37:   epoch 10 batch 12: collate wait 3.2s, fwd+bwd+step 0.5s
14-09-26 15:22:40:   epoch 10 batch 13: collate wait 2.8s, fwd+bwd+step 0.4s
14-09-26 15:22:44:   epoch 10 batch 14: collate wait 3.1s, fwd+bwd+step 0.5s
14-09-26 15:22:48:   epoch 10 batch 15: collate wait 3.1s, fwd+bwd+step 0.5s
14-09-26 15:22:48: Trn - Source+Target 10, cls loss: 0.0657, seg loss: 1.2584, coral loss: 0.0056, kendall s_cls: -0.1594, s_seg: 0.1312, s_coral: -0.1763
14-09-26 15:23:11: Val - Source 10, cls acc: 1.0000, cls avg acc: 1.0000, cls loss: 0.0034, seg loss: 1.4320, coral loss: 0.0095, total loss: 1.1634
14-09-26 15:23:11: Val - Source 10, Tomato seg: loss=1.4718, mIoU=0.1490, acc=0.3207
14-09-26 15:23:11: Val - Source 10, Maize seg: loss=1.4176, mIoU=0.2779, acc=0.6503
14-09-26 15:23:23: Eval(no-train) - Target 10, acc: 0.9048, avg acc: 0.8696, cls loss: 0.2666  <- domain gap indicator (DA-D, cls-only, held-out -- never trained on)
14-09-26 15:23:32:   epoch 11 batch 0: collate wait 5.8s, fwd+bwd+step 3.0s
14-09-26 15:23:38:   epoch 11 batch 1: collate wait 5.0s, fwd+bwd+step 0.5s
14-09-26 15:23:43:   epoch 11 batch 2: collate wait 5.2s, fwd+bwd+step 0.5s
14-09-26 15:23:50:   epoch 11 batch 3: collate wait 6.0s, fwd+bwd+step 0.7s
14-09-26 15:23:56:   epoch 11 batch 4: collate wait 5.9s, fwd+bwd+step 0.5s
14-09-26 15:24:02:   epoch 11 batch 5: collate wait 4.9s, fwd+bwd+step 0.5s
14-09-26 15:24:08:   epoch 11 batch 6: collate wait 5.8s, fwd+bwd+step 0.5s
14-09-26 15:24:14:   epoch 11 batch 7: collate wait 5.2s, fwd+bwd+step 0.5s
14-09-26 15:24:21:   epoch 11 batch 8: collate wait 6.8s, fwd+bwd+step 0.5s
14-09-26 15:24:27:   epoch 11 batch 9: collate wait 5.5s, fwd+bwd+step 0.5s
14-09-26 15:24:31:   epoch 11 batch 10: collate wait 3.7s, fwd+bwd+step 0.5s
14-09-26 15:24:34:   epoch 11 batch 11: collate wait 2.6s, fwd+bwd+step 0.4s
14-09-26 15:24:37:   epoch 11 batch 12: collate wait 2.8s, fwd+bwd+step 0.5s
14-09-26 15:24:41:   epoch 11 batch 13: collate wait 3.4s, fwd+bwd+step 0.4s
14-09-26 15:24:44:   epoch 11 batch 14: collate wait 2.7s, fwd+bwd+step 0.5s
14-09-26 15:24:48:   epoch 11 batch 15: collate wait 3.4s, fwd+bwd+step 0.5s
14-09-26 15:24:48: Trn - Source+Target 11, cls loss: 0.0305, seg loss: 1.2161, coral loss: 0.0056, kendall s_cls: -0.1758, s_seg: 0.1407, s_coral: -0.1920
14-09-26 15:25:13: Val - Source 11, cls acc: 1.0000, cls avg acc: 1.0000, cls loss: 0.0127, seg loss: 1.2267, coral loss: 0.0112, total loss: 0.9739
14-09-26 15:25:13: Val - Source 11, Tomato seg: loss=1.4273, mIoU=0.1881, acc=0.3926
14-09-26 15:25:13: Val - Source 11, Maize seg: loss=1.1537, mIoU=0.3308, acc=0.7089
14-09-26 15:25:26: Eval(no-train) - Target 11, acc: 0.9048, avg acc: 0.8788, cls loss: 0.3768  <- domain gap indicator (DA-D, cls-only, held-out -- never trained on)
14-09-26 15:25:37:   epoch 12 batch 0: collate wait 5.4s, fwd+bwd+step 4.8s
14-09-26 15:25:43:   epoch 12 batch 1: collate wait 5.5s, fwd+bwd+step 0.5s
14-09-26 15:25:50:   epoch 12 batch 2: collate wait 6.1s, fwd+bwd+step 0.5s
14-09-26 15:25:57:   epoch 12 batch 3: collate wait 6.2s, fwd+bwd+step 0.5s
14-09-26 15:26:03:   epoch 12 batch 4: collate wait 5.3s, fwd+bwd+step 0.5s
14-09-26 15:26:08:   epoch 12 batch 5: collate wait 5.4s, fwd+bwd+step 0.5s
14-09-26 15:26:15:   epoch 12 batch 6: collate wait 6.3s, fwd+bwd+step 0.5s
14-09-26 15:26:21:   epoch 12 batch 7: collate wait 5.1s, fwd+bwd+step 0.5s
14-09-26 15:26:27:   epoch 12 batch 8: collate wait 6.0s, fwd+bwd+step 0.5s
14-09-26 15:26:33:   epoch 12 batch 9: collate wait 5.6s, fwd+bwd+step 0.5s
14-09-26 15:26:37:   epoch 12 batch 10: collate wait 3.3s, fwd+bwd+step 0.5s
14-09-26 15:26:40:   epoch 12 batch 11: collate wait 2.8s, fwd+bwd+step 0.5s
14-09-26 15:26:44:   epoch 12 batch 12: collate wait 3.5s, fwd+bwd+step 0.5s
14-09-26 15:26:48:   epoch 12 batch 13: collate wait 2.9s, fwd+bwd+step 0.5s
14-09-26 15:26:51:   epoch 12 batch 14: collate wait 3.3s, fwd+bwd+step 0.4s
14-09-26 15:26:55:   epoch 12 batch 15: collate wait 2.9s, fwd+bwd+step 0.5s
14-09-26 15:26:55: Trn - Source+Target 12, cls loss: 0.0159, seg loss: 1.1949, coral loss: 0.0057, kendall s_cls: -0.1926, s_seg: 0.1499, s_coral: -0.2076
14-09-26 15:27:21: Val - Source 12, cls acc: 1.0000, cls avg acc: 1.0000, cls loss: 0.0149, seg loss: 1.2233, coral loss: 0.0170, total loss: 0.9564
14-09-26 15:27:21: Val - Source 12, Tomato seg: loss=1.3423, mIoU=0.2395, acc=0.4929
14-09-26 15:27:21: Val - Source 12, Maize seg: loss=1.1800, mIoU=0.3131, acc=0.6720
14-09-26 15:27:30: Eval(no-train) - Target 12, acc: 0.8571, avg acc: 0.8228, cls loss: 0.5006  <- domain gap indicator (DA-D, cls-only, held-out -- never trained on)
14-09-26 15:27:37:   epoch 13 batch 0: collate wait 6.3s, fwd+bwd+step 0.6s
14-09-26 15:27:44:   epoch 13 batch 1: collate wait 6.1s, fwd+bwd+step 0.5s
14-09-26 15:27:50:   epoch 13 batch 2: collate wait 5.2s, fwd+bwd+step 0.5s
14-09-26 15:27:56:   epoch 13 batch 3: collate wait 5.5s, fwd+bwd+step 0.5s
14-09-26 15:28:02:   epoch 13 batch 4: collate wait 5.6s, fwd+bwd+step 0.5s
14-09-26 15:28:08:   epoch 13 batch 5: collate wait 6.0s, fwd+bwd+step 0.5s
14-09-26 15:28:15:   epoch 13 batch 6: collate wait 6.1s, fwd+bwd+step 0.5s
14-09-26 15:28:21:   epoch 13 batch 7: collate wait 5.8s, fwd+bwd+step 0.5s
14-09-26 15:28:29:   epoch 13 batch 8: collate wait 6.1s, fwd+bwd+step 1.2s
14-09-26 15:28:34:   epoch 13 batch 9: collate wait 4.9s, fwd+bwd+step 0.8s
14-09-26 15:28:38:   epoch 13 batch 10: collate wait 2.8s, fwd+bwd+step 0.4s
14-09-26 15:28:41:   epoch 13 batch 11: collate wait 3.2s, fwd+bwd+step 0.5s
14-09-26 15:28:45:   epoch 13 batch 12: collate wait 3.6s, fwd+bwd+step 0.5s
14-09-26 15:28:49:   epoch 13 batch 13: collate wait 3.4s, fwd+bwd+step 0.5s
14-09-26 15:28:53:   epoch 13 batch 14: collate wait 2.9s, fwd+bwd+step 0.5s
14-09-26 15:28:56:   epoch 13 batch 15: collate wait 3.2s, fwd+bwd+step 0.5s
14-09-26 15:28:56: Trn - Source+Target 13, cls loss: 0.0385, seg loss: 1.2092, coral loss: 0.0050, kendall s_cls: -0.2090, s_seg: 0.1589, s_coral: -0.2230
14-09-26 15:29:24: Val - Source 13, cls acc: 1.0000, cls avg acc: 1.0000, cls loss: 0.0232, seg loss: 1.1379, coral loss: 0.0078, total loss: 0.8676
14-09-26 15:29:24: Val - Source 13, Tomato seg: loss=1.3810, mIoU=0.1789, acc=0.3746
14-09-26 15:29:24: Val - Source 13, Maize seg: loss=1.0495, mIoU=0.3471, acc=0.7323
14-09-26 15:29:33: Eval(no-train) - Target 13, acc: 0.8095, avg acc: 0.8408, cls loss: 0.4099  <- domain gap indicator (DA-D, cls-only, held-out -- never trained on)
14-09-26 15:29:40:   epoch 14 batch 0: collate wait 6.0s, fwd+bwd+step 0.8s
14-09-26 15:29:45:   epoch 14 batch 1: collate wait 4.7s, fwd+bwd+step 0.5s
14-09-26 15:29:51:   epoch 14 batch 2: collate wait 5.2s, fwd+bwd+step 0.5s
14-09-26 15:29:57:   epoch 14 batch 3: collate wait 5.7s, fwd+bwd+step 0.6s
14-09-26 15:30:03:   epoch 14 batch 4: collate wait 4.8s, fwd+bwd+step 0.5s
14-09-26 15:30:09:   epoch 14 batch 5: collate wait 5.5s, fwd+bwd+step 0.5s
14-09-26 15:30:15:   epoch 14 batch 6: collate wait 5.6s, fwd+bwd+step 0.5s
14-09-26 15:30:22:   epoch 14 batch 7: collate wait 6.4s, fwd+bwd+step 0.5s
14-09-26 15:30:29:   epoch 14 batch 8: collate wait 6.9s, fwd+bwd+step 0.5s
14-09-26 15:30:35:   epoch 14 batch 9: collate wait 5.4s, fwd+bwd+step 0.5s
14-09-26 15:30:38:   epoch 14 batch 10: collate wait 2.6s, fwd+bwd+step 0.5s
14-09-26 15:30:42:   epoch 14 batch 11: collate wait 3.6s, fwd+bwd+step 0.5s
14-09-26 15:30:46:   epoch 14 batch 12: collate wait 3.1s, fwd+bwd+step 0.5s
14-09-26 15:30:49:   epoch 14 batch 13: collate wait 2.8s, fwd+bwd+step 0.4s
14-09-26 15:30:52:   epoch 14 batch 14: collate wait 3.1s, fwd+bwd+step 0.5s
14-09-26 15:30:56:   epoch 14 batch 15: collate wait 3.3s, fwd+bwd+step 0.5s
14-09-26 15:30:56: Trn - Source+Target 14, cls loss: 0.0420, seg loss: 1.1412, coral loss: 0.0057, kendall s_cls: -0.2251, s_seg: 0.1675, s_coral: -0.2384
14-09-26 15:31:28: Val - Source 14, cls acc: 1.0000, cls avg acc: 1.0000, cls loss: 0.0017, seg loss: 1.1776, coral loss: 0.0063, total loss: 0.8542
14-09-26 15:31:28: Val - Source 14, Tomato seg: loss=1.4665, mIoU=0.1589, acc=0.3167
14-09-26 15:31:28: Val - Source 14, Maize seg: loss=1.0726, mIoU=0.3265, acc=0.7279
14-09-26 15:31:37: Eval(no-train) - Target 14, acc: 0.8571, avg acc: 0.8690, cls loss: 0.3580  <- domain gap indicator (DA-D, cls-only, held-out -- never trained on)
14-09-26 15:31:47:   epoch 15 batch 0: collate wait 5.9s, fwd+bwd+step 4.2s
14-09-26 15:31:53:   epoch 15 batch 1: collate wait 5.7s, fwd+bwd+step 0.6s
14-09-26 15:32:00:   epoch 15 batch 2: collate wait 6.1s, fwd+bwd+step 0.5s
14-09-26 15:32:06:   epoch 15 batch 3: collate wait 5.4s, fwd+bwd+step 0.5s
14-09-26 15:32:12:   epoch 15 batch 4: collate wait 5.9s, fwd+bwd+step 0.7s
14-09-26 15:32:18:   epoch 15 batch 5: collate wait 5.1s, fwd+bwd+step 0.5s
14-09-26 15:32:25:   epoch 15 batch 6: collate wait 6.1s, fwd+bwd+step 0.5s
14-09-26 15:32:30:   epoch 15 batch 7: collate wait 5.3s, fwd+bwd+step 0.5s
14-09-26 15:32:37:   epoch 15 batch 8: collate wait 6.1s, fwd+bwd+step 0.5s
14-09-26 15:32:43:   epoch 15 batch 9: collate wait 5.7s, fwd+bwd+step 0.5s
14-09-26 15:32:47:   epoch 15 batch 10: collate wait 3.1s, fwd+bwd+step 0.5s
14-09-26 15:32:50:   epoch 15 batch 11: collate wait 3.3s, fwd+bwd+step 0.5s
14-09-26 15:32:53:   epoch 15 batch 12: collate wait 2.3s, fwd+bwd+step 0.4s
14-09-26 15:32:57:   epoch 15 batch 13: collate wait 3.3s, fwd+bwd+step 0.5s
14-09-26 15:33:00:   epoch 15 batch 14: collate wait 2.9s, fwd+bwd+step 0.5s
14-09-26 15:33:04:   epoch 15 batch 15: collate wait 2.9s, fwd+bwd+step 0.4s
14-09-26 15:33:04: Trn - Source+Target 15, cls loss: 0.1330, seg loss: 1.1261, coral loss: 0.0048, kendall s_cls: -0.2386, s_seg: 0.1755, s_coral: -0.2536
14-09-26 15:33:29: Val - Source 15, cls acc: 0.9333, cls avg acc: 0.8750, cls loss: 0.4873, seg loss: 1.1785, coral loss: 0.0348, total loss: 1.4715
14-09-26 15:33:29: Val - Source 15, Tomato seg: loss=1.4894, mIoU=0.1473, acc=0.3038
14-09-26 15:33:29: Val - Source 15, Maize seg: loss=1.0655, mIoU=0.3680, acc=0.7993
14-09-26 15:33:38: Eval(no-train) - Target 15, acc: 0.5714, avg acc: 0.6440, cls loss: 0.7671  <- domain gap indicator (DA-D, cls-only, held-out -- never trained on)
14-09-26 15:33:44:   epoch 16 batch 0: collate wait 5.3s, fwd+bwd+step 0.6s
14-09-26 15:33:51:   epoch 16 batch 1: collate wait 6.0s, fwd+bwd+step 0.5s
14-09-26 15:33:57:   epoch 16 batch 2: collate wait 6.3s, fwd+bwd+step 0.5s
14-09-26 15:34:03:   epoch 16 batch 3: collate wait 5.5s, fwd+bwd+step 0.5s
14-09-26 15:34:10:   epoch 16 batch 4: collate wait 5.5s, fwd+bwd+step 0.5s
14-09-26 15:34:16:   epoch 16 batch 5: collate wait 5.7s, fwd+bwd+step 0.5s
14-09-26 15:34:24:   epoch 16 batch 6: collate wait 7.3s, fwd+bwd+step 0.5s
14-09-26 15:34:29:   epoch 16 batch 7: collate wait 5.4s, fwd+bwd+step 0.5s
14-09-26 15:34:36:   epoch 16 batch 8: collate wait 5.7s, fwd+bwd+step 0.5s
14-09-26 15:34:41:   epoch 16 batch 9: collate wait 5.2s, fwd+bwd+step 0.5s
14-09-26 15:34:45:   epoch 16 batch 10: collate wait 3.6s, fwd+bwd+step 0.5s
14-09-26 15:34:49:   epoch 16 batch 11: collate wait 3.0s, fwd+bwd+step 0.5s
14-09-26 15:34:53:   epoch 16 batch 12: collate wait 3.8s, fwd+bwd+step 0.5s
14-09-26 15:34:57:   epoch 16 batch 13: collate wait 3.0s, fwd+bwd+step 0.4s
14-09-26 15:35:00:   epoch 16 batch 14: collate wait 2.8s, fwd+bwd+step 0.4s
14-09-26 15:35:04:   epoch 16 batch 15: collate wait 3.8s, fwd+bwd+step 0.8s
14-09-26 15:35:04: Trn - Source+Target 16, cls loss: 0.0740, seg loss: 1.1731, coral loss: 0.0122, kendall s_cls: -0.2512, s_seg: 0.1840, s_coral: -0.2687
14-09-26 15:35:31: Val - Source 16, cls acc: 1.0000, cls avg acc: 1.0000, cls loss: 0.0065, seg loss: 1.3202, coral loss: 0.0235, total loss: 0.9541
14-09-26 15:35:31: Val - Source 16, Tomato seg: loss=1.5487, mIoU=0.1819, acc=0.3884
14-09-26 15:35:31: Val - Source 16, Maize seg: loss=1.2371, mIoU=0.3189, acc=0.6582
14-09-26 15:35:40: Eval(no-train) - Target 16, acc: 0.8254, avg acc: 0.8440, cls loss: 0.4060  <- domain gap indicator (DA-D, cls-only, held-out -- never trained on)
14-09-26 15:35:46:   epoch 17 batch 0: collate wait 5.2s, fwd+bwd+step 0.5s
14-09-26 15:35:52:   epoch 17 batch 1: collate wait 5.3s, fwd+bwd+step 0.5s
14-09-26 15:35:59:   epoch 17 batch 2: collate wait 6.1s, fwd+bwd+step 0.5s
14-09-26 15:36:06:   epoch 17 batch 3: collate wait 6.6s, fwd+bwd+step 0.5s
14-09-26 15:36:13:   epoch 17 batch 4: collate wait 6.1s, fwd+bwd+step 1.1s
14-09-26 15:36:19:   epoch 17 batch 5: collate wait 5.5s, fwd+bwd+step 0.5s
14-09-26 15:36:26:   epoch 17 batch 6: collate wait 6.6s, fwd+bwd+step 0.5s
14-09-26 15:36:32:   epoch 17 batch 7: collate wait 5.6s, fwd+bwd+step 0.5s
14-09-26 15:36:38:   epoch 17 batch 8: collate wait 5.6s, fwd+bwd+step 0.5s
14-09-26 15:36:44:   epoch 17 batch 9: collate wait 5.6s, fwd+bwd+step 0.5s
14-09-26 15:36:49:   epoch 17 batch 10: collate wait 4.6s, fwd+bwd+step 0.5s
14-09-26 15:36:54:   epoch 17 batch 11: collate wait 3.5s, fwd+bwd+step 1.0s
14-09-26 15:36:58:   epoch 17 batch 12: collate wait 3.5s, fwd+bwd+step 0.5s
14-09-26 15:37:02:   epoch 17 batch 13: collate wait 3.3s, fwd+bwd+step 0.4s
14-09-26 15:37:05:   epoch 17 batch 14: collate wait 3.3s, fwd+bwd+step 0.4s
14-09-26 15:37:09:   epoch 17 batch 15: collate wait 3.3s, fwd+bwd+step 0.4s
14-09-26 15:37:09: Trn - Source+Target 17, cls loss: 0.0159, seg loss: 1.1345, coral loss: 0.0074, kendall s_cls: -0.2663, s_seg: 0.1923, s_coral: -0.2836
14-09-26 15:37:38: Val - Source 17, cls acc: 1.0000, cls avg acc: 1.0000, cls loss: 0.0074, seg loss: 1.2024, coral loss: 0.0095, total loss: 0.8291
14-09-26 15:37:38: Val - Source 17, Tomato seg: loss=1.3416, mIoU=0.1733, acc=0.3634
14-09-26 15:37:38: Val - Source 17, Maize seg: loss=1.1517, mIoU=0.3306, acc=0.6902
14-09-26 15:37:47: Eval(no-train) - Target 17, acc: 0.7302, avg acc: 0.7598, cls loss: 0.4850  <- domain gap indicator (DA-D, cls-only, held-out -- never trained on)
14-09-26 15:37:57:   epoch 18 batch 0: collate wait 5.9s, fwd+bwd+step 2.6s
14-09-26 15:38:03:   epoch 18 batch 1: collate wait 5.6s, fwd+bwd+step 0.5s
14-09-26 15:38:10:   epoch 18 batch 2: collate wait 6.3s, fwd+bwd+step 0.5s
14-09-26 15:38:16:   epoch 18 batch 3: collate wait 5.6s, fwd+bwd+step 0.5s
14-09-26 15:38:21:   epoch 18 batch 4: collate wait 5.3s, fwd+bwd+step 0.5s
14-09-26 15:38:27:   epoch 18 batch 5: collate wait 5.4s, fwd+bwd+step 0.5s
14-09-26 15:38:40:   epoch 18 batch 6: collate wait 6.2s, fwd+bwd+step 6.7s
14-09-26 15:38:46:   epoch 18 batch 7: collate wait 5.4s, fwd+bwd+step 0.5s
14-09-26 15:38:51:   epoch 18 batch 8: collate wait 4.9s, fwd+bwd+step 0.5s
14-09-26 15:38:58:   epoch 18 batch 9: collate wait 6.3s, fwd+bwd+step 0.5s
14-09-26 15:39:02:   epoch 18 batch 10: collate wait 3.3s, fwd+bwd+step 0.4s
14-09-26 15:39:05:   epoch 18 batch 11: collate wait 2.9s, fwd+bwd+step 0.5s
14-09-26 15:39:09:   epoch 18 batch 12: collate wait 3.2s, fwd+bwd+step 0.5s
14-09-26 15:39:13:   epoch 18 batch 13: collate wait 3.4s, fwd+bwd+step 0.5s
14-09-26 15:39:16:   epoch 18 batch 14: collate wait 2.9s, fwd+bwd+step 0.4s
14-09-26 15:39:20:   epoch 18 batch 15: collate wait 3.6s, fwd+bwd+step 0.4s
14-09-26 15:39:20: Trn - Source+Target 18, cls loss: 0.0227, seg loss: 1.0645, coral loss: 0.0048, kendall s_cls: -0.2820, s_seg: 0.1997, s_coral: -0.2984
14-09-26 15:39:48: Val - Source 18, cls acc: 0.9778, cls avg acc: 0.9583, cls loss: 0.0427, seg loss: 1.0960, coral loss: 0.0117, total loss: 0.7719
14-09-26 15:39:48: Val - Source 18, Tomato seg: loss=1.4319, mIoU=0.1818, acc=0.3869
14-09-26 15:39:48: Val - Source 18, Maize seg: loss=0.9739, mIoU=0.3566, acc=0.7233
14-09-26 15:39:58: Eval(no-train) - Target 18, acc: 0.8254, avg acc: 0.8255, cls loss: 0.5002  <- domain gap indicator (DA-D, cls-only, held-out -- never trained on)
14-09-26 15:40:06:   epoch 19 batch 0: collate wait 6.5s, fwd+bwd+step 1.1s
14-09-26 15:40:12:   epoch 19 batch 1: collate wait 6.2s, fwd+bwd+step 0.5s
14-09-26 15:40:19:   epoch 19 batch 2: collate wait 6.2s, fwd+bwd+step 0.5s
14-09-26 15:40:26:   epoch 19 batch 3: collate wait 6.4s, fwd+bwd+step 0.5s
14-09-26 15:40:32:   epoch 19 batch 4: collate wait 5.5s, fwd+bwd+step 0.5s
14-09-26 15:40:39:   epoch 19 batch 5: collate wait 6.6s, fwd+bwd+step 0.8s
14-09-26 15:40:46:   epoch 19 batch 6: collate wait 6.3s, fwd+bwd+step 0.5s
14-09-26 15:40:53:   epoch 19 batch 7: collate wait 6.7s, fwd+bwd+step 0.5s
14-09-26 15:41:07:   epoch 19 batch 8: collate wait 7.7s, fwd+bwd+step 6.6s
14-09-26 15:41:24:   epoch 19 batch 9: collate wait 10.5s, fwd+bwd+step 6.7s
14-09-26 15:41:28:   epoch 19 batch 10: collate wait 3.4s, fwd+bwd+step 0.4s
14-09-26 15:41:32:   epoch 19 batch 11: collate wait 3.6s, fwd+bwd+step 0.5s
14-09-26 15:41:37:   epoch 19 batch 12: collate wait 4.2s, fwd+bwd+step 0.5s
14-09-26 15:41:42:   epoch 19 batch 13: collate wait 4.0s, fwd+bwd+step 0.5s
14-09-26 15:41:46:   epoch 19 batch 14: collate wait 4.0s, fwd+bwd+step 0.5s
14-09-26 15:41:50:   epoch 19 batch 15: collate wait 3.1s, fwd+bwd+step 0.5s
14-09-26 15:41:50: Trn - Source+Target 19, cls loss: 0.0289, seg loss: 1.0769, coral loss: 0.0050, kendall s_cls: -0.2975, s_seg: 0.2069, s_coral: -0.3131
14-09-26 15:42:16: Val - Source 19, cls acc: 1.0000, cls avg acc: 1.0000, cls loss: 0.0024, seg loss: 1.1287, coral loss: 0.0040, total loss: 0.7219
14-09-26 15:42:16: Val - Source 19, Tomato seg: loss=1.2719, mIoU=0.2098, acc=0.4406
14-09-26 15:42:16: Val - Source 19, Maize seg: loss=1.0767, mIoU=0.3248, acc=0.6530
14-09-26 15:42:26: Eval(no-train) - Target 19, acc: 0.8571, avg acc: 0.8505, cls loss: 0.3516  <- domain gap indicator (DA-D, cls-only, held-out -- never trained on)
14-09-26 15:42:33:   epoch 20 batch 0: collate wait 5.8s, fwd+bwd+step 0.5s
14-09-26 15:42:39:   epoch 20 batch 1: collate wait 6.1s, fwd+bwd+step 0.5s
14-09-26 15:42:46:   epoch 20 batch 2: collate wait 6.1s, fwd+bwd+step 0.6s
14-09-26 15:42:53:   epoch 20 batch 3: collate wait 6.6s, fwd+bwd+step 0.5s
14-09-26 15:42:59:   epoch 20 batch 4: collate wait 5.7s, fwd+bwd+step 0.5s
14-09-26 15:43:06:   epoch 20 batch 5: collate wait 6.6s, fwd+bwd+step 0.5s
14-09-26 15:43:13:   epoch 20 batch 6: collate wait 6.1s, fwd+bwd+step 0.5s
14-09-26 15:43:19:   epoch 20 batch 7: collate wait 5.7s, fwd+bwd+step 0.5s
14-09-26 15:43:26:   epoch 20 batch 8: collate wait 6.3s, fwd+bwd+step 0.5s
14-09-26 15:43:33:   epoch 20 batch 9: collate wait 5.9s, fwd+bwd+step 1.2s
14-09-26 15:43:37:   epoch 20 batch 10: collate wait 3.0s, fwd+bwd+step 0.4s
14-09-26 15:43:40:   epoch 20 batch 11: collate wait 3.2s, fwd+bwd+step 0.5s
14-09-26 15:43:44:   epoch 20 batch 12: collate wait 3.5s, fwd+bwd+step 0.5s
14-09-26 15:43:48:   epoch 20 batch 13: collate wait 3.6s, fwd+bwd+step 0.5s
14-09-26 15:43:52:   epoch 20 batch 14: collate wait 2.9s, fwd+bwd+step 0.4s
14-09-26 15:43:55:   epoch 20 batch 15: collate wait 2.8s, fwd+bwd+step 0.5s
14-09-26 15:43:55: Trn - Source+Target 20, cls loss: 0.0584, seg loss: 1.1111, coral loss: 0.0044, kendall s_cls: -0.3122, s_seg: 0.2142, s_coral: -0.3276
14-09-26 15:44:21: Val - Source 20, cls acc: 0.9556, cls avg acc: 0.9167, cls loss: 0.1318, seg loss: 1.2274, coral loss: 0.0176, total loss: 0.9703
14-09-26 15:44:21: Val - Source 20, Tomato seg: loss=1.3946, mIoU=0.1755, acc=0.3621
14-09-26 15:44:21: Val - Source 20, Maize seg: loss=1.1667, mIoU=0.3426, acc=0.7690
14-09-26 15:44:30: Eval(no-train) - Target 20, acc: 0.8730, avg acc: 0.8538, cls loss: 0.3994  <- domain gap indicator (DA-D, cls-only, held-out -- never trained on)
14-09-26 15:44:35:   epoch 21 batch 0: collate wait 5.4s, fwd+bwd+step 0.5s
14-09-26 15:44:41:   epoch 21 batch 1: collate wait 5.5s, fwd+bwd+step 0.5s
14-09-26 15:44:48:   epoch 21 batch 2: collate wait 6.3s, fwd+bwd+step 0.5s
14-09-26 15:44:54:   epoch 21 batch 3: collate wait 5.3s, fwd+bwd+step 0.5s
14-09-26 15:45:00:   epoch 21 batch 4: collate wait 5.7s, fwd+bwd+step 0.5s
14-09-26 15:45:07:   epoch 21 batch 5: collate wait 5.9s, fwd+bwd+step 0.5s
14-09-26 15:45:12:   epoch 21 batch 6: collate wait 5.3s, fwd+bwd+step 0.5s
14-09-26 15:45:19:   epoch 21 batch 7: collate wait 6.1s, fwd+bwd+step 0.5s
14-09-26 15:45:25:   epoch 21 batch 8: collate wait 5.7s, fwd+bwd+step 0.5s
14-09-26 15:45:31:   epoch 21 batch 9: collate wait 5.8s, fwd+bwd+step 0.5s
14-09-26 15:45:35:   epoch 21 batch 10: collate wait 3.2s, fwd+bwd+step 0.5s
14-09-26 15:45:38:   epoch 21 batch 11: collate wait 2.9s, fwd+bwd+step 0.4s
14-09-26 15:45:42:   epoch 21 batch 12: collate wait 2.7s, fwd+bwd+step 0.5s
14-09-26 15:45:46:   epoch 21 batch 13: collate wait 3.7s, fwd+bwd+step 0.4s
14-09-26 15:45:49:   epoch 21 batch 14: collate wait 3.2s, fwd+bwd+step 0.5s
14-09-26 15:45:53:   epoch 21 batch 15: collate wait 3.6s, fwd+bwd+step 0.5s
14-09-26 15:45:53: Trn - Source+Target 21, cls loss: 0.0601, seg loss: 1.1308, coral loss: 0.0054, kendall s_cls: -0.3254, s_seg: 0.2218, s_coral: -0.3420
14-09-26 15:46:18: Val - Source 21, cls acc: 1.0000, cls avg acc: 1.0000, cls loss: 0.0072, seg loss: 1.0694, coral loss: 0.0086, total loss: 0.6499
14-09-26 15:46:18: Val - Source 21, Tomato seg: loss=1.4668, mIoU=0.1639, acc=0.3480
14-09-26 15:46:18: Val - Source 21, Maize seg: loss=0.9249, mIoU=0.3660, acc=0.7442
14-09-26 15:46:28: Eval(no-train) - Target 21, acc: 0.9206, avg acc: 0.8913, cls loss: 0.3832  <- domain gap indicator (DA-D, cls-only, held-out -- never trained on)
14-09-26 15:46:34:   epoch 22 batch 0: collate wait 5.8s, fwd+bwd+step 0.6s
14-09-26 15:46:40:   epoch 22 batch 1: collate wait 5.9s, fwd+bwd+step 0.5s
14-09-26 15:46:46:   epoch 22 batch 2: collate wait 5.3s, fwd+bwd+step 0.5s
14-09-26 15:46:52:   epoch 22 batch 3: collate wait 5.4s, fwd+bwd+step 0.5s
14-09-26 15:46:59:   epoch 22 batch 4: collate wait 6.2s, fwd+bwd+step 0.5s
14-09-26 15:47:05:   epoch 22 batch 5: collate wait 6.2s, fwd+bwd+step 0.5s
14-09-26 15:47:12:   epoch 22 batch 6: collate wait 6.0s, fwd+bwd+step 0.5s
14-09-26 15:48:43:   epoch 22 batch 7: collate wait 68.8s, fwd+bwd+step 21.8s
14-09-26 15:49:14:   epoch 22 batch 8: collate wait 11.0s, fwd+bwd+step 19.9s
14-09-26 15:49:45:   epoch 22 batch 9: collate wait 12.5s, fwd+bwd+step 19.1s
14-09-26 15:50:15:   epoch 22 batch 10: collate wait 8.2s, fwd+bwd+step 21.2s
14-09-26 15:50:35:   epoch 22 batch 11: collate wait 7.8s, fwd+bwd+step 12.9s
14-09-26 15:51:12:   epoch 22 batch 12: collate wait 7.1s, fwd+bwd+step 29.4s
14-09-26 15:51:48:   epoch 22 batch 13: collate wait 8.1s, fwd+bwd+step 28.7s
14-09-26 15:54:25:   epoch 22 batch 14: collate wait 8.6s, fwd+bwd+step 147.6s
14-09-26 15:54:31:   epoch 22 batch 15: collate wait 5.3s, fwd+bwd+step 0.5s
14-09-26 15:54:31: Trn - Source+Target 22, cls loss: 0.0291, seg loss: 1.0957, coral loss: 0.0049, kendall s_cls: -0.3395, s_seg: 0.2290, s_coral: -0.3563
14-09-26 15:54:58: Val - Source 22, cls acc: 1.0000, cls avg acc: 1.0000, cls loss: 0.0021, seg loss: 1.1023, coral loss: 0.0087, total loss: 0.6524
14-09-26 15:54:58: Val - Source 22, Tomato seg: loss=1.3603, mIoU=0.2151, acc=0.4502
14-09-26 15:54:58: Val - Source 22, Maize seg: loss=1.0084, mIoU=0.3641, acc=0.7884
14-09-26 15:55:08: Eval(no-train) - Target 22, acc: 0.8571, avg acc: 0.8505, cls loss: 0.4044  <- domain gap indicator (DA-D, cls-only, held-out -- never trained on)
14-09-26 15:55:15:   epoch 23 batch 0: collate wait 6.0s, fwd+bwd+step 0.5s
14-09-26 15:55:21:   epoch 23 batch 1: collate wait 5.7s, fwd+bwd+step 0.5s
14-09-26 15:55:28:   epoch 23 batch 2: collate wait 6.3s, fwd+bwd+step 0.5s
14-09-26 15:55:35:   epoch 23 batch 3: collate wait 6.2s, fwd+bwd+step 0.5s
14-09-26 15:55:41:   epoch 23 batch 4: collate wait 6.1s, fwd+bwd+step 0.5s
14-09-26 15:55:48:   epoch 23 batch 5: collate wait 6.3s, fwd+bwd+step 0.5s
14-09-26 15:55:54:   epoch 23 batch 6: collate wait 5.4s, fwd+bwd+step 0.5s
14-09-26 15:56:00:   epoch 23 batch 7: collate wait 5.6s, fwd+bwd+step 0.5s
14-09-26 15:56:06:   epoch 23 batch 8: collate wait 6.0s, fwd+bwd+step 0.5s
14-09-26 15:56:13:   epoch 23 batch 9: collate wait 6.1s, fwd+bwd+step 0.6s
14-09-26 15:56:16:   epoch 23 batch 10: collate wait 3.1s, fwd+bwd+step 0.4s
14-09-26 15:56:20:   epoch 23 batch 11: collate wait 3.3s, fwd+bwd+step 0.4s
14-09-26 15:56:24:   epoch 23 batch 12: collate wait 3.4s, fwd+bwd+step 0.4s
14-09-26 15:56:27:   epoch 23 batch 13: collate wait 2.5s, fwd+bwd+step 0.5s
14-09-26 15:56:30:   epoch 23 batch 14: collate wait 3.0s, fwd+bwd+step 0.5s
14-09-26 15:56:34:   epoch 23 batch 15: collate wait 3.2s, fwd+bwd+step 0.4s
14-09-26 15:56:34: Trn - Source+Target 23, cls loss: 0.0278, seg loss: 1.1059, coral loss: 0.0047, kendall s_cls: -0.3539, s_seg: 0.2365, s_coral: -0.3703
14-09-26 15:56:58: Val - Source 23, cls acc: 0.9333, cls avg acc: 0.8750, cls loss: 0.1476, seg loss: 1.3166, coral loss: 0.0127, total loss: 1.0149
14-09-26 15:56:58: Val - Source 23, Tomato seg: loss=1.3157, mIoU=0.1986, acc=0.4129
14-09-26 15:56:58: Val - Source 23, Maize seg: loss=1.3169, mIoU=0.3160, acc=0.6610
14-09-26 15:57:07: Eval(no-train) - Target 23, acc: 0.8095, avg acc: 0.8038, cls loss: 0.5643  <- domain gap indicator (DA-D, cls-only, held-out -- never trained on)
14-09-26 15:57:12:   epoch 24 batch 0: collate wait 4.5s, fwd+bwd+step 0.5s
14-09-26 15:57:18:   epoch 24 batch 1: collate wait 5.6s, fwd+bwd+step 0.5s
14-09-26 15:57:24:   epoch 24 batch 2: collate wait 5.6s, fwd+bwd+step 0.5s
14-09-26 15:57:31:   epoch 24 batch 3: collate wait 6.3s, fwd+bwd+step 0.5s
14-09-26 15:57:36:   epoch 24 batch 4: collate wait 5.0s, fwd+bwd+step 0.5s
14-09-26 15:57:43:   epoch 24 batch 5: collate wait 5.8s, fwd+bwd+step 0.5s
14-09-26 15:57:48:   epoch 24 batch 6: collate wait 5.1s, fwd+bwd+step 0.5s
14-09-26 15:57:55:   epoch 24 batch 7: collate wait 5.8s, fwd+bwd+step 0.5s
14-09-26 15:58:00:   epoch 24 batch 8: collate wait 5.3s, fwd+bwd+step 0.5s
14-09-26 15:58:06:   epoch 24 batch 9: collate wait 5.5s, fwd+bwd+step 0.5s
14-09-26 15:58:10:   epoch 24 batch 10: collate wait 2.8s, fwd+bwd+step 0.5s
14-09-26 15:58:13:   epoch 24 batch 11: collate wait 2.7s, fwd+bwd+step 0.5s
14-09-26 15:58:17:   epoch 24 batch 12: collate wait 3.3s, fwd+bwd+step 0.5s
14-09-26 15:58:20:   epoch 24 batch 13: collate wait 3.3s, fwd+bwd+step 0.4s
14-09-26 15:58:24:   epoch 24 batch 14: collate wait 3.4s, fwd+bwd+step 0.4s
14-09-26 15:58:27:   epoch 24 batch 15: collate wait 2.7s, fwd+bwd+step 0.4s
14-09-26 15:58:27: Trn - Source+Target 24, cls loss: 0.0629, seg loss: 1.0817, coral loss: 0.0048, kendall s_cls: -0.3669, s_seg: 0.2435, s_coral: -0.3842
14-09-26 15:58:52: Val - Source 24, cls acc: 1.0000, cls avg acc: 1.0000, cls loss: 0.0026, seg loss: 1.1008, coral loss: 0.0105, total loss: 0.6205
14-09-26 15:58:52: Val - Source 24, Tomato seg: loss=1.2033, mIoU=0.2319, acc=0.4896
14-09-26 15:58:52: Val - Source 24, Maize seg: loss=1.0635, mIoU=0.3511, acc=0.7726
14-09-26 15:59:01: Eval(no-train) - Target 24, acc: 0.8730, avg acc: 0.8538, cls loss: 0.5690  <- domain gap indicator (DA-D, cls-only, held-out -- never trained on)
14-09-26 15:59:08:   epoch 25 batch 0: collate wait 6.1s, fwd+bwd+step 0.5s
14-09-26 15:59:14:   epoch 25 batch 1: collate wait 5.5s, fwd+bwd+step 0.5s
14-09-26 15:59:21:   epoch 25 batch 2: collate wait 6.1s, fwd+bwd+step 0.5s
14-09-26 15:59:27:   epoch 25 batch 3: collate wait 6.0s, fwd+bwd+step 0.5s
14-09-26 15:59:33:   epoch 25 batch 4: collate wait 5.2s, fwd+bwd+step 0.5s
14-09-26 15:59:39:   epoch 25 batch 5: collate wait 6.1s, fwd+bwd+step 0.5s
14-09-26 15:59:44:   epoch 25 batch 6: collate wait 4.5s, fwd+bwd+step 0.5s
14-09-26 16:00:00:   epoch 25 batch 7: collate wait 7.1s, fwd+bwd+step 8.4s
14-09-26 16:00:05:   epoch 25 batch 8: collate wait 4.5s, fwd+bwd+step 0.5s
14-09-26 16:00:11:   epoch 25 batch 9: collate wait 5.2s, fwd+bwd+step 0.5s
14-09-26 16:00:14:   epoch 25 batch 10: collate wait 3.0s, fwd+bwd+step 0.5s
14-09-26 16:00:18:   epoch 25 batch 11: collate wait 3.1s, fwd+bwd+step 0.4s
14-09-26 16:00:21:   epoch 25 batch 12: collate wait 2.6s, fwd+bwd+step 0.4s
14-09-26 16:00:24:   epoch 25 batch 13: collate wait 3.2s, fwd+bwd+step 0.5s
14-09-26 16:00:28:   epoch 25 batch 14: collate wait 3.3s, fwd+bwd+step 0.4s
14-09-26 16:00:31:   epoch 25 batch 15: collate wait 2.8s, fwd+bwd+step 0.4s
14-09-26 16:00:31: Trn - Source+Target 25, cls loss: 0.1447, seg loss: 1.0448, coral loss: 0.0044, kendall s_cls: -0.3786, s_seg: 0.2501, s_coral: -0.3979
14-09-26 16:00:58: Val - Source 25, cls acc: 1.0000, cls avg acc: 1.0000, cls loss: 0.0186, seg loss: 1.0301, coral loss: 0.0203, total loss: 0.5812
14-09-26 16:00:58: Val - Source 25, Tomato seg: loss=1.3528, mIoU=0.2046, acc=0.4166
14-09-26 16:00:58: Val - Source 25, Maize seg: loss=0.9128, mIoU=0.3921, acc=0.8202
14-09-26 16:01:07: Eval(no-train) - Target 25, acc: 0.7937, avg acc: 0.7636, cls loss: 0.8964  <- domain gap indicator (DA-D, cls-only, held-out -- never trained on)
14-09-26 16:01:13:   epoch 26 batch 0: collate wait 5.5s, fwd+bwd+step 0.5s
14-09-26 16:01:19:   epoch 26 batch 1: collate wait 5.8s, fwd+bwd+step 0.5s
14-09-26 16:01:25:   epoch 26 batch 2: collate wait 5.3s, fwd+bwd+step 0.5s
14-09-26 16:01:30:   epoch 26 batch 3: collate wait 5.1s, fwd+bwd+step 0.5s
14-09-26 16:01:37:   epoch 26 batch 4: collate wait 6.3s, fwd+bwd+step 0.5s
14-09-26 16:01:44:   epoch 26 batch 5: collate wait 5.8s, fwd+bwd+step 0.5s
14-09-26 16:01:50:   epoch 26 batch 6: collate wait 5.6s, fwd+bwd+step 0.5s
14-09-26 16:01:55:   epoch 26 batch 7: collate wait 5.3s, fwd+bwd+step 0.5s
14-09-26 16:02:02:   epoch 26 batch 8: collate wait 5.8s, fwd+bwd+step 0.5s
14-09-26 16:02:08:   epoch 26 batch 9: collate wait 5.9s, fwd+bwd+step 0.5s
14-09-26 16:02:11:   epoch 26 batch 10: collate wait 3.1s, fwd+bwd+step 0.4s
14-09-26 16:02:16:   epoch 26 batch 11: collate wait 3.7s, fwd+bwd+step 0.4s
14-09-26 16:02:19:   epoch 26 batch 12: collate wait 3.2s, fwd+bwd+step 0.5s
14-09-26 16:02:22:   epoch 26 batch 13: collate wait 2.5s, fwd+bwd+step 0.4s
14-09-26 16:02:26:   epoch 26 batch 14: collate wait 3.4s, fwd+bwd+step 0.4s
14-09-26 16:02:30:   epoch 26 batch 15: collate wait 3.2s, fwd+bwd+step 0.4s
14-09-26 16:02:30: Trn - Source+Target 26, cls loss: 0.0340, seg loss: 1.0661, coral loss: 0.0039, kendall s_cls: -0.3893, s_seg: 0.2564, s_coral: -0.4115
14-09-26 16:02:54: Val - Source 26, cls acc: 0.9333, cls avg acc: 0.8750, cls loss: 0.1105, seg loss: 1.1429, coral loss: 0.0086, total loss: 0.7819
14-09-26 16:02:54: Val - Source 26, Tomato seg: loss=1.3588, mIoU=0.1734, acc=0.3554
14-09-26 16:02:54: Val - Source 26, Maize seg: loss=1.0644, mIoU=0.3558, acc=0.7475
14-09-26 16:03:03: Eval(no-train) - Target 26, acc: 0.4762, avg acc: 0.5783, cls loss: 1.0390  <- domain gap indicator (DA-D, cls-only, held-out -- never trained on)
14-09-26 16:03:09:   epoch 27 batch 0: collate wait 5.7s, fwd+bwd+step 0.5s
14-09-26 16:03:16:   epoch 27 batch 1: collate wait 6.4s, fwd+bwd+step 0.5s
14-09-26 16:03:22:   epoch 27 batch 2: collate wait 5.7s, fwd+bwd+step 0.5s
14-09-26 16:03:29:   epoch 27 batch 3: collate wait 6.8s, fwd+bwd+step 0.5s
14-09-26 16:03:36:   epoch 27 batch 4: collate wait 5.8s, fwd+bwd+step 0.5s
14-09-26 16:03:44:   epoch 27 batch 5: collate wait 5.9s, fwd+bwd+step 2.5s
14-09-26 16:03:50:   epoch 27 batch 6: collate wait 5.4s, fwd+bwd+step 0.5s
14-09-26 16:03:56:   epoch 27 batch 7: collate wait 5.6s, fwd+bwd+step 0.5s
14-09-26 16:04:02:   epoch 27 batch 8: collate wait 4.9s, fwd+bwd+step 0.5s
14-09-26 16:04:07:   epoch 27 batch 9: collate wait 5.2s, fwd+bwd+step 0.5s
14-09-26 16:04:11:   epoch 27 batch 10: collate wait 3.1s, fwd+bwd+step 0.5s
14-09-26 16:04:14:   epoch 27 batch 11: collate wait 2.8s, fwd+bwd+step 0.4s
14-09-26 16:04:18:   epoch 27 batch 12: collate wait 3.1s, fwd+bwd+step 0.4s
14-09-26 16:04:21:   epoch 27 batch 13: collate wait 2.7s, fwd+bwd+step 0.5s
14-09-26 16:04:24:   epoch 27 batch 14: collate wait 3.3s, fwd+bwd+step 0.5s
14-09-26 16:04:28:   epoch 27 batch 15: collate wait 3.2s, fwd+bwd+step 0.5s
14-09-26 16:04:28: Trn - Source+Target 27, cls loss: 0.0243, seg loss: 1.0637, coral loss: 0.0049, kendall s_cls: -0.4017, s_seg: 0.2628, s_coral: -0.4248
14-09-26 16:04:53: Val - Source 27, cls acc: 1.0000, cls avg acc: 1.0000, cls loss: 0.0309, seg loss: 1.0751, coral loss: 0.0064, total loss: 0.5958
14-09-26 16:04:53: Val - Source 27, Tomato seg: loss=1.2749, mIoU=0.2127, acc=0.4383
14-09-26 16:04:53: Val - Source 27, Maize seg: loss=1.0025, mIoU=0.3619, acc=0.7606
14-09-26 16:05:02: Eval(no-train) - Target 27, acc: 0.6508, avg acc: 0.7158, cls loss: 0.7041  <- domain gap indicator (DA-D, cls-only, held-out -- never trained on)
14-09-26 16:05:09:   epoch 28 batch 0: collate wait 5.8s, fwd+bwd+step 0.5s
14-09-26 16:05:15:   epoch 28 batch 1: collate wait 5.6s, fwd+bwd+step 0.5s
14-09-26 16:05:20:   epoch 28 batch 2: collate wait 5.0s, fwd+bwd+step 0.5s
14-09-26 16:05:26:   epoch 28 batch 3: collate wait 5.4s, fwd+bwd+step 0.5s
14-09-26 16:05:33:   epoch 28 batch 4: collate wait 6.1s, fwd+bwd+step 0.5s
14-09-26 16:05:39:   epoch 28 batch 5: collate wait 6.1s, fwd+bwd+step 0.5s
14-09-26 16:05:45:   epoch 28 batch 6: collate wait 5.3s, fwd+bwd+step 0.5s
14-09-26 16:05:51:   epoch 28 batch 7: collate wait 6.0s, fwd+bwd+step 0.5s
14-09-26 16:05:58:   epoch 28 batch 8: collate wait 5.9s, fwd+bwd+step 0.5s
14-09-26 16:06:05:   epoch 28 batch 9: collate wait 6.3s, fwd+bwd+step 0.6s
14-09-26 16:06:08:   epoch 28 batch 10: collate wait 3.0s, fwd+bwd+step 0.4s
14-09-26 16:06:12:   epoch 28 batch 11: collate wait 2.9s, fwd+bwd+step 0.4s
14-09-26 16:06:22:   epoch 28 batch 12: collate wait 3.2s, fwd+bwd+step 7.4s
14-09-26 16:06:26:   epoch 28 batch 13: collate wait 3.3s, fwd+bwd+step 0.6s
14-09-26 16:06:30:   epoch 28 batch 14: collate wait 3.7s, fwd+bwd+step 0.5s
14-09-26 16:06:33:   epoch 28 batch 15: collate wait 2.6s, fwd+bwd+step 0.4s
14-09-26 16:06:33: Trn - Source+Target 28, cls loss: 0.0321, seg loss: 1.0449, coral loss: 0.0047, kendall s_cls: -0.4144, s_seg: 0.2688, s_coral: -0.4380
14-09-26 16:07:03: Val - Source 28, cls acc: 1.0000, cls avg acc: 1.0000, cls loss: 0.0046, seg loss: 1.1173, coral loss: 0.0070, total loss: 0.5746
14-09-26 16:07:03: Val - Source 28, Tomato seg: loss=1.3222, mIoU=0.2387, acc=0.5103
14-09-26 16:07:03: Val - Source 28, Maize seg: loss=1.0428, mIoU=0.3779, acc=0.8251
14-09-26 16:07:13: Eval(no-train) - Target 28, acc: 0.9206, avg acc: 0.9005, cls loss: 0.2095  <- domain gap indicator (DA-D, cls-only, held-out -- never trained on)
14-09-26 16:07:24:   epoch 29 batch 0: collate wait 5.3s, fwd+bwd+step 5.0s
14-09-26 16:07:30:   epoch 29 batch 1: collate wait 5.7s, fwd+bwd+step 0.5s
14-09-26 16:07:36:   epoch 29 batch 2: collate wait 5.7s, fwd+bwd+step 0.5s
14-09-26 16:07:42:   epoch 29 batch 3: collate wait 5.3s, fwd+bwd+step 0.5s
14-09-26 16:07:48:   epoch 29 batch 4: collate wait 4.8s, fwd+bwd+step 0.5s
14-09-26 16:07:54:   epoch 29 batch 5: collate wait 6.4s, fwd+bwd+step 0.5s
14-09-26 16:08:13:   epoch 29 batch 6: collate wait 7.3s, fwd+bwd+step 11.3s
14-09-26 16:08:20:   epoch 29 batch 7: collate wait 6.8s, fwd+bwd+step 0.6s
14-09-26 16:08:27:   epoch 29 batch 8: collate wait 5.9s, fwd+bwd+step 0.5s
14-09-26 16:08:33:   epoch 29 batch 9: collate wait 5.7s, fwd+bwd+step 0.7s
14-09-26 16:08:37:   epoch 29 batch 10: collate wait 3.6s, fwd+bwd+step 0.4s
14-09-26 16:08:41:   epoch 29 batch 11: collate wait 3.0s, fwd+bwd+step 0.5s
14-09-26 16:08:44:   epoch 29 batch 12: collate wait 3.3s, fwd+bwd+step 0.4s
14-09-26 16:08:49:   epoch 29 batch 13: collate wait 3.8s, fwd+bwd+step 0.4s
14-09-26 16:08:54:   epoch 29 batch 14: collate wait 4.4s, fwd+bwd+step 0.8s
14-09-26 16:08:58:   epoch 29 batch 15: collate wait 3.5s, fwd+bwd+step 0.4s
14-09-26 16:08:58: Trn - Source+Target 29, cls loss: 0.0629, seg loss: 1.0284, coral loss: 0.0046, kendall s_cls: -0.4262, s_seg: 0.2747, s_coral: -0.4509
14-09-26 16:09:23: Val - Source 29, cls acc: 1.0000, cls avg acc: 1.0000, cls loss: 0.0116, seg loss: 1.0571, coral loss: 0.0099, total loss: 0.5276
14-09-26 16:09:23: Val - Source 29, Tomato seg: loss=1.3509, mIoU=0.1788, acc=0.3776
14-09-26 16:09:23: Val - Source 29, Maize seg: loss=0.9503, mIoU=0.3634, acc=0.7796
14-09-26 16:09:32: Eval(no-train) - Target 29, acc: 0.8571, avg acc: 0.8875, cls loss: 0.3330  <- domain gap indicator (DA-D, cls-only, held-out -- never trained on)
14-09-26 16:09:39:   epoch 30 batch 0: collate wait 5.4s, fwd+bwd+step 0.5s
14-09-26 16:09:45:   epoch 30 batch 1: collate wait 6.5s, fwd+bwd+step 0.5s
14-09-26 16:09:52:   epoch 30 batch 2: collate wait 5.8s, fwd+bwd+step 0.7s
14-09-26 16:09:58:   epoch 30 batch 3: collate wait 5.4s, fwd+bwd+step 0.5s
14-09-26 16:10:04:   epoch 30 batch 4: collate wait 5.9s, fwd+bwd+step 0.5s
14-09-26 16:10:09:   epoch 30 batch 5: collate wait 4.6s, fwd+bwd+step 0.5s
14-09-26 16:10:16:   epoch 30 batch 6: collate wait 6.1s, fwd+bwd+step 0.5s
14-09-26 16:10:22:   epoch 30 batch 7: collate wait 5.7s, fwd+bwd+step 0.6s
14-09-26 16:10:28:   epoch 30 batch 8: collate wait 5.3s, fwd+bwd+step 0.5s
14-09-26 16:10:34:   epoch 30 batch 9: collate wait 5.4s, fwd+bwd+step 0.5s
14-09-26 16:10:37:   epoch 30 batch 10: collate wait 3.1s, fwd+bwd+step 0.5s
14-09-26 16:10:41:   epoch 30 batch 11: collate wait 3.2s, fwd+bwd+step 0.4s
14-09-26 16:10:44:   epoch 30 batch 12: collate wait 2.8s, fwd+bwd+step 0.5s
14-09-26 16:10:48:   epoch 30 batch 13: collate wait 3.1s, fwd+bwd+step 0.5s
14-09-26 16:10:52:   epoch 30 batch 14: collate wait 3.4s, fwd+bwd+step 0.4s
14-09-26 16:10:55:   epoch 30 batch 15: collate wait 2.9s, fwd+bwd+step 0.4s
14-09-26 16:10:55: Trn - Source+Target 30, cls loss: 0.0290, seg loss: 1.0344, coral loss: 0.0048, kendall s_cls: -0.4380, s_seg: 0.2803, s_coral: -0.4636
14-09-26 16:11:20: Val - Source 30, cls acc: 0.9778, cls avg acc: 0.9583, cls loss: 0.0314, seg loss: 1.1267, coral loss: 0.0072, total loss: 0.5950
14-09-26 16:11:20: Val - Source 30, Tomato seg: loss=1.3768, mIoU=0.1776, acc=0.3622
14-09-26 16:11:20: Val - Source 30, Maize seg: loss=1.0357, mIoU=0.3629, acc=0.7791
14-09-26 16:11:29: Eval(no-train) - Target 30, acc: 0.7619, avg acc: 0.8125, cls loss: 0.4290  <- domain gap indicator (DA-D, cls-only, held-out -- never trained on)
14-09-26 16:11:35:   epoch 31 batch 0: collate wait 5.6s, fwd+bwd+step 0.5s
14-09-26 16:11:41:   epoch 31 batch 1: collate wait 5.5s, fwd+bwd+step 0.5s
14-09-26 16:11:47:   epoch 31 batch 2: collate wait 5.0s, fwd+bwd+step 0.9s
14-09-26 16:11:55:   epoch 31 batch 3: collate wait 6.4s, fwd+bwd+step 1.0s
14-09-26 16:12:01:   epoch 31 batch 4: collate wait 6.0s, fwd+bwd+step 0.5s
14-09-26 16:12:07:   epoch 31 batch 5: collate wait 5.2s, fwd+bwd+step 0.5s
14-09-26 16:12:13:   epoch 31 batch 6: collate wait 5.5s, fwd+bwd+step 0.5s
14-09-26 16:12:19:   epoch 31 batch 7: collate wait 5.9s, fwd+bwd+step 0.6s
14-09-26 16:12:25:   epoch 31 batch 8: collate wait 4.8s, fwd+bwd+step 0.5s
14-09-26 16:12:31:   epoch 31 batch 9: collate wait 6.1s, fwd+bwd+step 0.5s
14-09-26 16:12:35:   epoch 31 batch 10: collate wait 3.6s, fwd+bwd+step 0.5s
14-09-26 16:12:39:   epoch 31 batch 11: collate wait 2.9s, fwd+bwd+step 0.4s
14-09-26 16:12:43:   epoch 31 batch 12: collate wait 3.8s, fwd+bwd+step 0.4s
14-09-26 16:12:46:   epoch 31 batch 13: collate wait 2.7s, fwd+bwd+step 0.5s
14-09-26 16:12:50:   epoch 31 batch 14: collate wait 3.5s, fwd+bwd+step 0.5s
14-09-26 16:12:54:   epoch 31 batch 15: collate wait 3.5s, fwd+bwd+step 0.5s
14-09-26 16:12:54: Trn - Source+Target 31, cls loss: 0.1456, seg loss: 1.0484, coral loss: 0.0046, kendall s_cls: -0.4470, s_seg: 0.2861, s_coral: -0.4762
14-09-26 16:13:18: Val - Source 31, cls acc: 0.8889, cls avg acc: 0.7917, cls loss: 0.5384, seg loss: 1.1592, coral loss: 0.0098, total loss: 1.4020
14-09-26 16:13:18: Val - Source 31, Tomato seg: loss=1.5852, mIoU=0.1500, acc=0.3080
14-09-26 16:13:18: Val - Source 31, Maize seg: loss=1.0042, mIoU=0.3701, acc=0.7952
14-09-26 16:13:27: Eval(no-train) - Target 31, acc: 0.8413, avg acc: 0.8288, cls loss: 0.4768  <- domain gap indicator (DA-D, cls-only, held-out -- never trained on)
14-09-26 16:13:33:   epoch 32 batch 0: collate wait 4.9s, fwd+bwd+step 0.5s
14-09-26 16:13:38:   epoch 32 batch 1: collate wait 5.3s, fwd+bwd+step 0.5s
14-09-26 16:13:44:   epoch 32 batch 2: collate wait 5.0s, fwd+bwd+step 0.5s
14-09-26 16:13:51:   epoch 32 batch 3: collate wait 6.1s, fwd+bwd+step 0.7s
14-09-26 16:13:57:   epoch 32 batch 4: collate wait 5.7s, fwd+bwd+step 0.5s
14-09-26 16:14:02:   epoch 32 batch 5: collate wait 5.0s, fwd+bwd+step 0.5s
14-09-26 16:14:09:   epoch 32 batch 6: collate wait 5.9s, fwd+bwd+step 0.5s
14-09-26 16:14:15:   epoch 32 batch 7: collate wait 5.7s, fwd+bwd+step 0.5s
14-09-26 16:14:21:   epoch 32 batch 8: collate wait 5.5s, fwd+bwd+step 0.6s
14-09-26 16:14:27:   epoch 32 batch 9: collate wait 5.0s, fwd+bwd+step 0.5s
14-09-26 16:14:30:   epoch 32 batch 10: collate wait 2.9s, fwd+bwd+step 0.4s
14-09-26 16:14:34:   epoch 32 batch 11: collate wait 3.3s, fwd+bwd+step 0.4s
14-09-26 16:14:37:   epoch 32 batch 12: collate wait 2.8s, fwd+bwd+step 0.4s
14-09-26 16:14:40:   epoch 32 batch 13: collate wait 2.8s, fwd+bwd+step 0.5s
14-09-26 16:14:45:   epoch 32 batch 14: collate wait 3.8s, fwd+bwd+step 0.4s
14-09-26 16:14:52:   epoch 32 batch 15: collate wait 2.9s, fwd+bwd+step 4.8s
14-09-26 16:14:52: Trn - Source+Target 32, cls loss: 0.0446, seg loss: 1.0272, coral loss: 0.0044, kendall s_cls: -0.4567, s_seg: 0.2915, s_coral: -0.4885
14-09-26 16:15:19: Val - Source 32, cls acc: 0.9556, cls avg acc: 0.9167, cls loss: 0.0511, seg loss: 1.1072, coral loss: 0.0107, total loss: 0.5899
14-09-26 16:15:19: Val - Source 32, Tomato seg: loss=1.6217, mIoU=0.1510, acc=0.3138
14-09-26 16:15:19: Val - Source 32, Maize seg: loss=0.9202, mIoU=0.3903, acc=0.8121
14-09-26 16:15:27: Eval(no-train) - Target 32, acc: 0.9048, avg acc: 0.8880, cls loss: 0.2933  <- domain gap indicator (DA-D, cls-only, held-out -- never trained on)
14-09-26 16:15:39:   epoch 33 batch 0: collate wait 7.1s, fwd+bwd+step 4.8s
14-09-26 16:15:46:   epoch 33 batch 1: collate wait 6.2s, fwd+bwd+step 0.5s
14-09-26 16:15:52:   epoch 33 batch 2: collate wait 5.8s, fwd+bwd+step 0.5s
14-09-26 16:15:58:   epoch 33 batch 3: collate wait 5.7s, fwd+bwd+step 0.5s
14-09-26 16:16:05:   epoch 33 batch 4: collate wait 6.3s, fwd+bwd+step 0.5s
14-09-26 16:16:11:   epoch 33 batch 5: collate wait 5.7s, fwd+bwd+step 0.5s
14-09-26 16:16:18:   epoch 33 batch 6: collate wait 5.5s, fwd+bwd+step 0.9s
14-09-26 16:16:25:   epoch 33 batch 7: collate wait 6.9s, fwd+bwd+step 0.5s
14-09-26 16:16:31:   epoch 33 batch 8: collate wait 5.1s, fwd+bwd+step 0.5s
14-09-26 16:16:37:   epoch 33 batch 9: collate wait 6.1s, fwd+bwd+step 0.5s
14-09-26 16:16:41:   epoch 33 batch 10: collate wait 3.7s, fwd+bwd+step 0.4s
14-09-26 16:16:45:   epoch 33 batch 11: collate wait 3.1s, fwd+bwd+step 0.4s
14-09-26 16:16:50:   epoch 33 batch 12: collate wait 3.1s, fwd+bwd+step 2.0s
14-09-26 16:16:55:   epoch 33 batch 13: collate wait 2.9s, fwd+bwd+step 1.8s
14-09-26 16:16:58:   epoch 33 batch 14: collate wait 3.0s, fwd+bwd+step 0.5s
14-09-26 16:17:30:   epoch 33 batch 15: collate wait 3.1s, fwd+bwd+step 28.1s
14-09-26 16:17:30: Trn - Source+Target 33, cls loss: 0.0093, seg loss: 1.0308, coral loss: 0.0049, kendall s_cls: -0.4682, s_seg: 0.2968, s_coral: -0.5006
14-09-26 16:18:05: Val - Source 33, cls acc: 0.9778, cls avg acc: 0.9583, cls loss: 0.0345, seg loss: 1.0624, coral loss: 0.0049, total loss: 0.5127
14-09-26 16:18:05: Val - Source 33, Tomato seg: loss=1.3186, mIoU=0.1904, acc=0.3883
14-09-26 16:18:05: Val - Source 33, Maize seg: loss=0.9693, mIoU=0.3661, acc=0.7811
14-09-26 16:18:14: Eval(no-train) - Target 33, acc: 0.8571, avg acc: 0.8321, cls loss: 0.3401  <- domain gap indicator (DA-D, cls-only, held-out -- never trained on)
14-09-26 16:18:23:   epoch 34 batch 0: collate wait 5.7s, fwd+bwd+step 1.8s
14-09-26 16:18:30:   epoch 34 batch 1: collate wait 6.4s, fwd+bwd+step 0.5s
14-09-26 16:18:36:   epoch 34 batch 2: collate wait 5.7s, fwd+bwd+step 0.5s
14-09-26 16:18:42:   epoch 34 batch 3: collate wait 5.5s, fwd+bwd+step 0.5s
14-09-26 16:18:48:   epoch 34 batch 4: collate wait 5.9s, fwd+bwd+step 0.5s
14-09-26 16:18:54:   epoch 34 batch 5: collate wait 5.6s, fwd+bwd+step 0.5s
14-09-26 16:19:01:   epoch 34 batch 6: collate wait 6.5s, fwd+bwd+step 0.5s
14-09-26 16:19:10:   epoch 34 batch 7: collate wait 6.4s, fwd+bwd+step 2.6s
14-09-26 16:19:17:   epoch 34 batch 8: collate wait 6.4s, fwd+bwd+step 0.6s
14-09-26 16:19:24:   epoch 34 batch 9: collate wait 5.9s, fwd+bwd+step 0.5s
14-09-26 16:19:28:   epoch 34 batch 10: collate wait 3.5s, fwd+bwd+step 0.4s
14-09-26 16:19:31:   epoch 34 batch 11: collate wait 3.0s, fwd+bwd+step 0.4s
14-09-26 16:19:35:   epoch 34 batch 12: collate wait 3.3s, fwd+bwd+step 0.4s
14-09-26 16:19:39:   epoch 34 batch 13: collate wait 3.4s, fwd+bwd+step 0.4s
14-09-26 16:19:42:   epoch 34 batch 14: collate wait 2.9s, fwd+bwd+step 0.4s
14-09-26 16:19:46:   epoch 34 batch 15: collate wait 3.5s, fwd+bwd+step 0.4s
14-09-26 16:19:46: Trn - Source+Target 34, cls loss: 0.0148, seg loss: 0.9976, coral loss: 0.0040, kendall s_cls: -0.4800, s_seg: 0.3017, s_coral: -0.5125
14-09-26 16:20:11: Val - Source 34, cls acc: 1.0000, cls avg acc: 1.0000, cls loss: 0.0205, seg loss: 1.0422, coral loss: 0.0059, total loss: 0.4634
14-09-26 16:20:11: Val - Source 34, Tomato seg: loss=1.2885, mIoU=0.1823, acc=0.3798
14-09-26 16:20:11: Val - Source 34, Maize seg: loss=0.9526, mIoU=0.3772, acc=0.7752
14-09-26 16:20:20: Eval(no-train) - Target 34, acc: 0.9206, avg acc: 0.9005, cls loss: 0.2623  <- domain gap indicator (DA-D, cls-only, held-out -- never trained on)
14-09-26 16:20:26:   epoch 35 batch 0: collate wait 5.0s, fwd+bwd+step 0.5s
14-09-26 16:20:32:   epoch 35 batch 1: collate wait 5.7s, fwd+bwd+step 0.5s
14-09-26 16:20:38:   epoch 35 batch 2: collate wait 5.6s, fwd+bwd+step 0.5s
14-09-26 16:20:44:   epoch 35 batch 3: collate wait 5.9s, fwd+bwd+step 0.5s
14-09-26 16:20:55:   epoch 35 batch 4: collate wait 5.5s, fwd+bwd+step 5.2s
14-09-26 16:21:00:   epoch 35 batch 5: collate wait 4.7s, fwd+bwd+step 0.5s
14-09-26 16:21:06:   epoch 35 batch 6: collate wait 5.8s, fwd+bwd+step 0.5s
14-09-26 16:21:12:   epoch 35 batch 7: collate wait 5.7s, fwd+bwd+step 0.5s
14-09-26 16:21:19:   epoch 35 batch 8: collate wait 5.9s, fwd+bwd+step 0.5s
14-09-26 16:21:25:   epoch 35 batch 9: collate wait 6.1s, fwd+bwd+step 0.5s
14-09-26 16:21:29:   epoch 35 batch 10: collate wait 2.9s, fwd+bwd+step 0.4s
14-09-26 16:21:32:   epoch 35 batch 11: collate wait 3.1s, fwd+bwd+step 0.4s
14-09-26 16:21:37:   epoch 35 batch 12: collate wait 3.7s, fwd+bwd+step 0.5s
14-09-26 16:21:42:   epoch 35 batch 13: collate wait 2.5s, fwd+bwd+step 2.8s
14-09-26 16:21:46:   epoch 35 batch 14: collate wait 3.5s, fwd+bwd+step 0.5s
14-09-26 16:21:50:   epoch 35 batch 15: collate wait 3.3s, fwd+bwd+step 0.5s
14-09-26 16:21:50: Trn - Source+Target 35, cls loss: 0.0391, seg loss: 0.9914, coral loss: 0.0045, kendall s_cls: -0.4910, s_seg: 0.3066, s_coral: -0.5241
14-09-26 16:22:15: Val - Source 35, cls acc: 1.0000, cls avg acc: 1.0000, cls loss: 0.0222, seg loss: 1.1109, coral loss: 0.0042, total loss: 0.5030
14-09-26 16:22:15: Val - Source 35, Tomato seg: loss=1.4519, mIoU=0.1667, acc=0.3275
14-09-26 16:22:15: Val - Source 35, Maize seg: loss=0.9868, mIoU=0.3799, acc=0.8019
14-09-26 16:22:24: Eval(no-train) - Target 35, acc: 0.8889, avg acc: 0.8663, cls loss: 0.3048  <- domain gap indicator (DA-D, cls-only, held-out -- never trained on)
14-09-26 16:22:31:   epoch 36 batch 0: collate wait 6.0s, fwd+bwd+step 0.5s
14-09-26 16:22:37:   epoch 36 batch 1: collate wait 5.5s, fwd+bwd+step 0.5s
14-09-26 16:22:42:   epoch 36 batch 2: collate wait 4.8s, fwd+bwd+step 0.5s
14-09-26 16:22:49:   epoch 36 batch 3: collate wait 6.8s, fwd+bwd+step 0.5s
14-09-26 16:22:55:   epoch 36 batch 4: collate wait 5.0s, fwd+bwd+step 0.5s
14-09-26 16:23:01:   epoch 36 batch 5: collate wait 5.7s, fwd+bwd+step 0.5s
14-09-26 16:23:07:   epoch 36 batch 6: collate wait 5.9s, fwd+bwd+step 0.5s
14-09-26 16:23:13:   epoch 36 batch 7: collate wait 5.5s, fwd+bwd+step 0.5s
14-09-26 16:23:19:   epoch 36 batch 8: collate wait 5.3s, fwd+bwd+step 0.5s
14-09-26 16:23:25:   epoch 36 batch 9: collate wait 5.5s, fwd+bwd+step 0.5s
14-09-26 16:23:28:   epoch 36 batch 10: collate wait 2.9s, fwd+bwd+step 0.5s
14-09-26 16:23:32:   epoch 36 batch 11: collate wait 3.6s, fwd+bwd+step 0.5s
14-09-26 16:23:36:   epoch 36 batch 12: collate wait 3.3s, fwd+bwd+step 0.5s
14-09-26 16:23:39:   epoch 36 batch 13: collate wait 2.8s, fwd+bwd+step 0.4s
14-09-26 16:23:43:   epoch 36 batch 14: collate wait 3.1s, fwd+bwd+step 0.5s
14-09-26 16:23:46:   epoch 36 batch 15: collate wait 2.7s, fwd+bwd+step 0.4s
14-09-26 16:23:46: Trn - Source+Target 36, cls loss: 0.0148, seg loss: 0.9983, coral loss: 0.0039, kendall s_cls: -0.5021, s_seg: 0.3111, s_coral: -0.5356
14-09-26 16:24:11: Val - Source 36, cls acc: 1.0000, cls avg acc: 1.0000, cls loss: 0.0035, seg loss: 1.0118, coral loss: 0.0048, total loss: 0.3880
14-09-26 16:24:11: Val - Source 36, Tomato seg: loss=1.1957, mIoU=0.2325, acc=0.4804
14-09-26 16:24:11: Val - Source 36, Maize seg: loss=0.9449, mIoU=0.3723, acc=0.7688
14-09-26 16:24:19: Eval(no-train) - Target 36, acc: 0.8254, avg acc: 0.8163, cls loss: 0.3418  <- domain gap indicator (DA-D, cls-only, held-out -- never trained on)
14-09-26 16:24:25:   epoch 37 batch 0: collate wait 5.0s, fwd+bwd+step 0.6s
14-09-26 16:24:32:   epoch 37 batch 1: collate wait 6.6s, fwd+bwd+step 0.5s
14-09-26 16:24:38:   epoch 37 batch 2: collate wait 5.3s, fwd+bwd+step 0.5s
14-09-26 16:24:44:   epoch 37 batch 3: collate wait 5.4s, fwd+bwd+step 0.5s
14-09-26 16:24:52:   epoch 37 batch 4: collate wait 5.8s, fwd+bwd+step 2.6s
14-09-26 16:24:59:   epoch 37 batch 5: collate wait 5.9s, fwd+bwd+step 0.5s
14-09-26 16:25:05:   epoch 37 batch 6: collate wait 5.5s, fwd+bwd+step 0.5s
14-09-26 16:25:11:   epoch 37 batch 7: collate wait 5.8s, fwd+bwd+step 0.5s
14-09-26 16:25:17:   epoch 37 batch 8: collate wait 5.0s, fwd+bwd+step 0.5s
14-09-26 16:25:25:   epoch 37 batch 9: collate wait 5.8s, fwd+bwd+step 2.7s
14-09-26 16:25:29:   epoch 37 batch 10: collate wait 3.8s, fwd+bwd+step 0.6s
14-09-26 16:25:33:   epoch 37 batch 11: collate wait 3.5s, fwd+bwd+step 0.5s
14-09-26 16:25:37:   epoch 37 batch 12: collate wait 3.2s, fwd+bwd+step 0.4s
14-09-26 16:25:40:   epoch 37 batch 13: collate wait 2.8s, fwd+bwd+step 0.4s
14-09-26 16:25:44:   epoch 37 batch 14: collate wait 3.0s, fwd+bwd+step 0.5s
14-09-26 16:25:47:   epoch 37 batch 15: collate wait 3.1s, fwd+bwd+step 0.4s
14-09-26 16:25:47: Trn - Source+Target 37, cls loss: 0.0127, seg loss: 0.9821, coral loss: 0.0036, kendall s_cls: -0.5132, s_seg: 0.3154, s_coral: -0.5468
14-09-26 16:26:13: Val - Source 37, cls acc: 1.0000, cls avg acc: 1.0000, cls loss: 0.0004, seg loss: 1.0158, coral loss: 0.0039, total loss: 0.3727
14-09-26 16:26:13: Val - Source 37, Tomato seg: loss=1.3213, mIoU=0.2158, acc=0.4549
14-09-26 16:26:13: Val - Source 37, Maize seg: loss=0.9047, mIoU=0.3928, acc=0.8214
14-09-26 16:26:22: Eval(no-train) - Target 37, acc: 0.8889, avg acc: 0.8663, cls loss: 0.2590  <- domain gap indicator (DA-D, cls-only, held-out -- never trained on)
14-09-26 16:26:28:   epoch 38 batch 0: collate wait 5.6s, fwd+bwd+step 0.6s
14-09-26 16:26:36:   epoch 38 batch 1: collate wait 6.7s, fwd+bwd+step 0.5s
14-09-26 16:26:42:   epoch 38 batch 2: collate wait 5.9s, fwd+bwd+step 0.5s
14-09-26 16:26:47:   epoch 38 batch 3: collate wait 5.0s, fwd+bwd+step 0.5s
14-09-26 16:26:53:   epoch 38 batch 4: collate wait 5.4s, fwd+bwd+step 0.5s
14-09-26 16:26:59:   epoch 38 batch 5: collate wait 5.1s, fwd+bwd+step 0.5s
14-09-26 16:27:05:   epoch 38 batch 6: collate wait 5.8s, fwd+bwd+step 0.5s
14-09-26 16:27:12:   epoch 38 batch 7: collate wait 5.8s, fwd+bwd+step 0.5s
14-09-26 16:27:17:   epoch 38 batch 8: collate wait 5.2s, fwd+bwd+step 0.5s
14-09-26 16:27:24:   epoch 38 batch 9: collate wait 6.1s, fwd+bwd+step 0.6s
14-09-26 16:27:27:   epoch 38 batch 10: collate wait 2.6s, fwd+bwd+step 0.4s
14-09-26 16:27:31:   epoch 38 batch 11: collate wait 3.5s, fwd+bwd+step 0.5s
14-09-26 16:27:35:   epoch 38 batch 12: collate wait 3.7s, fwd+bwd+step 0.5s
14-09-26 16:27:44:   epoch 38 batch 13: collate wait 4.3s, fwd+bwd+step 4.1s
14-09-26 16:27:47:   epoch 38 batch 14: collate wait 2.9s, fwd+bwd+step 0.4s
14-09-26 16:27:51:   epoch 38 batch 15: collate wait 3.7s, fwd+bwd+step 0.5s
14-09-26 16:27:51: Trn - Source+Target 38, cls loss: 0.1058, seg loss: 0.9610, coral loss: 0.0033, kendall s_cls: -0.5211, s_seg: 0.3194, s_coral: -0.5578
14-09-26 16:28:17: Val - Source 38, cls acc: 1.0000, cls avg acc: 1.0000, cls loss: 0.0197, seg loss: 0.9657, coral loss: 0.0051, total loss: 0.3596
14-09-26 16:28:17: Val - Source 38, Tomato seg: loss=1.2524, mIoU=0.2188, acc=0.4419
14-09-26 16:28:17: Val - Source 38, Maize seg: loss=0.8614, mIoU=0.3964, acc=0.8204
14-09-26 16:28:27: Eval(no-train) - Target 38, acc: 0.8254, avg acc: 0.8348, cls loss: 0.3850  <- domain gap indicator (DA-D, cls-only, held-out -- never trained on)
14-09-26 16:28:33:   epoch 39 batch 0: collate wait 5.7s, fwd+bwd+step 0.5s
14-09-26 16:28:39:   epoch 39 batch 1: collate wait 5.2s, fwd+bwd+step 0.5s
14-09-26 16:28:45:   epoch 39 batch 2: collate wait 5.5s, fwd+bwd+step 0.5s
14-09-26 16:28:52:   epoch 39 batch 3: collate wait 6.2s, fwd+bwd+step 0.6s
14-09-26 16:28:58:   epoch 39 batch 4: collate wait 6.1s, fwd+bwd+step 0.5s
14-09-26 16:29:05:   epoch 39 batch 5: collate wait 5.7s, fwd+bwd+step 0.5s
14-09-26 16:29:11:   epoch 39 batch 6: collate wait 5.9s, fwd+bwd+step 0.5s
14-09-26 16:29:17:   epoch 39 batch 7: collate wait 5.5s, fwd+bwd+step 0.5s
14-09-26 16:29:23:   epoch 39 batch 8: collate wait 5.3s, fwd+bwd+step 0.7s
14-09-26 16:29:30:   epoch 39 batch 9: collate wait 6.5s, fwd+bwd+step 0.6s
14-09-26 16:29:33:   epoch 39 batch 10: collate wait 2.7s, fwd+bwd+step 0.5s
14-09-26 16:29:40:   epoch 39 batch 11: collate wait 3.5s, fwd+bwd+step 3.3s
14-09-26 16:29:54:   epoch 39 batch 12: collate wait 5.6s, fwd+bwd+step 8.7s
14-09-26 16:29:59:   epoch 39 batch 13: collate wait 4.5s, fwd+bwd+step 0.5s
14-09-26 16:30:03:   epoch 39 batch 14: collate wait 3.6s, fwd+bwd+step 0.4s
14-09-26 16:30:07:   epoch 39 batch 15: collate wait 3.6s, fwd+bwd+step 0.5s
14-09-26 16:30:07: Trn - Source+Target 39, cls loss: 0.0255, seg loss: 1.0067, coral loss: 0.0034, kendall s_cls: -0.5308, s_seg: 0.3235, s_coral: -0.5685
14-09-26 16:30:33: Val - Source 39, cls acc: 1.0000, cls avg acc: 1.0000, cls loss: 0.0159, seg loss: 0.9837, coral loss: 0.0037, total loss: 0.3541
14-09-26 16:30:33: Val - Source 39, Tomato seg: loss=1.2471, mIoU=0.2221, acc=0.4642
14-09-26 16:30:33: Val - Source 39, Maize seg: loss=0.8879, mIoU=0.3905, acc=0.8153
14-09-26 16:30:43: Eval(no-train) - Target 39, acc: 0.5873, avg acc: 0.6750, cls loss: 0.7767  <- domain gap indicator (DA-D, cls-only, held-out -- never trained on)
14-09-26 16:30:50:   epoch 40 batch 0: collate wait 6.8s, fwd+bwd+step 0.5s
14-09-26 16:30:57:   epoch 40 batch 1: collate wait 6.0s, fwd+bwd+step 0.6s
14-09-26 16:31:04:   epoch 40 batch 2: collate wait 6.5s, fwd+bwd+step 0.5s
14-09-26 16:31:10:   epoch 40 batch 3: collate wait 5.4s, fwd+bwd+step 0.5s
14-09-26 16:31:15:   epoch 40 batch 4: collate wait 4.8s, fwd+bwd+step 0.5s
14-09-26 16:31:22:   epoch 40 batch 5: collate wait 6.5s, fwd+bwd+step 0.5s
14-09-26 16:31:28:   epoch 40 batch 6: collate wait 5.5s, fwd+bwd+step 0.5s
14-09-26 16:31:34:   epoch 40 batch 7: collate wait 5.3s, fwd+bwd+step 0.5s
14-09-26 16:31:40:   epoch 40 batch 8: collate wait 6.0s, fwd+bwd+step 0.5s
14-09-26 16:31:46:   epoch 40 batch 9: collate wait 5.2s, fwd+bwd+step 0.5s
14-09-26 16:31:50:   epoch 40 batch 10: collate wait 3.9s, fwd+bwd+step 0.5s
14-09-26 16:31:54:   epoch 40 batch 11: collate wait 2.8s, fwd+bwd+step 0.4s
14-09-26 16:31:57:   epoch 40 batch 12: collate wait 3.3s, fwd+bwd+step 0.4s
14-09-26 16:32:01:   epoch 40 batch 13: collate wait 3.3s, fwd+bwd+step 0.5s
14-09-26 16:32:06:   epoch 40 batch 14: collate wait 4.0s, fwd+bwd+step 0.4s
14-09-26 16:32:09:   epoch 40 batch 15: collate wait 2.9s, fwd+bwd+step 0.4s
14-09-26 16:32:09: Trn - Source+Target 40, cls loss: 0.0131, seg loss: 0.9606, coral loss: 0.0037, kendall s_cls: -0.5408, s_seg: 0.3274, s_coral: -0.5790
14-09-26 16:32:34: Val - Source 40, cls acc: 1.0000, cls avg acc: 1.0000, cls loss: 0.0069, seg loss: 1.0373, coral loss: 0.0042, total loss: 0.3671
14-09-26 16:32:34: Val - Source 40, Tomato seg: loss=1.3679, mIoU=0.2143, acc=0.4342
14-09-26 16:32:34: Val - Source 40, Maize seg: loss=0.9171, mIoU=0.3773, acc=0.7708
14-09-26 16:32:42: Eval(no-train) - Target 40, acc: 0.7937, avg acc: 0.8283, cls loss: 0.4368  <- domain gap indicator (DA-D, cls-only, held-out -- never trained on)
14-09-26 16:32:48:   epoch 41 batch 0: collate wait 4.9s, fwd+bwd+step 0.5s
14-09-26 16:32:54:   epoch 41 batch 1: collate wait 5.9s, fwd+bwd+step 0.5s
14-09-26 16:33:00:   epoch 41 batch 2: collate wait 5.8s, fwd+bwd+step 0.5s
14-09-26 16:33:06:   epoch 41 batch 3: collate wait 5.0s, fwd+bwd+step 0.5s
14-09-26 16:33:12:   epoch 41 batch 4: collate wait 5.7s, fwd+bwd+step 0.5s
14-09-26 16:33:18:   epoch 41 batch 5: collate wait 5.9s, fwd+bwd+step 0.5s
14-09-26 16:33:24:   epoch 41 batch 6: collate wait 5.3s, fwd+bwd+step 0.5s
14-09-26 16:33:30:   epoch 41 batch 7: collate wait 5.5s, fwd+bwd+step 0.5s
14-09-26 16:33:36:   epoch 41 batch 8: collate wait 5.6s, fwd+bwd+step 0.5s
14-09-26 16:33:43:   epoch 41 batch 9: collate wait 6.7s, fwd+bwd+step 0.5s
14-09-26 16:33:47:   epoch 41 batch 10: collate wait 3.1s, fwd+bwd+step 0.4s
14-09-26 16:33:50:   epoch 41 batch 11: collate wait 3.0s, fwd+bwd+step 0.5s
14-09-26 16:33:54:   epoch 41 batch 12: collate wait 2.9s, fwd+bwd+step 0.5s
14-09-26 16:33:57:   epoch 41 batch 13: collate wait 3.3s, fwd+bwd+step 0.4s
14-09-26 16:34:01:   epoch 41 batch 14: collate wait 2.9s, fwd+bwd+step 0.5s
14-09-26 16:34:04:   epoch 41 batch 15: collate wait 2.8s, fwd+bwd+step 0.5s
14-09-26 16:34:04: Trn - Source+Target 41, cls loss: 0.0071, seg loss: 1.0029, coral loss: 0.0036, kendall s_cls: -0.5509, s_seg: 0.3312, s_coral: -0.5893
14-09-26 16:34:29: Val - Source 41, cls acc: 1.0000, cls avg acc: 1.0000, cls loss: 0.0168, seg loss: 0.9955, coral loss: 0.0037, total loss: 0.3427
14-09-26 16:34:29: Val - Source 41, Tomato seg: loss=1.2925, mIoU=0.2251, acc=0.4630
14-09-26 16:34:29: Val - Source 41, Maize seg: loss=0.8876, mIoU=0.3813, acc=0.7996
14-09-26 16:34:38: Eval(no-train) - Target 41, acc: 0.8571, avg acc: 0.8413, cls loss: 0.3783  <- domain gap indicator (DA-D, cls-only, held-out -- never trained on)
14-09-26 16:34:44:   epoch 42 batch 0: collate wait 5.8s, fwd+bwd+step 0.5s
14-09-26 16:34:51:   epoch 42 batch 1: collate wait 6.3s, fwd+bwd+step 0.5s
14-09-26 16:34:58:   epoch 42 batch 2: collate wait 6.4s, fwd+bwd+step 0.5s
14-09-26 16:35:04:   epoch 42 batch 3: collate wait 5.5s, fwd+bwd+step 0.5s
14-09-26 16:35:09:   epoch 42 batch 4: collate wait 4.7s, fwd+bwd+step 0.5s
14-09-26 16:35:15:   epoch 42 batch 5: collate wait 6.1s, fwd+bwd+step 0.5s
14-09-26 16:35:21:   epoch 42 batch 6: collate wait 5.5s, fwd+bwd+step 0.5s
14-09-26 16:35:27:   epoch 42 batch 7: collate wait 5.6s, fwd+bwd+step 0.5s
14-09-26 16:35:33:   epoch 42 batch 8: collate wait 5.6s, fwd+bwd+step 0.5s
14-09-26 16:35:39:   epoch 42 batch 9: collate wait 5.5s, fwd+bwd+step 0.5s
14-09-26 16:35:43:   epoch 42 batch 10: collate wait 3.0s, fwd+bwd+step 0.5s
14-09-26 16:35:46:   epoch 42 batch 11: collate wait 2.7s, fwd+bwd+step 0.4s
14-09-26 16:35:50:   epoch 42 batch 12: collate wait 3.4s, fwd+bwd+step 0.4s
14-09-26 16:35:54:   epoch 42 batch 13: collate wait 3.3s, fwd+bwd+step 0.5s
14-09-26 16:35:57:   epoch 42 batch 14: collate wait 3.2s, fwd+bwd+step 0.4s
14-09-26 16:36:01:   epoch 42 batch 15: collate wait 2.9s, fwd+bwd+step 0.5s
14-09-26 16:36:01: Trn - Source+Target 42, cls loss: 0.0040, seg loss: 0.9251, coral loss: 0.0032, kendall s_cls: -0.5610, s_seg: 0.3348, s_coral: -0.5993
14-09-26 16:36:27: Val - Source 42, cls acc: 1.0000, cls avg acc: 1.0000, cls loss: 0.0149, seg loss: 1.0721, coral loss: 0.0041, total loss: 0.3841
14-09-26 16:36:27: Val - Source 42, Tomato seg: loss=1.6413, mIoU=0.1701, acc=0.3361
14-09-26 16:36:27: Val - Source 42, Maize seg: loss=0.8651, mIoU=0.3980, acc=0.8293
14-09-26 16:36:36: Eval(no-train) - Target 42, acc: 0.8889, avg acc: 0.8571, cls loss: 0.4628  <- domain gap indicator (DA-D, cls-only, held-out -- never trained on)
14-09-26 16:36:42:   epoch 43 batch 0: collate wait 5.5s, fwd+bwd+step 0.5s
14-09-26 16:36:49:   epoch 43 batch 1: collate wait 6.5s, fwd+bwd+step 0.5s
14-09-26 16:36:55:   epoch 43 batch 2: collate wait 5.5s, fwd+bwd+step 0.5s
14-09-26 16:37:03:   epoch 43 batch 3: collate wait 5.1s, fwd+bwd+step 3.1s
14-09-26 16:37:10:   epoch 43 batch 4: collate wait 6.6s, fwd+bwd+step 0.5s
14-09-26 16:37:16:   epoch 43 batch 5: collate wait 6.0s, fwd+bwd+step 0.5s
14-09-26 16:37:23:   epoch 43 batch 6: collate wait 6.3s, fwd+bwd+step 0.5s
14-09-26 16:37:30:   epoch 43 batch 7: collate wait 6.2s, fwd+bwd+step 0.5s
14-09-26 16:37:36:   epoch 43 batch 8: collate wait 5.8s, fwd+bwd+step 0.5s
14-09-26 16:37:42:   epoch 43 batch 9: collate wait 5.4s, fwd+bwd+step 0.5s
14-09-26 16:37:46:   epoch 43 batch 10: collate wait 3.2s, fwd+bwd+step 0.4s
14-09-26 16:37:56:   epoch 43 batch 11: collate wait 4.4s, fwd+bwd+step 5.4s
14-09-26 16:37:59:   epoch 43 batch 12: collate wait 3.5s, fwd+bwd+step 0.5s
14-09-26 16:38:03:   epoch 43 batch 13: collate wait 2.9s, fwd+bwd+step 0.5s
14-09-26 16:38:06:   epoch 43 batch 14: collate wait 2.4s, fwd+bwd+step 0.4s
14-09-26 16:38:10:   epoch 43 batch 15: collate wait 3.5s, fwd+bwd+step 0.5s
14-09-26 16:38:10: Trn - Source+Target 43, cls loss: 0.1050, seg loss: 0.9110, coral loss: 0.0030, kendall s_cls: -0.5686, s_seg: 0.3378, s_coral: -0.6090
14-09-26 16:38:36: Val - Source 43, cls acc: 1.0000, cls avg acc: 1.0000, cls loss: 0.0098, seg loss: 1.0616, coral loss: 0.0068, total loss: 0.3610
14-09-26 16:38:36: Val - Source 43, Tomato seg: loss=1.3131, mIoU=0.2266, acc=0.4607
14-09-26 16:38:36: Val - Source 43, Maize seg: loss=0.9702, mIoU=0.3696, acc=0.7921
14-09-26 16:38:50: Eval(no-train) - Target 43, acc: 0.9206, avg acc: 0.9005, cls loss: 0.3062  <- domain gap indicator (DA-D, cls-only, held-out -- never trained on)
14-09-26 16:38:58:   epoch 44 batch 0: collate wait 5.9s, fwd+bwd+step 2.6s
14-09-26 16:39:05:   epoch 44 batch 1: collate wait 5.8s, fwd+bwd+step 0.5s
14-09-26 16:39:11:   epoch 44 batch 2: collate wait 5.5s, fwd+bwd+step 0.5s
14-09-26 16:39:17:   epoch 44 batch 3: collate wait 6.2s, fwd+bwd+step 0.5s
14-09-26 16:39:23:   epoch 44 batch 4: collate wait 5.3s, fwd+bwd+step 0.5s
14-09-26 16:39:30:   epoch 44 batch 5: collate wait 5.9s, fwd+bwd+step 0.7s
14-09-26 16:39:35:   epoch 44 batch 6: collate wait 5.3s, fwd+bwd+step 0.5s
14-09-26 16:39:42:   epoch 44 batch 7: collate wait 5.7s, fwd+bwd+step 0.5s
14-09-26 16:39:48:   epoch 44 batch 8: collate wait 5.6s, fwd+bwd+step 0.5s
14-09-26 16:39:53:   epoch 44 batch 9: collate wait 4.7s, fwd+bwd+step 0.5s
14-09-26 16:39:57:   epoch 44 batch 10: collate wait 3.7s, fwd+bwd+step 0.4s
14-09-26 16:40:00:   epoch 44 batch 11: collate wait 2.8s, fwd+bwd+step 0.5s
14-09-26 16:40:04:   epoch 44 batch 12: collate wait 3.7s, fwd+bwd+step 0.5s
14-09-26 16:40:09:   epoch 44 batch 13: collate wait 4.0s, fwd+bwd+step 0.5s
14-09-26 16:40:13:   epoch 44 batch 14: collate wait 3.5s, fwd+bwd+step 0.5s
14-09-26 16:40:16:   epoch 44 batch 15: collate wait 3.0s, fwd+bwd+step 0.4s
14-09-26 16:40:16: Trn - Source+Target 44, cls loss: 0.1463, seg loss: 0.9248, coral loss: 0.0026, kendall s_cls: -0.5742, s_seg: 0.3408, s_coral: -0.6186
14-09-26 16:40:43: Val - Source 44, cls acc: 0.9778, cls avg acc: 0.9583, cls loss: 0.1379, seg loss: 0.9853, coral loss: 0.0063, total loss: 0.5255
14-09-26 16:40:43: Val - Source 44, Tomato seg: loss=1.2629, mIoU=0.2389, acc=0.4740
14-09-26 16:40:43: Val - Source 44, Maize seg: loss=0.8844, mIoU=0.3800, acc=0.8056
14-09-26 16:40:53: Eval(no-train) - Target 44, acc: 0.4127, avg acc: 0.5375, cls loss: 1.8518  <- domain gap indicator (DA-D, cls-only, held-out -- never trained on)
14-09-26 16:40:59:   epoch 45 batch 0: collate wait 5.9s, fwd+bwd+step 0.5s
14-09-26 16:41:05:   epoch 45 batch 1: collate wait 5.6s, fwd+bwd+step 0.5s
14-09-26 16:41:12:   epoch 45 batch 2: collate wait 6.5s, fwd+bwd+step 0.5s
14-09-26 16:41:19:   epoch 45 batch 3: collate wait 5.5s, fwd+bwd+step 0.7s
14-09-26 16:41:25:   epoch 45 batch 4: collate wait 5.5s, fwd+bwd+step 0.5s
14-09-26 16:41:31:   epoch 45 batch 5: collate wait 5.9s, fwd+bwd+step 0.5s
14-09-26 16:41:37:   epoch 45 batch 6: collate wait 5.5s, fwd+bwd+step 0.5s
14-09-26 16:41:43:   epoch 45 batch 7: collate wait 5.7s, fwd+bwd+step 0.5s
14-09-26 16:41:50:   epoch 45 batch 8: collate wait 6.0s, fwd+bwd+step 0.5s
14-09-26 16:41:55:   epoch 45 batch 9: collate wait 5.1s, fwd+bwd+step 0.5s
14-09-26 16:41:59:   epoch 45 batch 10: collate wait 3.2s, fwd+bwd+step 0.5s
14-09-26 16:42:03:   epoch 45 batch 11: collate wait 3.7s, fwd+bwd+step 0.4s
14-09-26 16:42:07:   epoch 45 batch 12: collate wait 3.2s, fwd+bwd+step 0.5s
14-09-26 16:42:10:   epoch 45 batch 13: collate wait 3.1s, fwd+bwd+step 0.4s
14-09-26 16:42:13:   epoch 45 batch 14: collate wait 2.5s, fwd+bwd+step 0.5s
14-09-26 16:42:17:   epoch 45 batch 15: collate wait 2.9s, fwd+bwd+step 0.5s
14-09-26 16:42:17: Trn - Source+Target 45, cls loss: 0.0184, seg loss: 0.9482, coral loss: 0.0046, kendall s_cls: -0.5811, s_seg: 0.3438, s_coral: -0.6279
14-09-26 16:42:40: Val - Source 45, cls acc: 1.0000, cls avg acc: 1.0000, cls loss: 0.0221, seg loss: 0.9619, coral loss: 0.0117, total loss: 0.3001
14-09-26 16:42:40: Val - Source 45, Tomato seg: loss=1.2218, mIoU=0.2250, acc=0.4660
14-09-26 16:42:40: Val - Source 45, Maize seg: loss=0.8674, mIoU=0.4056, acc=0.8381
14-09-26 16:42:49: Eval(no-train) - Target 45, acc: 0.8730, avg acc: 0.8446, cls loss: 0.3694  <- domain gap indicator (DA-D, cls-only, held-out -- never trained on)
14-09-26 16:42:56:   epoch 46 batch 0: collate wait 5.7s, fwd+bwd+step 0.5s
14-09-26 16:43:02:   epoch 46 batch 1: collate wait 5.9s, fwd+bwd+step 0.5s
14-09-26 16:43:09:   epoch 46 batch 2: collate wait 6.0s, fwd+bwd+step 0.5s
14-09-26 16:43:15:   epoch 46 batch 3: collate wait 5.7s, fwd+bwd+step 0.5s
14-09-26 16:43:21:   epoch 46 batch 4: collate wait 5.9s, fwd+bwd+step 0.5s
14-09-26 16:43:28:   epoch 46 batch 5: collate wait 5.8s, fwd+bwd+step 0.5s
14-09-26 16:43:34:   epoch 46 batch 6: collate wait 5.7s, fwd+bwd+step 0.5s
14-09-26 16:43:40:   epoch 46 batch 7: collate wait 5.9s, fwd+bwd+step 0.5s
14-09-26 16:43:56:   epoch 46 batch 8: collate wait 7.1s, fwd+bwd+step 8.6s
14-09-26 16:44:03:   epoch 46 batch 9: collate wait 6.2s, fwd+bwd+step 0.5s
14-09-26 16:44:06:   epoch 46 batch 10: collate wait 2.8s, fwd+bwd+step 0.4s
14-09-26 16:44:10:   epoch 46 batch 11: collate wait 3.6s, fwd+bwd+step 0.4s
14-09-26 16:44:13:   epoch 46 batch 12: collate wait 2.7s, fwd+bwd+step 0.4s
14-09-26 16:44:17:   epoch 46 batch 13: collate wait 3.2s, fwd+bwd+step 0.4s
14-09-26 16:44:26:   epoch 46 batch 14: collate wait 3.5s, fwd+bwd+step 6.1s
14-09-26 16:44:31:   epoch 46 batch 15: collate wait 4.3s, fwd+bwd+step 0.4s
14-09-26 16:44:31: Trn - Source+Target 46, cls loss: 0.0849, seg loss: 0.9343, coral loss: 0.0054, kendall s_cls: -0.5880, s_seg: 0.3466, s_coral: -0.6368
14-09-26 16:44:56: Val - Source 46, cls acc: 1.0000, cls avg acc: 1.0000, cls loss: 0.0012, seg loss: 1.0332, coral loss: 0.0037, total loss: 0.2972
14-09-26 16:44:56: Val - Source 46, Tomato seg: loss=1.1529, mIoU=0.2722, acc=0.5580
14-09-26 16:44:56: Val - Source 46, Maize seg: loss=0.9897, mIoU=0.3889, acc=0.8172
14-09-26 16:45:05: Eval(no-train) - Target 46, acc: 0.9048, avg acc: 0.8696, cls loss: 0.2782  <- domain gap indicator (DA-D, cls-only, held-out -- never trained on)
14-09-26 16:45:12:   epoch 47 batch 0: collate wait 6.1s, fwd+bwd+step 0.5s
14-09-26 16:45:18:   epoch 47 batch 1: collate wait 5.2s, fwd+bwd+step 0.5s
14-09-26 16:45:23:   epoch 47 batch 2: collate wait 4.9s, fwd+bwd+step 0.5s
14-09-26 16:45:30:   epoch 47 batch 3: collate wait 6.2s, fwd+bwd+step 0.5s
14-09-26 16:45:35:   epoch 47 batch 4: collate wait 5.3s, fwd+bwd+step 0.5s
14-09-26 16:45:45:   epoch 47 batch 5: collate wait 6.3s, fwd+bwd+step 2.9s
14-09-26 16:45:50:   epoch 47 batch 6: collate wait 5.3s, fwd+bwd+step 0.5s
14-09-26 16:45:56:   epoch 47 batch 7: collate wait 5.2s, fwd+bwd+step 0.5s
14-09-26 16:46:02:   epoch 47 batch 8: collate wait 5.9s, fwd+bwd+step 0.5s
14-09-26 16:46:08:   epoch 47 batch 9: collate wait 5.3s, fwd+bwd+step 0.5s
14-09-26 16:46:11:   epoch 47 batch 10: collate wait 2.8s, fwd+bwd+step 0.5s
14-09-26 16:46:15:   epoch 47 batch 11: collate wait 3.1s, fwd+bwd+step 0.4s
14-09-26 16:46:19:   epoch 47 batch 12: collate wait 3.7s, fwd+bwd+step 0.5s
14-09-26 16:46:22:   epoch 47 batch 13: collate wait 2.6s, fwd+bwd+step 0.4s
14-09-26 16:46:25:   epoch 47 batch 14: collate wait 2.6s, fwd+bwd+step 0.4s
14-09-26 16:46:31:   epoch 47 batch 15: collate wait 3.1s, fwd+bwd+step 2.6s
14-09-26 16:46:31: Trn - Source+Target 47, cls loss: 0.0216, seg loss: 0.9424, coral loss: 0.0036, kendall s_cls: -0.5955, s_seg: 0.3494, s_coral: -0.6456
14-09-26 16:46:57: Val - Source 47, cls acc: 1.0000, cls avg acc: 1.0000, cls loss: 0.0008, seg loss: 1.0308, coral loss: 0.0032, total loss: 0.2854
14-09-26 16:46:57: Val - Source 47, Tomato seg: loss=1.1097, mIoU=0.2723, acc=0.5599
14-09-26 16:46:57: Val - Source 47, Maize seg: loss=1.0020, mIoU=0.3947, acc=0.8389
14-09-26 16:47:06: Eval(no-train) - Target 47, acc: 0.9206, avg acc: 0.9005, cls loss: 0.2749  <- domain gap indicator (DA-D, cls-only, held-out -- never trained on)
14-09-26 16:47:12:   epoch 48 batch 0: collate wait 5.3s, fwd+bwd+step 0.5s
14-09-26 16:47:19:   epoch 48 batch 1: collate wait 5.3s, fwd+bwd+step 1.0s
14-09-26 16:47:26:   epoch 48 batch 2: collate wait 7.2s, fwd+bwd+step 0.5s
14-09-26 16:47:32:   epoch 48 batch 3: collate wait 5.2s, fwd+bwd+step 0.5s
14-09-26 16:47:39:   epoch 48 batch 4: collate wait 6.9s, fwd+bwd+step 0.5s
14-09-26 16:47:46:   epoch 48 batch 5: collate wait 6.1s, fwd+bwd+step 0.5s
14-09-26 16:47:52:   epoch 48 batch 6: collate wait 6.1s, fwd+bwd+step 0.5s
14-09-26 16:47:59:   epoch 48 batch 7: collate wait 6.0s, fwd+bwd+step 0.5s
14-09-26 16:48:05:   epoch 48 batch 8: collate wait 5.9s, fwd+bwd+step 0.5s
14-09-26 16:48:12:   epoch 48 batch 9: collate wait 6.1s, fwd+bwd+step 0.5s
14-09-26 16:48:37:   epoch 48 batch 10: collate wait 6.3s, fwd+bwd+step 18.8s
14-09-26 16:48:42:   epoch 48 batch 11: collate wait 4.3s, fwd+bwd+step 0.5s
14-09-26 16:48:49:   epoch 48 batch 12: collate wait 3.9s, fwd+bwd+step 3.4s
14-09-26 16:48:53:   epoch 48 batch 13: collate wait 4.0s, fwd+bwd+step 0.5s
14-09-26 16:48:57:   epoch 48 batch 14: collate wait 3.5s, fwd+bwd+step 0.5s
14-09-26 16:49:01:   epoch 48 batch 15: collate wait 3.5s, fwd+bwd+step 0.5s
14-09-26 16:49:01: Trn - Source+Target 48, cls loss: 0.0107, seg loss: 0.9263, coral loss: 0.0038, kendall s_cls: -0.6035, s_seg: 0.3522, s_coral: -0.6541
14-09-26 16:49:29: Val - Source 48, cls acc: 1.0000, cls avg acc: 1.0000, cls loss: 0.0026, seg loss: 0.9758, coral loss: 0.0056, total loss: 0.2435
14-09-26 16:49:29: Val - Source 48, Tomato seg: loss=1.1751, mIoU=0.2499, acc=0.5115
14-09-26 16:49:29: Val - Source 48, Maize seg: loss=0.9034, mIoU=0.4044, acc=0.8403
14-09-26 16:49:39: Eval(no-train) - Target 48, acc: 0.9365, avg acc: 0.9130, cls loss: 0.2418  <- domain gap indicator (DA-D, cls-only, held-out -- never trained on)
14-09-26 16:49:46:   epoch 49 batch 0: collate wait 5.7s, fwd+bwd+step 0.5s
14-09-26 16:49:52:   epoch 49 batch 1: collate wait 5.9s, fwd+bwd+step 0.6s
14-09-26 16:49:58:   epoch 49 batch 2: collate wait 4.9s, fwd+bwd+step 0.5s
14-09-26 16:50:04:   epoch 49 batch 3: collate wait 5.6s, fwd+bwd+step 0.5s
14-09-26 16:50:11:   epoch 49 batch 4: collate wait 7.0s, fwd+bwd+step 0.5s
14-09-26 16:50:18:   epoch 49 batch 5: collate wait 6.5s, fwd+bwd+step 0.5s
14-09-26 16:50:25:   epoch 49 batch 6: collate wait 5.9s, fwd+bwd+step 0.6s
14-09-26 16:50:32:   epoch 49 batch 7: collate wait 6.4s, fwd+bwd+step 0.6s
14-09-26 16:50:38:   epoch 49 batch 8: collate wait 5.9s, fwd+bwd+step 0.5s
14-09-26 16:50:44:   epoch 49 batch 9: collate wait 5.2s, fwd+bwd+step 0.5s
14-09-26 16:50:48:   epoch 49 batch 10: collate wait 3.5s, fwd+bwd+step 0.5s
14-09-26 16:50:52:   epoch 49 batch 11: collate wait 3.9s, fwd+bwd+step 0.7s
14-09-26 16:50:57:   epoch 49 batch 12: collate wait 3.7s, fwd+bwd+step 0.4s
14-09-26 16:51:00:   epoch 49 batch 13: collate wait 3.1s, fwd+bwd+step 0.4s
14-09-26 16:51:03:   epoch 49 batch 14: collate wait 2.8s, fwd+bwd+step 0.4s
14-09-26 16:51:07:   epoch 49 batch 15: collate wait 3.2s, fwd+bwd+step 0.5s
14-09-26 16:51:07: Trn - Source+Target 49, cls loss: 0.0116, seg loss: 0.9604, coral loss: 0.0031, kendall s_cls: -0.6115, s_seg: 0.3550, s_coral: -0.6624
14-09-26 16:51:32: Val - Source 49, cls acc: 1.0000, cls avg acc: 1.0000, cls loss: 0.0007, seg loss: 0.9418, coral loss: 0.0034, total loss: 0.2056
14-09-26 16:51:32: Val - Source 49, Tomato seg: loss=1.1726, mIoU=0.2339, acc=0.4829
14-09-26 16:51:32: Val - Source 49, Maize seg: loss=0.8579, mIoU=0.3950, acc=0.8358
14-09-26 16:51:41: Eval(no-train) - Target 49, acc: 0.8730, avg acc: 0.8630, cls loss: 0.3152  <- domain gap indicator (DA-D, cls-only, held-out -- never trained on)
14-09-26 16:51:47:   epoch 50 batch 0: collate wait 6.1s, fwd+bwd+step 0.5s
14-09-26 16:51:53:   epoch 50 batch 1: collate wait 5.6s, fwd+bwd+step 0.5s
14-09-26 16:52:00:   epoch 50 batch 2: collate wait 5.6s, fwd+bwd+step 0.5s
14-09-26 16:52:06:   epoch 50 batch 3: collate wait 5.9s, fwd+bwd+step 0.5s
14-09-26 16:52:12:   epoch 50 batch 4: collate wait 5.8s, fwd+bwd+step 0.5s
14-09-26 16:52:18:   epoch 50 batch 5: collate wait 5.4s, fwd+bwd+step 0.5s
14-09-26 16:52:25:   epoch 50 batch 6: collate wait 6.2s, fwd+bwd+step 0.5s
14-09-26 16:52:30:   epoch 50 batch 7: collate wait 5.2s, fwd+bwd+step 0.5s
14-09-26 16:52:36:   epoch 50 batch 8: collate wait 5.0s, fwd+bwd+step 0.5s
14-09-26 16:52:42:   epoch 50 batch 9: collate wait 5.6s, fwd+bwd+step 0.5s
14-09-26 16:52:46:   epoch 50 batch 10: collate wait 3.2s, fwd+bwd+step 0.4s
14-09-26 16:52:49:   epoch 50 batch 11: collate wait 2.6s, fwd+bwd+step 0.4s
14-09-26 16:52:52:   epoch 50 batch 12: collate wait 3.0s, fwd+bwd+step 0.7s
14-09-26 16:52:56:   epoch 50 batch 13: collate wait 3.1s, fwd+bwd+step 0.4s
14-09-26 16:53:00:   epoch 50 batch 14: collate wait 3.4s, fwd+bwd+step 0.4s
14-09-26 16:53:03:   epoch 50 batch 15: collate wait 2.8s, fwd+bwd+step 0.4s
14-09-26 16:53:03: Trn - Source+Target 50, cls loss: 0.0349, seg loss: 0.9131, coral loss: 0.0030, kendall s_cls: -0.6189, s_seg: 0.3574, s_coral: -0.6704
14-09-26 16:53:27: Val - Source 50, cls acc: 1.0000, cls avg acc: 1.0000, cls loss: 0.0009, seg loss: 0.9653, coral loss: 0.0024, total loss: 0.2133
14-09-26 16:53:27: Val - Source 50, Tomato seg: loss=1.1966, mIoU=0.2615, acc=0.5419
14-09-26 16:53:27: Val - Source 50, Maize seg: loss=0.8812, mIoU=0.3939, acc=0.8331
14-09-26 16:53:36: Eval(no-train) - Target 50, acc: 0.8889, avg acc: 0.8571, cls loss: 0.3065  <- domain gap indicator (DA-D, cls-only, held-out -- never trained on)
14-09-26 16:53:41:   epoch 51 batch 0: collate wait 4.8s, fwd+bwd+step 0.5s
14-09-26 16:53:48:   epoch 51 batch 1: collate wait 5.8s, fwd+bwd+step 0.5s
14-09-26 16:53:54:   epoch 51 batch 2: collate wait 5.5s, fwd+bwd+step 0.6s
14-09-26 16:53:59:   epoch 51 batch 3: collate wait 5.2s, fwd+bwd+step 0.5s
14-09-26 16:54:06:   epoch 51 batch 4: collate wait 5.9s, fwd+bwd+step 0.5s
14-09-26 16:54:12:   epoch 51 batch 5: collate wait 5.7s, fwd+bwd+step 0.5s
14-09-26 16:54:18:   epoch 51 batch 6: collate wait 5.9s, fwd+bwd+step 0.5s
14-09-26 16:54:25:   epoch 51 batch 7: collate wait 6.1s, fwd+bwd+step 0.5s
14-09-26 16:54:31:   epoch 51 batch 8: collate wait 5.6s, fwd+bwd+step 0.5s
14-09-26 16:54:37:   epoch 51 batch 9: collate wait 5.8s, fwd+bwd+step 0.5s
14-09-26 16:54:41:   epoch 51 batch 10: collate wait 3.4s, fwd+bwd+step 0.4s
14-09-26 16:54:44:   epoch 51 batch 11: collate wait 2.7s, fwd+bwd+step 0.5s
14-09-26 16:54:48:   epoch 51 batch 12: collate wait 3.1s, fwd+bwd+step 0.4s
14-09-26 16:54:52:   epoch 51 batch 13: collate wait 3.4s, fwd+bwd+step 0.4s
14-09-26 16:54:55:   epoch 51 batch 14: collate wait 2.7s, fwd+bwd+step 0.5s
14-09-26 16:54:58:   epoch 51 batch 15: collate wait 3.0s, fwd+bwd+step 0.4s
14-09-26 16:54:58: Trn - Source+Target 51, cls loss: 0.0063, seg loss: 0.9382, coral loss: 0.0028, kendall s_cls: -0.6262, s_seg: 0.3600, s_coral: -0.6782
14-09-26 16:55:27: Val - Source 51, cls acc: 1.0000, cls avg acc: 1.0000, cls loss: 0.0022, seg loss: 1.0049, coral loss: 0.0025, total loss: 0.2354
14-09-26 16:55:27: Val - Source 51, Tomato seg: loss=1.1668, mIoU=0.2418, acc=0.4911
14-09-26 16:55:27: Val - Source 51, Maize seg: loss=0.9460, mIoU=0.3835, acc=0.8128
14-09-26 16:55:36: Eval(no-train) - Target 51, acc: 0.8730, avg acc: 0.8446, cls loss: 0.4684  <- domain gap indicator (DA-D, cls-only, held-out -- never trained on)
14-09-26 16:55:42:   epoch 52 batch 0: collate wait 5.5s, fwd+bwd+step 0.7s
14-09-26 16:55:56:   epoch 52 batch 1: collate wait 5.8s, fwd+bwd+step 8.1s
14-09-26 16:56:04:   epoch 52 batch 2: collate wait 6.0s, fwd+bwd+step 2.3s
14-09-26 16:56:11:   epoch 52 batch 3: collate wait 5.8s, fwd+bwd+step 0.5s
14-09-26 16:56:17:   epoch 52 batch 4: collate wait 5.6s, fwd+bwd+step 0.5s
14-09-26 16:56:25:   epoch 52 batch 5: collate wait 7.1s, fwd+bwd+step 1.4s
14-09-26 16:56:32:   epoch 52 batch 6: collate wait 6.1s, fwd+bwd+step 0.5s
14-09-26 16:56:38:   epoch 52 batch 7: collate wait 5.6s, fwd+bwd+step 0.5s
14-09-26 16:56:44:   epoch 52 batch 8: collate wait 5.3s, fwd+bwd+step 0.5s
14-09-26 16:56:50:   epoch 52 batch 9: collate wait 5.6s, fwd+bwd+step 0.5s
14-09-26 16:56:54:   epoch 52 batch 10: collate wait 3.4s, fwd+bwd+step 0.6s
14-09-26 16:56:58:   epoch 52 batch 11: collate wait 3.0s, fwd+bwd+step 0.5s
14-09-26 16:57:01:   epoch 52 batch 12: collate wait 3.1s, fwd+bwd+step 0.4s
14-09-26 16:57:04:   epoch 52 batch 13: collate wait 2.7s, fwd+bwd+step 0.4s
14-09-26 16:57:08:   epoch 52 batch 14: collate wait 3.0s, fwd+bwd+step 0.4s
14-09-26 16:57:12:   epoch 52 batch 15: collate wait 3.6s, fwd+bwd+step 0.4s
14-09-26 16:57:12: Trn - Source+Target 52, cls loss: 0.0054, seg loss: 0.9112, coral loss: 0.0029, kendall s_cls: -0.6336, s_seg: 0.3622, s_coral: -0.6857
14-09-26 16:57:38: Val - Source 52, cls acc: 1.0000, cls avg acc: 1.0000, cls loss: 0.0060, seg loss: 0.9877, coral loss: 0.0040, total loss: 0.2244
14-09-26 16:57:38: Val - Source 52, Tomato seg: loss=1.2016, mIoU=0.2299, acc=0.4694
14-09-26 16:57:38: Val - Source 52, Maize seg: loss=0.9100, mIoU=0.3844, acc=0.8179
14-09-26 16:57:47: Eval(no-train) - Target 52, acc: 0.8413, avg acc: 0.8288, cls loss: 0.5012  <- domain gap indicator (DA-D, cls-only, held-out -- never trained on)
14-09-26 16:57:54:   epoch 53 batch 0: collate wait 6.0s, fwd+bwd+step 0.5s
14-09-26 16:58:00:   epoch 53 batch 1: collate wait 5.9s, fwd+bwd+step 0.5s
14-09-26 16:58:06:   epoch 53 batch 2: collate wait 5.7s, fwd+bwd+step 0.5s
14-09-26 16:58:13:   epoch 53 batch 3: collate wait 6.3s, fwd+bwd+step 0.5s
14-09-26 16:58:19:   epoch 53 batch 4: collate wait 5.3s, fwd+bwd+step 0.5s
14-09-26 16:58:25:   epoch 53 batch 5: collate wait 5.7s, fwd+bwd+step 0.5s
14-09-26 16:58:31:   epoch 53 batch 6: collate wait 5.7s, fwd+bwd+step 0.5s
14-09-26 16:58:37:   epoch 53 batch 7: collate wait 5.0s, fwd+bwd+step 0.5s
14-09-26 16:58:42:   epoch 53 batch 8: collate wait 5.1s, fwd+bwd+step 0.5s
14-09-26 16:58:48:   epoch 53 batch 9: collate wait 5.5s, fwd+bwd+step 0.5s
14-09-26 16:58:51:   epoch 53 batch 10: collate wait 2.7s, fwd+bwd+step 0.4s
14-09-26 16:58:55:   epoch 53 batch 11: collate wait 3.0s, fwd+bwd+step 0.4s
14-09-26 16:58:58:   epoch 53 batch 12: collate wait 3.3s, fwd+bwd+step 0.4s
14-09-26 16:59:02:   epoch 53 batch 13: collate wait 3.0s, fwd+bwd+step 0.4s
14-09-26 16:59:05:   epoch 53 batch 14: collate wait 2.7s, fwd+bwd+step 0.4s
14-09-26 16:59:09:   epoch 53 batch 15: collate wait 3.4s, fwd+bwd+step 0.4s
14-09-26 16:59:09: Trn - Source+Target 53, cls loss: 0.0035, seg loss: 0.9020, coral loss: 0.0027, kendall s_cls: -0.6408, s_seg: 0.3643, s_coral: -0.6930
14-09-26 16:59:33: Val - Source 53, cls acc: 1.0000, cls avg acc: 1.0000, cls loss: 0.0062, seg loss: 0.9311, coral loss: 0.0030, total loss: 0.1769
14-09-26 16:59:33: Val - Source 53, Tomato seg: loss=1.0988, mIoU=0.2536, acc=0.5274
14-09-26 16:59:33: Val - Source 53, Maize seg: loss=0.8701, mIoU=0.3984, acc=0.8238
14-09-26 16:59:42: Eval(no-train) - Target 53, acc: 0.8413, avg acc: 0.8196, cls loss: 0.4720  <- domain gap indicator (DA-D, cls-only, held-out -- never trained on)
14-09-26 16:59:48:   epoch 54 batch 0: collate wait 5.7s, fwd+bwd+step 0.5s
14-09-26 16:59:53:   epoch 54 batch 1: collate wait 5.1s, fwd+bwd+step 0.5s
14-09-26 17:00:00:   epoch 54 batch 2: collate wait 5.7s, fwd+bwd+step 0.5s
14-09-26 17:00:05:   epoch 54 batch 3: collate wait 4.9s, fwd+bwd+step 0.5s
14-09-26 17:00:11:   epoch 54 batch 4: collate wait 5.7s, fwd+bwd+step 0.5s
14-09-26 17:00:16:   epoch 54 batch 5: collate wait 4.6s, fwd+bwd+step 0.5s
14-09-26 17:00:23:   epoch 54 batch 6: collate wait 5.8s, fwd+bwd+step 0.5s
14-09-26 17:00:29:   epoch 54 batch 7: collate wait 5.5s, fwd+bwd+step 0.5s
14-09-26 17:00:34:   epoch 54 batch 8: collate wait 4.7s, fwd+bwd+step 0.5s
14-09-26 17:00:40:   epoch 54 batch 9: collate wait 5.6s, fwd+bwd+step 0.5s
14-09-26 17:00:44:   epoch 54 batch 10: collate wait 3.4s, fwd+bwd+step 0.4s
14-09-26 17:00:47:   epoch 54 batch 11: collate wait 3.0s, fwd+bwd+step 0.4s
14-09-26 17:00:50:   epoch 54 batch 12: collate wait 2.8s, fwd+bwd+step 0.5s
14-09-26 17:00:54:   epoch 54 batch 13: collate wait 3.5s, fwd+bwd+step 0.4s
14-09-26 17:00:58:   epoch 54 batch 14: collate wait 2.9s, fwd+bwd+step 0.5s
14-09-26 17:01:02:   epoch 54 batch 15: collate wait 3.7s, fwd+bwd+step 0.4s
14-09-26 17:01:02: Trn - Source+Target 54, cls loss: 0.0858, seg loss: 0.8981, coral loss: 0.0026, kendall s_cls: -0.6466, s_seg: 0.3663, s_coral: -0.7000
14-09-26 17:01:26: Val - Source 54, cls acc: 0.9778, cls avg acc: 0.9583, cls loss: 0.0231, seg loss: 0.9946, coral loss: 0.0021, total loss: 0.2457
14-09-26 17:01:26: Val - Source 54, Tomato seg: loss=1.2349, mIoU=0.2360, acc=0.4833
14-09-26 17:01:26: Val - Source 54, Maize seg: loss=0.9073, mIoU=0.4052, acc=0.8529
14-09-26 17:01:35: Eval(no-train) - Target 54, acc: 0.8413, avg acc: 0.8196, cls loss: 0.4572  <- domain gap indicator (DA-D, cls-only, held-out -- never trained on)
14-09-26 17:01:40:   epoch 55 batch 0: collate wait 4.6s, fwd+bwd+step 0.5s
14-09-26 17:01:46:   epoch 55 batch 1: collate wait 5.5s, fwd+bwd+step 0.5s
14-09-26 17:01:52:   epoch 55 batch 2: collate wait 5.7s, fwd+bwd+step 0.5s
14-09-26 17:01:58:   epoch 55 batch 3: collate wait 5.8s, fwd+bwd+step 0.5s
14-09-26 17:02:04:   epoch 55 batch 4: collate wait 4.7s, fwd+bwd+step 0.5s
14-09-26 17:02:09:   epoch 55 batch 5: collate wait 5.2s, fwd+bwd+step 0.5s
14-09-26 17:02:15:   epoch 55 batch 6: collate wait 5.7s, fwd+bwd+step 0.5s
14-09-26 17:02:21:   epoch 55 batch 7: collate wait 5.2s, fwd+bwd+step 0.5s
14-09-26 17:02:27:   epoch 55 batch 8: collate wait 5.0s, fwd+bwd+step 0.8s
14-09-26 17:02:33:   epoch 55 batch 9: collate wait 5.6s, fwd+bwd+step 0.5s
14-09-26 17:02:36:   epoch 55 batch 10: collate wait 2.9s, fwd+bwd+step 0.4s
14-09-26 17:02:40:   epoch 55 batch 11: collate wait 3.6s, fwd+bwd+step 0.4s
14-09-26 17:02:44:   epoch 55 batch 12: collate wait 3.2s, fwd+bwd+step 0.4s
14-09-26 17:02:47:   epoch 55 batch 13: collate wait 2.6s, fwd+bwd+step 0.4s
14-09-26 17:02:50:   epoch 55 batch 14: collate wait 2.9s, fwd+bwd+step 0.4s
14-09-26 17:02:53:   epoch 55 batch 15: collate wait 2.7s, fwd+bwd+step 0.4s
14-09-26 17:02:53: Trn - Source+Target 55, cls loss: 0.0125, seg loss: 0.9106, coral loss: 0.0028, kendall s_cls: -0.6523, s_seg: 0.3681, s_coral: -0.7067
14-09-26 17:03:18: Val - Source 55, cls acc: 1.0000, cls avg acc: 1.0000, cls loss: 0.0337, seg loss: 0.9831, coral loss: 0.0036, total loss: 0.2533
14-09-26 17:03:18: Val - Source 55, Tomato seg: loss=1.2574, mIoU=0.2477, acc=0.5074
14-09-26 17:03:18: Val - Source 55, Maize seg: loss=0.8833, mIoU=0.3938, acc=0.8219
14-09-26 17:03:26: Eval(no-train) - Target 55, acc: 0.7619, avg acc: 0.7755, cls loss: 0.6791  <- domain gap indicator (DA-D, cls-only, held-out -- never trained on)
14-09-26 17:03:33:   epoch 56 batch 0: collate wait 5.8s, fwd+bwd+step 0.5s
14-09-26 17:03:38:   epoch 56 batch 1: collate wait 4.8s, fwd+bwd+step 0.5s
14-09-26 17:03:44:   epoch 56 batch 2: collate wait 5.8s, fwd+bwd+step 0.5s
14-09-26 17:03:50:   epoch 56 batch 3: collate wait 5.0s, fwd+bwd+step 0.7s
14-09-26 17:03:55:   epoch 56 batch 4: collate wait 4.5s, fwd+bwd+step 0.5s
14-09-26 17:04:01:   epoch 56 batch 5: collate wait 5.3s, fwd+bwd+step 0.5s
14-09-26 17:04:06:   epoch 56 batch 6: collate wait 5.3s, fwd+bwd+step 0.5s
14-09-26 17:04:12:   epoch 56 batch 7: collate wait 5.3s, fwd+bwd+step 0.5s
14-09-26 17:04:18:   epoch 56 batch 8: collate wait 5.1s, fwd+bwd+step 0.5s
14-09-26 17:04:24:   epoch 56 batch 9: collate wait 5.7s, fwd+bwd+step 0.5s
14-09-26 17:04:27:   epoch 56 batch 10: collate wait 2.6s, fwd+bwd+step 0.4s
14-09-26 17:04:31:   epoch 56 batch 11: collate wait 3.1s, fwd+bwd+step 0.4s
14-09-26 17:04:34:   epoch 56 batch 12: collate wait 2.9s, fwd+bwd+step 0.4s
14-09-26 17:04:38:   epoch 56 batch 13: collate wait 3.5s, fwd+bwd+step 0.4s
14-09-26 17:04:41:   epoch 56 batch 14: collate wait 3.0s, fwd+bwd+step 0.4s
14-09-26 17:04:44:   epoch 56 batch 15: collate wait 2.8s, fwd+bwd+step 0.4s
14-09-26 17:04:44: Trn - Source+Target 56, cls loss: 0.0234, seg loss: 0.9163, coral loss: 0.0029, kendall s_cls: -0.6581, s_seg: 0.3700, s_coral: -0.7133
14-09-26 17:05:08: Val - Source 56, cls acc: 1.0000, cls avg acc: 1.0000, cls loss: 0.0140, seg loss: 1.0216, coral loss: 0.0034, total loss: 0.2354
14-09-26 17:05:08: Val - Source 56, Tomato seg: loss=1.1797, mIoU=0.2596, acc=0.5312
14-09-26 17:05:08: Val - Source 56, Maize seg: loss=0.9641, mIoU=0.3890, acc=0.8137
14-09-26 17:05:17: Eval(no-train) - Target 56, acc: 0.8730, avg acc: 0.8908, cls loss: 0.3835  <- domain gap indicator (DA-D, cls-only, held-out -- never trained on)
14-09-26 17:05:23:   epoch 57 batch 0: collate wait 6.1s, fwd+bwd+step 0.5s
14-09-26 17:05:28:   epoch 57 batch 1: collate wait 4.5s, fwd+bwd+step 0.5s
14-09-26 17:05:35:   epoch 57 batch 2: collate wait 5.7s, fwd+bwd+step 0.5s
14-09-26 17:05:41:   epoch 57 batch 3: collate wait 5.5s, fwd+bwd+step 0.5s
14-09-26 17:05:46:   epoch 57 batch 4: collate wait 5.2s, fwd+bwd+step 0.5s
14-09-26 17:05:52:   epoch 57 batch 5: collate wait 5.0s, fwd+bwd+step 0.5s
14-09-26 17:05:57:   epoch 57 batch 6: collate wait 5.2s, fwd+bwd+step 0.5s
14-09-26 17:06:03:   epoch 57 batch 7: collate wait 5.5s, fwd+bwd+step 0.5s
14-09-26 17:06:09:   epoch 57 batch 8: collate wait 5.1s, fwd+bwd+step 0.5s
14-09-26 17:06:14:   epoch 57 batch 9: collate wait 5.0s, fwd+bwd+step 0.5s
14-09-26 17:06:18:   epoch 57 batch 10: collate wait 2.8s, fwd+bwd+step 0.5s
14-09-26 17:06:21:   epoch 57 batch 11: collate wait 3.0s, fwd+bwd+step 0.4s
14-09-26 17:06:25:   epoch 57 batch 12: collate wait 2.9s, fwd+bwd+step 0.5s
14-09-26 17:06:28:   epoch 57 batch 13: collate wait 3.0s, fwd+bwd+step 0.4s
14-09-26 17:06:32:   epoch 57 batch 14: collate wait 3.3s, fwd+bwd+step 0.4s
14-09-26 17:06:36:   epoch 57 batch 15: collate wait 3.3s, fwd+bwd+step 0.4s
14-09-26 17:06:36: Trn - Source+Target 57, cls loss: 0.1209, seg loss: 0.9172, coral loss: 0.0027, kendall s_cls: -0.6622, s_seg: 0.3720, s_coral: -0.7195
14-09-26 17:06:59: Val - Source 57, cls acc: 1.0000, cls avg acc: 1.0000, cls loss: 0.0014, seg loss: 0.9027, coral loss: 0.0046, total loss: 0.1249
14-09-26 17:06:59: Val - Source 57, Tomato seg: loss=1.1321, mIoU=0.2830, acc=0.5743
14-09-26 17:06:59: Val - Source 57, Maize seg: loss=0.8193, mIoU=0.4081, acc=0.8531
14-09-26 17:07:08: Eval(no-train) - Target 57, acc: 0.9048, avg acc: 0.8788, cls loss: 0.2922  <- domain gap indicator (DA-D, cls-only, held-out -- never trained on)
14-09-26 17:07:18:   epoch 58 batch 0: collate wait 6.3s, fwd+bwd+step 4.1s
14-09-26 17:07:24:   epoch 58 batch 1: collate wait 5.2s, fwd+bwd+step 0.5s
14-09-26 17:07:30:   epoch 58 batch 2: collate wait 5.1s, fwd+bwd+step 0.5s
14-09-26 17:07:36:   epoch 58 batch 3: collate wait 5.6s, fwd+bwd+step 0.5s
14-09-26 17:07:41:   epoch 58 batch 4: collate wait 5.2s, fwd+bwd+step 0.5s
14-09-26 17:07:48:   epoch 58 batch 5: collate wait 6.7s, fwd+bwd+step 0.5s
14-09-26 17:07:56:   epoch 58 batch 6: collate wait 6.7s, fwd+bwd+step 0.5s
14-09-26 17:08:02:   epoch 58 batch 7: collate wait 5.9s, fwd+bwd+step 0.5s
14-09-26 17:08:10:   epoch 58 batch 8: collate wait 6.9s, fwd+bwd+step 0.6s
14-09-26 17:08:16:   epoch 58 batch 9: collate wait 5.9s, fwd+bwd+step 0.5s
14-09-26 17:08:21:   epoch 58 batch 10: collate wait 4.2s, fwd+bwd+step 0.6s
14-09-26 17:08:24:   epoch 58 batch 11: collate wait 3.2s, fwd+bwd+step 0.5s
14-09-26 17:08:29:   epoch 58 batch 12: collate wait 4.6s, fwd+bwd+step 0.4s
14-09-26 17:08:33:   epoch 58 batch 13: collate wait 2.8s, fwd+bwd+step 0.4s
14-09-26 17:08:36:   epoch 58 batch 14: collate wait 2.7s, fwd+bwd+step 0.4s
14-09-26 17:08:40:   epoch 58 batch 15: collate wait 3.3s, fwd+bwd+step 0.5s
14-09-26 17:08:40: Trn - Source+Target 58, cls loss: 0.0174, seg loss: 0.9291, coral loss: 0.0024, kendall s_cls: -0.6672, s_seg: 0.3738, s_coral: -0.7256
14-09-26 17:09:07: Val - Source 58, cls acc: 1.0000, cls avg acc: 1.0000, cls loss: 0.0151, seg loss: 0.9611, coral loss: 0.0037, total loss: 0.1852
14-09-26 17:09:07: Val - Source 58, Tomato seg: loss=1.3182, mIoU=0.2407, acc=0.4838
14-09-26 17:09:07: Val - Source 58, Maize seg: loss=0.8312, mIoU=0.4019, acc=0.8488
14-09-26 17:09:16: Eval(no-train) - Target 58, acc: 0.7937, avg acc: 0.7821, cls loss: 0.5151  <- domain gap indicator (DA-D, cls-only, held-out -- never trained on)
14-09-26 17:09:22:   epoch 59 batch 0: collate wait 5.3s, fwd+bwd+step 0.5s
14-09-26 17:09:29:   epoch 59 batch 1: collate wait 6.5s, fwd+bwd+step 0.5s
14-09-26 17:09:36:   epoch 59 batch 2: collate wait 6.9s, fwd+bwd+step 0.5s
14-09-26 17:09:42:   epoch 59 batch 3: collate wait 5.9s, fwd+bwd+step 0.5s
14-09-26 17:09:48:   epoch 59 batch 4: collate wait 5.0s, fwd+bwd+step 0.5s
14-09-26 17:09:54:   epoch 59 batch 5: collate wait 6.0s, fwd+bwd+step 0.5s
14-09-26 17:10:00:   epoch 59 batch 6: collate wait 5.2s, fwd+bwd+step 0.5s
14-09-26 17:10:06:   epoch 59 batch 7: collate wait 5.7s, fwd+bwd+step 0.5s
14-09-26 17:10:12:   epoch 59 batch 8: collate wait 5.2s, fwd+bwd+step 0.5s
14-09-26 17:10:18:   epoch 59 batch 9: collate wait 5.4s, fwd+bwd+step 0.5s
14-09-26 17:10:21:   epoch 59 batch 10: collate wait 2.8s, fwd+bwd+step 0.4s
14-09-26 17:10:25:   epoch 59 batch 11: collate wait 3.1s, fwd+bwd+step 0.4s
14-09-26 17:10:28:   epoch 59 batch 12: collate wait 3.2s, fwd+bwd+step 0.4s
14-09-26 17:10:31:   epoch 59 batch 13: collate wait 2.4s, fwd+bwd+step 0.4s
14-09-26 17:10:35:   epoch 59 batch 14: collate wait 2.9s, fwd+bwd+step 0.4s
14-09-26 17:10:38:   epoch 59 batch 15: collate wait 2.7s, fwd+bwd+step 0.4s
14-09-26 17:10:38: Trn - Source+Target 59, cls loss: 0.0264, seg loss: 0.9244, coral loss: 0.0024, kendall s_cls: -0.6722, s_seg: 0.3756, s_coral: -0.7313
14-09-26 17:11:04: Val - Source 59, cls acc: 0.9778, cls avg acc: 0.9583, cls loss: 0.0268, seg loss: 0.9542, coral loss: 0.0059, total loss: 0.2001
14-09-26 17:11:04: Val - Source 59, Tomato seg: loss=1.2461, mIoU=0.2375, acc=0.4859
14-09-26 17:11:04: Val - Source 59, Maize seg: loss=0.8480, mIoU=0.4044, acc=0.8465
14-09-26 17:11:25: Eval(no-train) - Target 59, acc: 0.7778, avg acc: 0.7696, cls loss: 0.6721  <- domain gap indicator (DA-D, cls-only, held-out -- never trained on)
14-09-26 17:11:55:   epoch 60 batch 0: collate wait 16.2s, fwd+bwd+step 13.8s
14-09-26 17:12:19:   epoch 60 batch 1: collate wait 8.7s, fwd+bwd+step 15.7s
14-09-26 17:12:51:   epoch 60 batch 2: collate wait 18.2s, fwd+bwd+step 13.2s
14-09-26 17:12:58:   epoch 60 batch 3: collate wait 6.8s, fwd+bwd+step 0.5s
14-09-26 17:13:04:   epoch 60 batch 4: collate wait 5.6s, fwd+bwd+step 0.5s
14-09-26 17:13:10:   epoch 60 batch 5: collate wait 5.5s, fwd+bwd+step 0.6s
14-09-26 17:13:18:   epoch 60 batch 6: collate wait 7.3s, fwd+bwd+step 0.5s
14-09-26 17:13:24:   epoch 60 batch 7: collate wait 5.7s, fwd+bwd+step 0.5s
14-09-26 17:13:30:   epoch 60 batch 8: collate wait 5.4s, fwd+bwd+step 0.5s
14-09-26 17:13:36:   epoch 60 batch 9: collate wait 5.4s, fwd+bwd+step 0.5s
14-09-26 17:13:40:   epoch 60 batch 10: collate wait 3.8s, fwd+bwd+step 0.4s
14-09-26 17:13:44:   epoch 60 batch 11: collate wait 3.5s, fwd+bwd+step 0.4s
14-09-26 17:13:48:   epoch 60 batch 12: collate wait 3.3s, fwd+bwd+step 0.4s
14-09-26 17:13:52:   epoch 60 batch 13: collate wait 4.0s, fwd+bwd+step 0.4s
14-09-26 17:13:56:   epoch 60 batch 14: collate wait 3.3s, fwd+bwd+step 0.4s
14-09-26 17:13:59:   epoch 60 batch 15: collate wait 2.7s, fwd+bwd+step 0.5s
14-09-26 17:13:59: Trn - Source+Target 60, cls loss: 0.0464, seg loss: 0.9144, coral loss: 0.0022, kendall s_cls: -0.6772, s_seg: 0.3773, s_coral: -0.7369
14-09-26 17:14:26: Val - Source 60, cls acc: 0.9778, cls avg acc: 0.9583, cls loss: 0.0309, seg loss: 0.9356, coral loss: 0.0043, total loss: 0.1885
14-09-26 17:14:26: Val - Source 60, Tomato seg: loss=1.1599, mIoU=0.2628, acc=0.5302
14-09-26 17:14:26: Val - Source 60, Maize seg: loss=0.8540, mIoU=0.4010, acc=0.8429
14-09-26 17:14:36: Eval(no-train) - Target 60, acc: 0.7619, avg acc: 0.7571, cls loss: 0.6937  <- domain gap indicator (DA-D, cls-only, held-out -- never trained on)
14-09-26 17:14:55:   epoch 61 batch 0: collate wait 9.5s, fwd+bwd+step 10.4s
14-09-26 17:15:03:   epoch 61 batch 1: collate wait 7.5s, fwd+bwd+step 0.5s
14-09-26 17:15:36:   epoch 61 batch 2: collate wait 12.0s, fwd+bwd+step 20.4s
14-09-26 17:16:10:   epoch 61 batch 3: collate wait 12.3s, fwd+bwd+step 21.9s
14-09-26 17:16:45:   epoch 61 batch 4: collate wait 10.3s, fwd+bwd+step 24.6s
14-09-26 17:17:20:   epoch 61 batch 5: collate wait 10.8s, fwd+bwd+step 23.8s
14-09-26 17:17:29:   epoch 61 batch 6: collate wait 8.5s, fwd+bwd+step 0.5s
14-09-26 17:18:01:   epoch 61 batch 7: collate wait 9.5s, fwd+bwd+step 22.9s
14-09-26 17:18:34:   epoch 61 batch 8: collate wait 10.4s, fwd+bwd+step 22.9s
14-09-26 17:19:08:   epoch 61 batch 9: collate wait 10.9s, fwd+bwd+step 22.4s
14-09-26 17:19:13:   epoch 61 batch 10: collate wait 4.9s, fwd+bwd+step 0.5s
14-09-26 17:19:39:   epoch 61 batch 11: collate wait 5.1s, fwd+bwd+step 21.2s
14-09-26 17:20:08:   epoch 61 batch 12: collate wait 8.7s, fwd+bwd+step 20.0s
14-09-26 17:27:08:   epoch 61 batch 13: collate wait 14.4s, fwd+bwd+step 405.6s
14-09-26 17:31:07:   epoch 61 batch 14: collate wait 22.6s, fwd+bwd+step 216.1s
14-09-26 17:32:09:   epoch 61 batch 15: collate wait 21.8s, fwd+bwd+step 40.2s
14-09-26 17:32:09: Trn - Source+Target 61, cls loss: 0.0074, seg loss: 0.8431, coral loss: 0.0023, kendall s_cls: -0.6818, s_seg: 0.3786, s_coral: -0.7422
14-09-26 17:34:57: Val - Source 61, cls acc: 0.9778, cls avg acc: 0.9583, cls loss: 0.1125, seg loss: 0.9333, coral loss: 0.0052, total loss: 0.3444
14-09-26 17:34:57: Val - Source 61, Tomato seg: loss=1.2661, mIoU=0.2411, acc=0.4865
14-09-26 17:34:57: Val - Source 61, Maize seg: loss=0.8123, mIoU=0.3943, acc=0.8305
14-09-26 17:35:07: Eval(no-train) - Target 61, acc: 0.7460, avg acc: 0.7630, cls loss: 0.6842  <- domain gap indicator (DA-D, cls-only, held-out -- never trained on)
14-09-26 17:35:20:   epoch 62 batch 0: collate wait 6.8s, fwd+bwd+step 5.5s
14-09-26 17:35:26:   epoch 62 batch 1: collate wait 5.9s, fwd+bwd+step 0.5s
14-09-26 17:35:34:   epoch 62 batch 2: collate wait 7.1s, fwd+bwd+step 0.5s
14-09-26 17:35:41:   epoch 62 batch 3: collate wait 6.7s, fwd+bwd+step 0.5s
14-09-26 17:35:47:   epoch 62 batch 4: collate wait 6.2s, fwd+bwd+step 0.5s
14-09-26 17:35:55:   epoch 62 batch 5: collate wait 6.8s, fwd+bwd+step 0.5s
14-09-26 17:36:01:   epoch 62 batch 6: collate wait 5.7s, fwd+bwd+step 0.5s
14-09-26 17:36:08:   epoch 62 batch 7: collate wait 6.5s, fwd+bwd+step 0.5s
14-09-26 17:36:15:   epoch 62 batch 8: collate wait 7.1s, fwd+bwd+step 0.5s
14-09-26 17:36:22:   epoch 62 batch 9: collate wait 6.0s, fwd+bwd+step 0.4s
14-09-26 17:36:25:   epoch 62 batch 10: collate wait 3.2s, fwd+bwd+step 0.4s
14-09-26 17:36:29:   epoch 62 batch 11: collate wait 3.6s, fwd+bwd+step 0.4s
14-09-26 17:36:33:   epoch 62 batch 12: collate wait 3.4s, fwd+bwd+step 0.4s
14-09-26 17:36:37:   epoch 62 batch 13: collate wait 3.1s, fwd+bwd+step 0.4s
14-09-26 17:36:41:   epoch 62 batch 14: collate wait 3.5s, fwd+bwd+step 0.4s
14-09-26 17:36:45:   epoch 62 batch 15: collate wait 3.7s, fwd+bwd+step 0.4s
14-09-26 17:36:45: Trn - Source+Target 62, cls loss: 0.0129, seg loss: 0.8686, coral loss: 0.0024, kendall s_cls: -0.6865, s_seg: 0.3797, s_coral: -0.7473
14-09-26 17:37:11: Val - Source 62, cls acc: 0.9778, cls avg acc: 0.9583, cls loss: 0.0356, seg loss: 0.9185, coral loss: 0.0082, total loss: 0.1805
14-09-26 17:37:11: Val - Source 62, Tomato seg: loss=1.2558, mIoU=0.2352, acc=0.4831
14-09-26 17:37:11: Val - Source 62, Maize seg: loss=0.7958, mIoU=0.4158, acc=0.8561
14-09-26 17:37:21: Eval(no-train) - Target 62, acc: 0.7302, avg acc: 0.7598, cls loss: 0.6613  <- domain gap indicator (DA-D, cls-only, held-out -- never trained on)
14-09-26 17:37:27:   epoch 63 batch 0: collate wait 5.8s, fwd+bwd+step 0.5s
14-09-26 17:37:33:   epoch 63 batch 1: collate wait 5.8s, fwd+bwd+step 0.5s
14-09-26 17:37:40:   epoch 63 batch 2: collate wait 6.1s, fwd+bwd+step 0.5s
14-09-26 17:37:46:   epoch 63 batch 3: collate wait 6.1s, fwd+bwd+step 0.5s
14-09-26 17:37:54:   epoch 63 batch 4: collate wait 7.2s, fwd+bwd+step 0.5s
14-09-26 17:38:00:   epoch 63 batch 5: collate wait 6.0s, fwd+bwd+step 0.5s
14-09-26 17:38:07:   epoch 63 batch 6: collate wait 5.7s, fwd+bwd+step 0.5s
14-09-26 17:38:13:   epoch 63 batch 7: collate wait 6.2s, fwd+bwd+step 0.5s
14-09-26 17:38:20:   epoch 63 batch 8: collate wait 6.0s, fwd+bwd+step 0.5s
14-09-26 17:38:26:   epoch 63 batch 9: collate wait 6.1s, fwd+bwd+step 0.4s
14-09-26 17:38:30:   epoch 63 batch 10: collate wait 2.9s, fwd+bwd+step 0.4s
14-09-26 17:38:33:   epoch 63 batch 11: collate wait 2.8s, fwd+bwd+step 0.4s
14-09-26 17:38:37:   epoch 63 batch 12: collate wait 3.5s, fwd+bwd+step 0.4s
14-09-26 17:38:40:   epoch 63 batch 13: collate wait 3.3s, fwd+bwd+step 0.4s
14-09-26 17:38:44:   epoch 63 batch 14: collate wait 3.2s, fwd+bwd+step 0.4s
14-09-26 17:38:48:   epoch 63 batch 15: collate wait 3.0s, fwd+bwd+step 0.4s
14-09-26 17:38:48: Trn - Source+Target 63, cls loss: 0.0395, seg loss: 0.8888, coral loss: 0.0025, kendall s_cls: -0.6907, s_seg: 0.3807, s_coral: -0.7521
14-09-26 17:39:14: Val - Source 63, cls acc: 1.0000, cls avg acc: 1.0000, cls loss: 0.0021, seg loss: 0.9208, coral loss: 0.0066, total loss: 0.1093
14-09-26 17:39:14: Val - Source 63, Tomato seg: loss=1.2204, mIoU=0.2423, acc=0.4896
14-09-26 17:39:14: Val - Source 63, Maize seg: loss=0.8118, mIoU=0.4143, acc=0.8603
14-09-26 17:39:23: Eval(no-train) - Target 63, acc: 0.5714, avg acc: 0.6348, cls loss: 0.8626  <- domain gap indicator (DA-D, cls-only, held-out -- never trained on)
14-09-26 17:39:30:   epoch 64 batch 0: collate wait 6.1s, fwd+bwd+step 0.5s
14-09-26 17:39:37:   epoch 64 batch 1: collate wait 6.2s, fwd+bwd+step 0.4s
14-09-26 17:44:08:   epoch 64 batch 2: collate wait 213.5s, fwd+bwd+step 57.0s
14-09-26 17:44:18:   epoch 64 batch 3: collate wait 9.6s, fwd+bwd+step 0.5s
14-09-26 17:44:25:   epoch 64 batch 4: collate wait 6.4s, fwd+bwd+step 0.5s
14-09-26 17:44:31:   epoch 64 batch 5: collate wait 6.2s, fwd+bwd+step 0.5s
14-09-26 17:44:38:   epoch 64 batch 6: collate wait 5.9s, fwd+bwd+step 0.5s
14-09-26 17:44:45:   epoch 64 batch 7: collate wait 6.5s, fwd+bwd+step 0.5s
14-09-26 17:44:51:   epoch 64 batch 8: collate wait 6.5s, fwd+bwd+step 0.5s
14-09-26 17:44:58:   epoch 64 batch 9: collate wait 5.8s, fwd+bwd+step 0.4s
14-09-26 17:45:03:   epoch 64 batch 10: collate wait 4.3s, fwd+bwd+step 0.6s
14-09-26 17:45:06:   epoch 64 batch 11: collate wait 2.8s, fwd+bwd+step 0.4s
14-09-26 17:45:10:   epoch 64 batch 12: collate wait 3.9s, fwd+bwd+step 0.4s
14-09-26 17:45:14:   epoch 64 batch 13: collate wait 3.2s, fwd+bwd+step 0.4s
14-09-26 17:45:18:   epoch 64 batch 14: collate wait 3.5s, fwd+bwd+step 0.4s
14-09-26 17:45:22:   epoch 64 batch 15: collate wait 3.3s, fwd+bwd+step 0.4s
14-09-26 17:45:22: Trn - Source+Target 64, cls loss: 0.0082, seg loss: 0.8681, coral loss: 0.0030, kendall s_cls: -0.6950, s_seg: 0.3819, s_coral: -0.7567
14-09-26 17:45:49: Val - Source 64, cls acc: 1.0000, cls avg acc: 1.0000, cls loss: 0.0019, seg loss: 0.9324, coral loss: 0.0043, total loss: 0.1099
14-09-26 17:45:49: Val - Source 64, Tomato seg: loss=1.2832, mIoU=0.2372, acc=0.4701
14-09-26 17:45:49: Val - Source 64, Maize seg: loss=0.8048, mIoU=0.4086, acc=0.8529
14-09-26 17:45:59: Eval(no-train) - Target 64, acc: 0.7778, avg acc: 0.7880, cls loss: 0.6426  <- domain gap indicator (DA-D, cls-only, held-out -- never trained on)
14-09-26 17:46:06:   epoch 65 batch 0: collate wait 6.2s, fwd+bwd+step 0.4s
14-09-26 17:48:37:   epoch 65 batch 1: collate wait 132.5s, fwd+bwd+step 18.0s
14-09-26 17:48:44:   epoch 65 batch 2: collate wait 7.0s, fwd+bwd+step 0.5s
14-09-26 17:48:50:   epoch 65 batch 3: collate wait 5.6s, fwd+bwd+step 0.5s
14-09-26 17:52:15:   epoch 65 batch 4: collate wait 150.8s, fwd+bwd+step 53.9s
14-09-26 17:52:27:   epoch 65 batch 5: collate wait 11.8s, fwd+bwd+step 0.6s
14-09-26 17:52:38:   epoch 65 batch 6: collate wait 10.2s, fwd+bwd+step 0.5s
14-09-26 17:52:45:   epoch 65 batch 7: collate wait 6.5s, fwd+bwd+step 0.5s
14-09-26 17:53:18:   epoch 65 batch 8: collate wait 13.3s, fwd+bwd+step 20.0s
14-09-26 17:53:28:   epoch 65 batch 9: collate wait 9.8s, fwd+bwd+step 0.5s
14-09-26 17:53:42:   epoch 65 batch 10: collate wait 8.1s, fwd+bwd+step 5.9s
14-09-26 17:53:47:   epoch 65 batch 11: collate wait 4.6s, fwd+bwd+step 0.4s
14-09-26 18:01:36:   epoch 65 batch 12: collate wait 8.4s, fwd+bwd+step 459.9s
14-09-26 18:03:33:   epoch 65 batch 13: collate wait 22.2s, fwd+bwd+step 95.4s
14-09-26 18:03:39:   epoch 65 batch 14: collate wait 5.1s, fwd+bwd+step 0.5s
14-09-26 18:03:43:   epoch 65 batch 15: collate wait 3.8s, fwd+bwd+step 0.4s
14-09-26 18:03:43: Trn - Source+Target 65, cls loss: 0.0091, seg loss: 0.8695, coral loss: 0.0026, kendall s_cls: -0.6992, s_seg: 0.3829, s_coral: -0.7611
14-09-26 18:06:17: Val - Source 65, cls acc: 1.0000, cls avg acc: 1.0000, cls loss: 0.0039, seg loss: 0.9804, coral loss: 0.0049, total loss: 0.1429
14-09-26 18:06:17: Val - Source 65, Tomato seg: loss=1.3593, mIoU=0.2195, acc=0.4405
14-09-26 18:06:17: Val - Source 65, Maize seg: loss=0.8426, mIoU=0.4057, acc=0.8281
14-09-26 18:08:16: Eval(no-train) - Target 65, acc: 0.8413, avg acc: 0.8288, cls loss: 0.4601  <- domain gap indicator (DA-D, cls-only, held-out -- never trained on)
14-09-26 18:09:11:   epoch 66 batch 0: collate wait 35.0s, fwd+bwd+step 19.6s
14-09-26 18:09:19:   epoch 66 batch 1: collate wait 7.9s, fwd+bwd+step 0.5s
14-09-26 18:09:26:   epoch 66 batch 2: collate wait 6.7s, fwd+bwd+step 0.5s
14-09-26 18:09:34:   epoch 66 batch 3: collate wait 7.3s, fwd+bwd+step 0.7s
14-09-26 18:09:42:   epoch 66 batch 4: collate wait 7.5s, fwd+bwd+step 0.5s
14-09-26 18:09:49:   epoch 66 batch 5: collate wait 6.6s, fwd+bwd+step 0.5s
14-09-26 18:09:57:   epoch 66 batch 6: collate wait 6.9s, fwd+bwd+step 0.5s
14-09-26 18:10:05:   epoch 66 batch 7: collate wait 7.5s, fwd+bwd+step 0.5s
14-09-26 18:10:11:   epoch 66 batch 8: collate wait 6.3s, fwd+bwd+step 0.5s
14-09-26 18:10:19:   epoch 66 batch 9: collate wait 7.0s, fwd+bwd+step 0.5s
14-09-26 18:10:23:   epoch 66 batch 10: collate wait 3.6s, fwd+bwd+step 0.4s
14-09-26 18:10:27:   epoch 66 batch 11: collate wait 3.8s, fwd+bwd+step 0.4s
14-09-26 18:10:31:   epoch 66 batch 12: collate wait 3.2s, fwd+bwd+step 0.4s
14-09-26 18:10:35:   epoch 66 batch 13: collate wait 3.7s, fwd+bwd+step 0.4s
14-09-26 18:10:39:   epoch 66 batch 14: collate wait 4.1s, fwd+bwd+step 0.4s
14-09-26 18:10:43:   epoch 66 batch 15: collate wait 3.7s, fwd+bwd+step 0.4s
14-09-26 18:10:43: Trn - Source+Target 66, cls loss: 0.0130, seg loss: 0.9009, coral loss: 0.0028, kendall s_cls: -0.7031, s_seg: 0.3840, s_coral: -0.7652
14-09-26 18:11:14: Val - Source 66, cls acc: 1.0000, cls avg acc: 1.0000, cls loss: 0.0089, seg loss: 0.9546, coral loss: 0.0069, total loss: 0.1335
14-09-26 18:11:14: Val - Source 66, Tomato seg: loss=1.3259, mIoU=0.2273, acc=0.4619
14-09-26 18:11:14: Val - Source 66, Maize seg: loss=0.8195, mIoU=0.4054, acc=0.8447
14-09-26 18:11:25: Eval(no-train) - Target 66, acc: 0.7937, avg acc: 0.7728, cls loss: 0.6808  <- domain gap indicator (DA-D, cls-only, held-out -- never trained on)
14-09-26 18:13:11:   epoch 67 batch 0: collate wait 23.7s, fwd+bwd+step 83.0s
14-09-26 18:13:20:   epoch 67 batch 1: collate wait 8.4s, fwd+bwd+step 0.6s
14-09-26 18:13:28:   epoch 67 batch 2: collate wait 7.5s, fwd+bwd+step 0.5s
14-09-26 18:13:36:   epoch 67 batch 3: collate wait 7.5s, fwd+bwd+step 0.5s
14-09-26 18:13:45:   epoch 67 batch 4: collate wait 7.9s, fwd+bwd+step 0.5s
14-09-26 18:13:53:   epoch 67 batch 5: collate wait 7.5s, fwd+bwd+step 0.5s
14-09-26 18:13:59:   epoch 67 batch 6: collate wait 6.3s, fwd+bwd+step 0.5s
14-09-26 18:14:07:   epoch 67 batch 7: collate wait 7.5s, fwd+bwd+step 0.5s
14-09-26 18:14:15:   epoch 67 batch 8: collate wait 6.9s, fwd+bwd+step 0.5s
14-09-26 18:14:22:   epoch 67 batch 9: collate wait 6.6s, fwd+bwd+step 0.5s
14-09-26 18:14:26:   epoch 67 batch 10: collate wait 3.8s, fwd+bwd+step 0.4s
14-09-26 18:14:31:   epoch 67 batch 11: collate wait 4.0s, fwd+bwd+step 0.4s
14-09-26 18:14:35:   epoch 67 batch 12: collate wait 4.4s, fwd+bwd+step 0.4s
14-09-26 18:14:40:   epoch 67 batch 13: collate wait 3.6s, fwd+bwd+step 0.4s
14-09-26 18:14:44:   epoch 67 batch 14: collate wait 4.0s, fwd+bwd+step 0.5s
14-09-26 18:14:48:   epoch 67 batch 15: collate wait 4.0s, fwd+bwd+step 0.4s
14-09-26 18:14:48: Trn - Source+Target 67, cls loss: 0.0141, seg loss: 0.8741, coral loss: 0.0032, kendall s_cls: -0.7069, s_seg: 0.3850, s_coral: -0.7691
14-09-26 18:15:17: Val - Source 67, cls acc: 1.0000, cls avg acc: 1.0000, cls loss: 0.0041, seg loss: 0.9579, coral loss: 0.0044, total loss: 0.1194
14-09-26 18:15:17: Val - Source 67, Tomato seg: loss=1.3294, mIoU=0.2279, acc=0.4615
14-09-26 18:15:17: Val - Source 67, Maize seg: loss=0.8229, mIoU=0.4060, acc=0.8437
14-09-26 18:15:28: Eval(no-train) - Target 67, acc: 0.8254, avg acc: 0.8071, cls loss: 0.5468  <- domain gap indicator (DA-D, cls-only, held-out -- never trained on)
14-09-26 18:15:34:   epoch 68 batch 0: collate wait 5.8s, fwd+bwd+step 0.5s
14-09-26 18:15:42:   epoch 68 batch 1: collate wait 7.0s, fwd+bwd+step 0.5s
14-09-26 18:15:49:   epoch 68 batch 2: collate wait 6.3s, fwd+bwd+step 0.5s
14-09-26 18:15:55:   epoch 68 batch 3: collate wait 6.1s, fwd+bwd+step 0.5s
14-09-26 18:16:02:   epoch 68 batch 4: collate wait 6.1s, fwd+bwd+step 0.5s
14-09-26 18:16:09:   epoch 68 batch 5: collate wait 6.5s, fwd+bwd+step 0.5s
14-09-26 18:16:17:   epoch 68 batch 6: collate wait 7.4s, fwd+bwd+step 0.5s
14-09-26 18:16:24:   epoch 68 batch 7: collate wait 6.7s, fwd+bwd+step 0.5s
14-09-26 18:16:31:   epoch 68 batch 8: collate wait 6.6s, fwd+bwd+step 0.5s
14-09-26 18:16:39:   epoch 68 batch 9: collate wait 7.1s, fwd+bwd+step 0.5s
14-09-26 18:16:42:   epoch 68 batch 10: collate wait 3.1s, fwd+bwd+step 0.5s
14-09-26 18:20:42:   epoch 68 batch 11: collate wait 7.1s, fwd+bwd+step 232.3s
14-09-26 18:20:48:   epoch 68 batch 12: collate wait 5.7s, fwd+bwd+step 0.5s
14-09-26 18:20:53:   epoch 68 batch 13: collate wait 4.5s, fwd+bwd+step 0.5s
14-09-26 18:20:57:   epoch 68 batch 14: collate wait 4.0s, fwd+bwd+step 0.5s
14-09-26 18:21:01:   epoch 68 batch 15: collate wait 3.8s, fwd+bwd+step 0.4s
14-09-26 18:21:02: Trn - Source+Target 68, cls loss: 0.0073, seg loss: 0.8760, coral loss: 0.0030, kendall s_cls: -0.7104, s_seg: 0.3860, s_coral: -0.7729
14-09-26 18:21:33: Val - Source 68, cls acc: 1.0000, cls avg acc: 1.0000, cls loss: 0.0038, seg loss: 0.9452, coral loss: 0.0037, total loss: 0.1056
14-09-26 18:21:33: Val - Source 68, Tomato seg: loss=1.3887, mIoU=0.2123, acc=0.4236
14-09-26 18:21:33: Val - Source 68, Maize seg: loss=0.7839, mIoU=0.4019, acc=0.8360
14-09-26 18:32:24: Eval(no-train) - Target 68, acc: 0.8254, avg acc: 0.8071, cls loss: 0.5103  <- domain gap indicator (DA-D, cls-only, held-out -- never trained on)
14-09-26 18:42:39:   epoch 69 batch 0: collate wait 11.3s, fwd+bwd+step 17.1s
14-09-26 18:42:47:   epoch 69 batch 1: collate wait 7.3s, fwd+bwd+step 0.6s
14-09-26 18:42:55:   epoch 69 batch 2: collate wait 7.6s, fwd+bwd+step 0.5s
14-09-26 18:43:03:   epoch 69 batch 3: collate wait 7.5s, fwd+bwd+step 0.6s
14-09-26 18:43:13:   epoch 69 batch 4: collate wait 8.9s, fwd+bwd+step 0.6s
14-09-26 18:43:20:   epoch 69 batch 5: collate wait 6.8s, fwd+bwd+step 0.5s
14-09-26 18:43:28:   epoch 69 batch 6: collate wait 7.7s, fwd+bwd+step 0.5s
14-09-26 18:43:36:   epoch 69 batch 7: collate wait 7.1s, fwd+bwd+step 0.5s
14-09-26 18:43:45:   epoch 69 batch 8: collate wait 8.8s, fwd+bwd+step 0.5s
14-09-26 18:43:53:   epoch 69 batch 9: collate wait 6.8s, fwd+bwd+step 0.5s
14-09-26 18:43:57:   epoch 69 batch 10: collate wait 3.8s, fwd+bwd+step 0.5s
14-09-26 18:44:02:   epoch 69 batch 11: collate wait 4.6s, fwd+bwd+step 0.5s
14-09-26 18:44:06:   epoch 69 batch 12: collate wait 3.6s, fwd+bwd+step 0.5s
14-09-26 18:44:11:   epoch 69 batch 13: collate wait 4.5s, fwd+bwd+step 0.5s
14-09-26 18:44:15:   epoch 69 batch 14: collate wait 3.6s, fwd+bwd+step 0.4s
14-09-26 18:44:19:   epoch 69 batch 15: collate wait 3.8s, fwd+bwd+step 0.5s
14-09-26 18:44:19: Trn - Source+Target 69, cls loss: 0.0047, seg loss: 0.8502, coral loss: 0.0028, kendall s_cls: -0.7139, s_seg: 0.3867, s_coral: -0.7764
14-09-26 18:44:50: Val - Source 69, cls acc: 1.0000, cls avg acc: 1.0000, cls loss: 0.0040, seg loss: 0.9510, coral loss: 0.0042, total loss: 0.1070
14-09-26 18:44:50: Val - Source 69, Tomato seg: loss=1.2554, mIoU=0.2306, acc=0.4583
14-09-26 18:44:50: Val - Source 69, Maize seg: loss=0.8404, mIoU=0.3952, acc=0.8145
14-09-26 18:45:02: Eval(no-train) - Target 69, acc: 0.8254, avg acc: 0.8071, cls loss: 0.5606  <- domain gap indicator (DA-D, cls-only, held-out -- never trained on)
14-09-26 18:45:09:   epoch 70 batch 0: collate wait 7.0s, fwd+bwd+step 0.6s
14-09-26 18:45:17:   epoch 70 batch 1: collate wait 7.3s, fwd+bwd+step 0.5s
14-09-26 18:49:33:   epoch 70 batch 2: collate wait 11.6s, fwd+bwd+step 244.0s
14-09-26 19:11:02:   epoch 70 batch 3: collate wait 173.0s, fwd+bwd+step 1115.9s
14-09-26 19:11:22:   epoch 70 batch 4: collate wait 9.1s, fwd+bwd+step 11.2s
14-09-26 19:11:29:   epoch 70 batch 5: collate wait 6.0s, fwd+bwd+step 0.5s
14-09-26 19:11:36:   epoch 70 batch 6: collate wait 6.6s, fwd+bwd+step 0.5s
14-09-26 19:11:43:   epoch 70 batch 7: collate wait 6.9s, fwd+bwd+step 0.5s
14-09-26 19:11:50:   epoch 70 batch 8: collate wait 6.5s, fwd+bwd+step 0.5s
14-09-26 19:11:57:   epoch 70 batch 9: collate wait 6.2s, fwd+bwd+step 0.5s
14-09-26 19:12:02:   epoch 70 batch 10: collate wait 4.8s, fwd+bwd+step 0.4s
14-09-26 19:12:06:   epoch 70 batch 11: collate wait 3.8s, fwd+bwd+step 0.4s
14-09-26 19:12:10:   epoch 70 batch 12: collate wait 3.4s, fwd+bwd+step 0.4s
14-09-26 19:12:14:   epoch 70 batch 13: collate wait 3.3s, fwd+bwd+step 0.4s
14-09-26 19:12:18:   epoch 70 batch 14: collate wait 3.9s, fwd+bwd+step 0.4s
14-09-26 19:12:22:   epoch 70 batch 15: collate wait 3.6s, fwd+bwd+step 0.4s
14-09-26 19:12:22: Trn - Source+Target 70, cls loss: 0.0060, seg loss: 0.8757, coral loss: 0.0025, kendall s_cls: -0.7171, s_seg: 0.3875, s_coral: -0.7797
14-09-26 19:12:50: Val - Source 70, cls acc: 1.0000, cls avg acc: 1.0000, cls loss: 0.0069, seg loss: 0.9732, coral loss: 0.0030, total loss: 0.1233
14-09-26 19:12:50: Val - Source 70, Tomato seg: loss=1.3106, mIoU=0.2249, acc=0.4466
14-09-26 19:12:50: Val - Source 70, Maize seg: loss=0.8506, mIoU=0.3940, acc=0.8321
14-09-26 19:13:00: Eval(no-train) - Target 70, acc: 0.7937, avg acc: 0.7913, cls loss: 0.6323  <- domain gap indicator (DA-D, cls-only, held-out -- never trained on)
14-09-26 19:13:07:   epoch 71 batch 0: collate wait 6.9s, fwd+bwd+step 0.5s
14-09-26 19:13:13:   epoch 71 batch 1: collate wait 5.8s, fwd+bwd+step 0.5s
14-09-26 19:13:20:   epoch 71 batch 2: collate wait 6.3s, fwd+bwd+step 0.5s
14-09-26 19:32:34:   epoch 71 batch 3: collate wait 54.5s, fwd+bwd+step 1099.6s
14-09-26 19:32:48:   epoch 71 batch 4: collate wait 7.6s, fwd+bwd+step 6.4s
14-09-26 19:32:55:   epoch 71 batch 5: collate wait 6.7s, fwd+bwd+step 0.5s
14-09-26 19:33:02:   epoch 71 batch 6: collate wait 6.6s, fwd+bwd+step 0.5s
14-09-26 19:33:09:   epoch 71 batch 7: collate wait 6.1s, fwd+bwd+step 0.5s
14-09-26 19:33:36:   epoch 71 batch 8: collate wait 7.7s, fwd+bwd+step 18.8s
14-09-26 19:33:44:   epoch 71 batch 9: collate wait 8.0s, fwd+bwd+step 0.5s
14-09-26 19:33:48:   epoch 71 batch 10: collate wait 3.9s, fwd+bwd+step 0.4s
14-09-26 19:33:52:   epoch 71 batch 11: collate wait 3.2s, fwd+bwd+step 0.4s
14-09-26 19:33:57:   epoch 71 batch 12: collate wait 4.1s, fwd+bwd+step 0.4s
14-09-26 19:34:00:   epoch 71 batch 13: collate wait 3.1s, fwd+bwd+step 0.4s
14-09-26 19:34:04:   epoch 71 batch 14: collate wait 3.5s, fwd+bwd+step 0.4s
14-09-26 19:34:09:   epoch 71 batch 15: collate wait 4.2s, fwd+bwd+step 0.4s
14-09-26 19:34:09: Trn - Source+Target 71, cls loss: 0.0243, seg loss: 0.9027, coral loss: 0.0027, kendall s_cls: -0.7199, s_seg: 0.3883, s_coral: -0.7828
14-09-26 19:37:12: Val - Source 71, cls acc: 1.0000, cls avg acc: 1.0000, cls loss: 0.0038, seg loss: 0.9238, coral loss: 0.0046, total loss: 0.0821
14-09-26 19:37:12: Val - Source 71, Tomato seg: loss=1.2472, mIoU=0.2507, acc=0.5080
14-09-26 19:37:12: Val - Source 71, Maize seg: loss=0.8063, mIoU=0.4019, acc=0.8354
14-09-26 19:37:24: Eval(no-train) - Target 71, acc: 0.7619, avg acc: 0.7755, cls loss: 0.5197  <- domain gap indicator (DA-D, cls-only, held-out -- never trained on)
14-09-26 19:37:42:   epoch 72 batch 0: collate wait 7.2s, fwd+bwd+step 8.2s
14-09-26 19:37:49:   epoch 72 batch 1: collate wait 6.4s, fwd+bwd+step 0.5s
14-09-26 19:37:56:   epoch 72 batch 2: collate wait 6.6s, fwd+bwd+step 0.6s
14-09-26 19:38:03:   epoch 72 batch 3: collate wait 6.8s, fwd+bwd+step 0.5s
14-09-26 19:38:13:   epoch 72 batch 4: collate wait 6.2s, fwd+bwd+step 3.3s
14-09-26 19:38:20:   epoch 72 batch 5: collate wait 6.7s, fwd+bwd+step 0.5s
14-09-26 19:38:27:   epoch 72 batch 6: collate wait 6.6s, fwd+bwd+step 0.5s
14-09-26 19:38:34:   epoch 72 batch 7: collate wait 6.5s, fwd+bwd+step 0.5s
14-09-26 19:38:42:   epoch 72 batch 8: collate wait 7.4s, fwd+bwd+step 0.5s
14-09-26 19:38:49:   epoch 72 batch 9: collate wait 6.3s, fwd+bwd+step 1.0s
14-09-26 19:38:54:   epoch 72 batch 10: collate wait 3.8s, fwd+bwd+step 0.4s
14-09-26 19:38:57:   epoch 72 batch 11: collate wait 3.2s, fwd+bwd+step 0.4s
14-09-26 19:39:02:   epoch 72 batch 12: collate wait 4.0s, fwd+bwd+step 0.4s
14-09-26 19:39:06:   epoch 72 batch 13: collate wait 3.4s, fwd+bwd+step 0.4s
14-09-26 19:39:09:   epoch 72 batch 14: collate wait 3.2s, fwd+bwd+step 0.5s
14-09-26 19:39:13:   epoch 72 batch 15: collate wait 3.1s, fwd+bwd+step 0.4s
14-09-26 19:39:13: Trn - Source+Target 72, cls loss: 0.0033, seg loss: 0.8669, coral loss: 0.0025, kendall s_cls: -0.7228, s_seg: 0.3891, s_coral: -0.7857
14-09-26 19:39:40: Val - Source 72, cls acc: 1.0000, cls avg acc: 1.0000, cls loss: 0.0027, seg loss: 0.9447, coral loss: 0.0042, total loss: 0.0908
14-09-26 19:39:40: Val - Source 72, Tomato seg: loss=1.3579, mIoU=0.2218, acc=0.4421
14-09-26 19:39:40: Val - Source 72, Maize seg: loss=0.7945, mIoU=0.4043, acc=0.8410
14-09-26 20:28:22: Eval(no-train) - Target 72, acc: 0.8095, avg acc: 0.8130, cls loss: 0.5313  <- domain gap indicator (DA-D, cls-only, held-out -- never trained on)
14-09-26 20:45:35:   epoch 73 batch 0: collate wait 407.9s, fwd+bwd+step 624.2s
14-09-26 20:45:43:   epoch 73 batch 1: collate wait 8.2s, fwd+bwd+step 0.5s
14-09-26 20:45:51:   epoch 73 batch 2: collate wait 7.7s, fwd+bwd+step 0.5s
14-09-26 20:46:00:   epoch 73 batch 3: collate wait 7.6s, fwd+bwd+step 0.7s
14-09-26 20:46:07:   epoch 73 batch 4: collate wait 6.4s, fwd+bwd+step 0.5s
14-09-26 20:46:14:   epoch 73 batch 5: collate wait 6.7s, fwd+bwd+step 0.4s
14-09-26 20:46:20:   epoch 73 batch 6: collate wait 5.5s, fwd+bwd+step 0.5s
14-09-26 20:46:26:   epoch 73 batch 7: collate wait 6.2s, fwd+bwd+step 0.5s
14-09-26 20:46:34:   epoch 73 batch 8: collate wait 6.8s, fwd+bwd+step 0.5s
14-09-26 20:46:41:   epoch 73 batch 9: collate wait 6.9s, fwd+bwd+step 0.5s
14-09-26 20:46:45:   epoch 73 batch 10: collate wait 3.3s, fwd+bwd+step 0.4s
14-09-26 20:46:49:   epoch 73 batch 11: collate wait 3.3s, fwd+bwd+step 0.4s
14-09-26 20:46:52:   epoch 73 batch 12: collate wait 3.1s, fwd+bwd+step 0.4s
14-09-26 20:46:56:   epoch 73 batch 13: collate wait 3.0s, fwd+bwd+step 0.4s
14-09-26 20:46:59:   epoch 73 batch 14: collate wait 3.4s, fwd+bwd+step 0.4s
14-09-26 20:47:03:   epoch 73 batch 15: collate wait 3.5s, fwd+bwd+step 0.4s
14-09-26 20:47:03: Trn - Source+Target 73, cls loss: 0.0108, seg loss: 0.8439, coral loss: 0.0027, kendall s_cls: -0.7254, s_seg: 0.3897, s_coral: -0.7884
14-09-26 20:47:31: Val - Source 73, cls acc: 1.0000, cls avg acc: 1.0000, cls loss: 0.0051, seg loss: 0.9130, coral loss: 0.0047, total loss: 0.0719
14-09-26 20:47:31: Val - Source 73, Tomato seg: loss=1.2701, mIoU=0.2338, acc=0.4669
14-09-26 20:47:31: Val - Source 73, Maize seg: loss=0.7832, mIoU=0.4041, acc=0.8403
14-09-26 20:47:41: Eval(no-train) - Target 73, acc: 0.8413, avg acc: 0.8380, cls loss: 0.4750  <- domain gap indicator (DA-D, cls-only, held-out -- never trained on)
14-09-26 20:47:48:   epoch 74 batch 0: collate wait 6.2s, fwd+bwd+step 0.5s
14-09-26 20:47:54:   epoch 74 batch 1: collate wait 5.6s, fwd+bwd+step 0.5s
14-09-26 20:48:01:   epoch 74 batch 2: collate wait 6.8s, fwd+bwd+step 0.5s
14-09-26 20:48:08:   epoch 74 batch 3: collate wait 6.1s, fwd+bwd+step 0.5s
14-09-26 20:48:15:   epoch 74 batch 4: collate wait 6.2s, fwd+bwd+step 0.5s
14-09-26 20:48:21:   epoch 74 batch 5: collate wait 5.6s, fwd+bwd+step 0.5s
14-09-26 20:48:27:   epoch 74 batch 6: collate wait 6.2s, fwd+bwd+step 0.5s
14-09-26 20:48:35:   epoch 74 batch 7: collate wait 6.6s, fwd+bwd+step 0.4s
14-09-26 20:48:40:   epoch 74 batch 8: collate wait 5.4s, fwd+bwd+step 0.5s
14-09-26 20:48:46:   epoch 74 batch 9: collate wait 5.4s, fwd+bwd+step 0.5s
14-09-26 20:48:50:   epoch 74 batch 10: collate wait 3.6s, fwd+bwd+step 0.4s
14-09-26 20:48:54:   epoch 74 batch 11: collate wait 3.3s, fwd+bwd+step 0.4s
14-09-26 20:48:58:   epoch 74 batch 12: collate wait 3.1s, fwd+bwd+step 0.4s
14-09-26 20:49:01:   epoch 74 batch 13: collate wait 2.8s, fwd+bwd+step 0.4s
14-09-26 20:49:04:   epoch 74 batch 14: collate wait 2.8s, fwd+bwd+step 0.4s
14-09-26 20:49:08:   epoch 74 batch 15: collate wait 3.4s, fwd+bwd+step 0.4s
14-09-26 20:49:08: Trn - Source+Target 74, cls loss: 0.0023, seg loss: 0.8556, coral loss: 0.0025, kendall s_cls: -0.7279, s_seg: 0.3902, s_coral: -0.7909
14-09-26 20:49:33: Val - Source 74, cls acc: 1.0000, cls avg acc: 1.0000, cls loss: 0.0046, seg loss: 0.9238, coral loss: 0.0045, total loss: 0.0755
14-09-26 20:49:33: Val - Source 74, Tomato seg: loss=1.2434, mIoU=0.2441, acc=0.4914
14-09-26 20:49:33: Val - Source 74, Maize seg: loss=0.8076, mIoU=0.4071, acc=0.8413
14-09-26 20:49:42: Eval(no-train) - Target 74, acc: 0.8095, avg acc: 0.8130, cls loss: 0.5412  <- domain gap indicator (DA-D, cls-only, held-out -- never trained on)
14-09-26 20:49:48:   epoch 75 batch 0: collate wait 6.2s, fwd+bwd+step 0.5s
14-09-26 20:49:55:   epoch 75 batch 1: collate wait 6.5s, fwd+bwd+step 0.5s
14-09-26 20:50:02:   epoch 75 batch 2: collate wait 6.5s, fwd+bwd+step 0.5s
14-09-26 20:50:09:   epoch 75 batch 3: collate wait 6.1s, fwd+bwd+step 0.5s
14-09-26 20:50:16:   epoch 75 batch 4: collate wait 6.1s, fwd+bwd+step 0.5s
14-09-26 20:50:21:   epoch 75 batch 5: collate wait 4.5s, fwd+bwd+step 0.5s
14-09-26 20:50:27:   epoch 75 batch 6: collate wait 5.8s, fwd+bwd+step 0.5s
14-09-26 20:50:33:   epoch 75 batch 7: collate wait 6.0s, fwd+bwd+step 0.5s
14-09-26 20:50:39:   epoch 75 batch 8: collate wait 5.4s, fwd+bwd+step 0.5s
14-09-26 20:50:45:   epoch 75 batch 9: collate wait 5.8s, fwd+bwd+step 0.5s
14-09-26 20:50:49:   epoch 75 batch 10: collate wait 3.4s, fwd+bwd+step 0.4s
14-09-26 20:50:53:   epoch 75 batch 11: collate wait 2.7s, fwd+bwd+step 0.4s
14-09-26 20:50:56:   epoch 75 batch 12: collate wait 2.8s, fwd+bwd+step 0.4s
14-09-26 20:50:59:   epoch 75 batch 13: collate wait 2.6s, fwd+bwd+step 0.4s
14-09-26 20:51:03:   epoch 75 batch 14: collate wait 3.2s, fwd+bwd+step 0.4s
14-09-26 20:51:06:   epoch 75 batch 15: collate wait 2.9s, fwd+bwd+step 0.4s
14-09-26 20:51:06: Trn - Source+Target 75, cls loss: 0.0167, seg loss: 0.8671, coral loss: 0.0025, kendall s_cls: -0.7301, s_seg: 0.3907, s_coral: -0.7933
14-09-26 20:51:30: Val - Source 75, cls acc: 1.0000, cls avg acc: 1.0000, cls loss: 0.0037, seg loss: 0.9303, coral loss: 0.0036, total loss: 0.0747
14-09-26 20:51:30: Val - Source 75, Tomato seg: loss=1.2984, mIoU=0.2363, acc=0.4630
14-09-26 20:51:30: Val - Source 75, Maize seg: loss=0.7964, mIoU=0.4059, acc=0.8465
14-09-26 20:51:39: Eval(no-train) - Target 75, acc: 0.7778, avg acc: 0.7880, cls loss: 0.5850  <- domain gap indicator (DA-D, cls-only, held-out -- never trained on)
14-09-26 20:51:45:   epoch 76 batch 0: collate wait 5.8s, fwd+bwd+step 0.5s
14-09-26 20:51:53:   epoch 76 batch 1: collate wait 6.8s, fwd+bwd+step 0.5s
14-09-26 20:51:59:   epoch 76 batch 2: collate wait 6.2s, fwd+bwd+step 0.5s
14-09-26 20:52:05:   epoch 76 batch 3: collate wait 4.7s, fwd+bwd+step 0.5s
14-09-26 20:52:11:   epoch 76 batch 4: collate wait 5.7s, fwd+bwd+step 0.5s
14-09-26 20:52:17:   epoch 76 batch 5: collate wait 5.7s, fwd+bwd+step 0.5s
14-09-26 20:52:23:   epoch 76 batch 6: collate wait 5.6s, fwd+bwd+step 0.5s
14-09-26 20:52:30:   epoch 76 batch 7: collate wait 6.0s, fwd+bwd+step 0.5s
14-09-26 20:52:35:   epoch 76 batch 8: collate wait 4.9s, fwd+bwd+step 0.5s
14-09-26 20:52:42:   epoch 76 batch 9: collate wait 6.5s, fwd+bwd+step 0.5s
14-09-26 20:52:45:   epoch 76 batch 10: collate wait 2.9s, fwd+bwd+step 0.4s
14-09-26 20:52:49:   epoch 76 batch 11: collate wait 3.4s, fwd+bwd+step 0.4s
14-09-26 20:52:52:   epoch 76 batch 12: collate wait 3.1s, fwd+bwd+step 0.4s
14-09-26 20:52:56:   epoch 76 batch 13: collate wait 2.9s, fwd+bwd+step 0.4s
14-09-26 20:53:00:   epoch 76 batch 14: collate wait 3.4s, fwd+bwd+step 0.4s
14-09-26 20:53:04:   epoch 76 batch 15: collate wait 3.4s, fwd+bwd+step 0.4s
14-09-26 20:53:04: Trn - Source+Target 76, cls loss: 0.0033, seg loss: 0.8572, coral loss: 0.0024, kendall s_cls: -0.7322, s_seg: 0.3912, s_coral: -0.7954
14-09-26 20:53:30: Val - Source 76, cls acc: 1.0000, cls avg acc: 1.0000, cls loss: 0.0025, seg loss: 0.9127, coral loss: 0.0049, total loss: 0.0596
14-09-26 20:53:30: Val - Source 76, Tomato seg: loss=1.2326, mIoU=0.2493, acc=0.5020
14-09-26 20:53:30: Val - Source 76, Maize seg: loss=0.7963, mIoU=0.4041, acc=0.8438
14-09-26 20:53:39: Eval(no-train) - Target 76, acc: 0.7778, avg acc: 0.7880, cls loss: 0.5899  <- domain gap indicator (DA-D, cls-only, held-out -- never trained on)
14-09-26 20:53:46:   epoch 77 batch 0: collate wait 6.2s, fwd+bwd+step 0.5s
14-09-26 20:53:53:   epoch 77 batch 1: collate wait 7.0s, fwd+bwd+step 0.5s
14-09-26 20:53:58:   epoch 77 batch 2: collate wait 4.6s, fwd+bwd+step 0.5s
14-09-26 20:54:04:   epoch 77 batch 3: collate wait 5.6s, fwd+bwd+step 0.5s
14-09-26 20:54:11:   epoch 77 batch 4: collate wait 5.9s, fwd+bwd+step 0.5s
14-09-26 20:54:17:   epoch 77 batch 5: collate wait 5.9s, fwd+bwd+step 0.5s
14-09-26 20:54:24:   epoch 77 batch 6: collate wait 5.8s, fwd+bwd+step 0.5s
14-09-26 20:54:29:   epoch 77 batch 7: collate wait 5.2s, fwd+bwd+step 0.5s
14-09-26 20:57:54:   epoch 77 batch 8: collate wait 11.2s, fwd+bwd+step 193.1s
14-09-26 20:58:41:   epoch 77 batch 9: collate wait 31.3s, fwd+bwd+step 16.5s
14-09-26 21:44:07:   epoch 77 batch 10: collate wait 9.5s, fwd+bwd+step 2715.6s
14-09-26 22:30:43:   epoch 77 batch 11: collate wait 182.4s, fwd+bwd+step 2614.0s
14-09-26 23:19:23:   epoch 77 batch 12: collate wait 189.2s, fwd+bwd+step 2730.8s
14-09-26 23:47:36:   epoch 77 batch 13: collate wait 197.1s, fwd+bwd+step 1495.6s
14-09-26 23:47:42:   epoch 77 batch 14: collate wait 4.5s, fwd+bwd+step 1.9s
14-09-26 23:47:46:   epoch 77 batch 15: collate wait 3.7s, fwd+bwd+step 0.5s
14-09-26 23:47:46: Trn - Source+Target 77, cls loss: 0.0034, seg loss: 0.8115, coral loss: 0.0021, kendall s_cls: -0.7342, s_seg: 0.3916, s_coral: -0.7974
14-09-26 23:48:14: Val - Source 77, cls acc: 1.0000, cls avg acc: 1.0000, cls loss: 0.0016, seg loss: 0.9006, coral loss: 0.0040, total loss: 0.0466
14-09-26 23:48:14: Val - Source 77, Tomato seg: loss=1.2365, mIoU=0.2449, acc=0.4899
14-09-26 23:48:14: Val - Source 77, Maize seg: loss=0.7784, mIoU=0.4120, acc=0.8527
14-09-26 23:48:24: Eval(no-train) - Target 77, acc: 0.7778, avg acc: 0.7880, cls loss: 0.6121  <- domain gap indicator (DA-D, cls-only, held-out -- never trained on)
14-09-26 23:48:31:   epoch 78 batch 0: collate wait 6.0s, fwd+bwd+step 0.5s
14-09-26 23:48:38:   epoch 78 batch 1: collate wait 6.4s, fwd+bwd+step 0.5s
14-09-26 23:48:45:   epoch 78 batch 2: collate wait 6.8s, fwd+bwd+step 0.4s
14-09-26 23:48:51:   epoch 78 batch 3: collate wait 5.4s, fwd+bwd+step 0.5s
14-09-26 23:48:56:   epoch 78 batch 4: collate wait 5.3s, fwd+bwd+step 0.5s
14-09-26 23:49:03:   epoch 78 batch 5: collate wait 5.8s, fwd+bwd+step 0.5s
14-09-26 23:49:09:   epoch 78 batch 6: collate wait 5.8s, fwd+bwd+step 0.4s
14-09-26 23:49:15:   epoch 78 batch 7: collate wait 6.0s, fwd+bwd+step 0.5s
14-09-26 23:49:22:   epoch 78 batch 8: collate wait 5.8s, fwd+bwd+step 0.5s
14-09-26 23:49:28:   epoch 78 batch 9: collate wait 6.0s, fwd+bwd+step 0.5s
14-09-26 23:49:31:   epoch 78 batch 10: collate wait 2.8s, fwd+bwd+step 0.4s
14-09-26 23:49:36:   epoch 78 batch 11: collate wait 3.9s, fwd+bwd+step 0.4s
14-09-26 23:49:40:   epoch 78 batch 12: collate wait 3.6s, fwd+bwd+step 0.4s
14-09-26 23:49:44:   epoch 78 batch 13: collate wait 3.3s, fwd+bwd+step 0.4s
14-09-26 23:49:47:   epoch 78 batch 14: collate wait 3.3s, fwd+bwd+step 0.4s
14-09-26 23:49:51:   epoch 78 batch 15: collate wait 3.1s, fwd+bwd+step 0.4s
14-09-26 23:49:51: Trn - Source+Target 78, cls loss: 0.0111, seg loss: 0.9035, coral loss: 0.0027, kendall s_cls: -0.7360, s_seg: 0.3920, s_coral: -0.7993
14-09-26 23:50:16: Val - Source 78, cls acc: 1.0000, cls avg acc: 1.0000, cls loss: 0.0023, seg loss: 0.9095, coral loss: 0.0041, total loss: 0.0524
14-09-26 23:50:16: Val - Source 78, Tomato seg: loss=1.2433, mIoU=0.2480, acc=0.5048
14-09-26 23:50:16: Val - Source 78, Maize seg: loss=0.7881, mIoU=0.4080, acc=0.8528
14-09-26 23:50:25: Eval(no-train) - Target 78, acc: 0.7937, avg acc: 0.8005, cls loss: 0.5685  <- domain gap indicator (DA-D, cls-only, held-out -- never trained on)
14-09-26 23:50:32:   epoch 79 batch 0: collate wait 6.4s, fwd+bwd+step 0.5s
14-09-26 23:50:38:   epoch 79 batch 1: collate wait 5.6s, fwd+bwd+step 0.5s
14-09-26 23:50:44:   epoch 79 batch 2: collate wait 5.7s, fwd+bwd+step 0.5s
14-09-26 23:50:51:   epoch 79 batch 3: collate wait 6.0s, fwd+bwd+step 0.5s
14-09-26 23:50:57:   epoch 79 batch 4: collate wait 5.6s, fwd+bwd+step 0.5s
14-09-26 23:51:03:   epoch 79 batch 5: collate wait 5.8s, fwd+bwd+step 0.5s
14-09-26 23:51:09:   epoch 79 batch 6: collate wait 5.9s, fwd+bwd+step 0.5s
14-09-26 23:51:16:   epoch 79 batch 7: collate wait 5.8s, fwd+bwd+step 0.5s
14-09-26 23:51:23:   epoch 79 batch 8: collate wait 6.3s, fwd+bwd+step 0.5s
14-09-26 23:51:28:   epoch 79 batch 9: collate wait 4.9s, fwd+bwd+step 0.5s
14-09-26 23:51:31:   epoch 79 batch 10: collate wait 3.1s, fwd+bwd+step 0.4s
14-09-26 23:51:35:   epoch 79 batch 11: collate wait 2.7s, fwd+bwd+step 0.4s
14-09-26 23:51:39:   epoch 79 batch 12: collate wait 3.6s, fwd+bwd+step 0.4s
14-09-26 23:51:42:   epoch 79 batch 13: collate wait 3.4s, fwd+bwd+step 0.4s
14-09-26 23:51:46:   epoch 79 batch 14: collate wait 3.0s, fwd+bwd+step 0.4s
14-09-26 23:51:50:   epoch 79 batch 15: collate wait 3.6s, fwd+bwd+step 0.4s
14-09-26 23:51:50: Trn - Source+Target 79, cls loss: 0.0018, seg loss: 0.9137, coral loss: 0.0022, kendall s_cls: -0.7376, s_seg: 0.3926, s_coral: -0.8010
14-09-26 23:52:15: Val - Source 79, cls acc: 1.0000, cls avg acc: 1.0000, cls loss: 0.0020, seg loss: 0.9291, coral loss: 0.0033, total loss: 0.0622
14-09-26 23:52:15: Val - Source 79, Tomato seg: loss=1.3083, mIoU=0.2388, acc=0.4813
14-09-26 23:52:15: Val - Source 79, Maize seg: loss=0.7912, mIoU=0.4134, acc=0.8563
14-09-26 23:52:24: Eval(no-train) - Target 79, acc: 0.8254, avg acc: 0.8255, cls loss: 0.5129  <- domain gap indicator (DA-D, cls-only, held-out -- never trained on)
14-09-26 23:52:29:   epoch 80 batch 0: collate wait 5.3s, fwd+bwd+step 0.5s
14-09-26 23:52:36:   epoch 80 batch 1: collate wait 6.1s, fwd+bwd+step 0.5s
14-09-26 23:52:42:   epoch 80 batch 2: collate wait 5.7s, fwd+bwd+step 0.5s
14-09-26 23:52:48:   epoch 80 batch 3: collate wait 5.6s, fwd+bwd+step 0.5s
14-09-26 23:52:54:   epoch 80 batch 4: collate wait 5.6s, fwd+bwd+step 0.5s
14-09-26 23:53:00:   epoch 80 batch 5: collate wait 5.5s, fwd+bwd+step 0.5s
14-09-26 23:53:07:   epoch 80 batch 6: collate wait 6.1s, fwd+bwd+step 0.5s
14-09-26 23:53:13:   epoch 80 batch 7: collate wait 5.4s, fwd+bwd+step 0.5s
14-09-26 23:53:19:   epoch 80 batch 8: collate wait 6.0s, fwd+bwd+step 0.5s
14-09-26 23:53:25:   epoch 80 batch 9: collate wait 5.7s, fwd+bwd+step 0.5s
14-09-26 23:53:29:   epoch 80 batch 10: collate wait 2.9s, fwd+bwd+step 0.4s
14-09-26 23:53:33:   epoch 80 batch 11: collate wait 3.7s, fwd+bwd+step 0.4s
14-09-26 23:53:36:   epoch 80 batch 12: collate wait 3.0s, fwd+bwd+step 0.4s
14-09-26 23:53:40:   epoch 80 batch 13: collate wait 3.4s, fwd+bwd+step 0.4s
14-09-26 23:53:44:   epoch 80 batch 14: collate wait 2.9s, fwd+bwd+step 0.4s
14-09-26 23:53:47:   epoch 80 batch 15: collate wait 3.4s, fwd+bwd+step 0.4s
14-09-26 23:53:47: Trn - Source+Target 80, cls loss: 0.0050, seg loss: 0.8781, coral loss: 0.0024, kendall s_cls: -0.7391, s_seg: 0.3930, s_coral: -0.8025
14-09-26 23:54:11: Val - Source 80, cls acc: 1.0000, cls avg acc: 1.0000, cls loss: 0.0024, seg loss: 0.9485, coral loss: 0.0028, total loss: 0.0741
14-09-26 23:54:11: Val - Source 80, Tomato seg: loss=1.3130, mIoU=0.2453, acc=0.4909
14-09-26 23:54:11: Val - Source 80, Maize seg: loss=0.8159, mIoU=0.4080, acc=0.8555
14-09-26 23:54:20: Eval(no-train) - Target 80, acc: 0.8254, avg acc: 0.8255, cls loss: 0.6097  <- domain gap indicator (DA-D, cls-only, held-out -- never trained on)
14-09-26 23:54:27:   epoch 81 batch 0: collate wait 6.1s, fwd+bwd+step 0.5s
14-09-26 23:54:34:   epoch 81 batch 1: collate wait 6.3s, fwd+bwd+step 0.5s
14-09-26 23:54:39:   epoch 81 batch 2: collate wait 5.3s, fwd+bwd+step 0.5s
14-09-26 23:54:45:   epoch 81 batch 3: collate wait 5.4s, fwd+bwd+step 0.5s
14-09-26 23:54:51:   epoch 81 batch 4: collate wait 5.7s, fwd+bwd+step 0.5s
14-09-26 23:54:57:   epoch 81 batch 5: collate wait 4.7s, fwd+bwd+step 0.5s
14-09-26 23:55:03:   epoch 81 batch 6: collate wait 5.9s, fwd+bwd+step 0.5s
14-09-26 23:55:09:   epoch 81 batch 7: collate wait 5.4s, fwd+bwd+step 0.5s
14-09-26 23:55:15:   epoch 81 batch 8: collate wait 5.8s, fwd+bwd+step 0.5s
14-09-26 23:55:23:   epoch 81 batch 9: collate wait 6.9s, fwd+bwd+step 0.5s
14-09-26 23:55:27:   epoch 81 batch 10: collate wait 3.8s, fwd+bwd+step 0.4s
14-09-26 23:55:31:   epoch 81 batch 11: collate wait 3.6s, fwd+bwd+step 0.4s
14-09-26 23:55:34:   epoch 81 batch 12: collate wait 2.7s, fwd+bwd+step 0.4s
14-09-26 23:55:38:   epoch 81 batch 13: collate wait 3.6s, fwd+bwd+step 0.4s
14-09-26 23:55:42:   epoch 81 batch 14: collate wait 3.3s, fwd+bwd+step 0.4s
14-09-26 23:55:45:   epoch 81 batch 15: collate wait 3.2s, fwd+bwd+step 0.4s
14-09-26 23:55:45: Trn - Source+Target 81, cls loss: 0.0022, seg loss: 0.8235, coral loss: 0.0021, kendall s_cls: -0.7405, s_seg: 0.3933, s_coral: -0.8039
14-09-26 23:56:11: Val - Source 81, cls acc: 1.0000, cls avg acc: 1.0000, cls loss: 0.0019, seg loss: 0.9159, coral loss: 0.0044, total loss: 0.0516
14-09-26 23:56:11: Val - Source 81, Tomato seg: loss=1.2692, mIoU=0.2436, acc=0.4966
14-09-26 23:56:11: Val - Source 81, Maize seg: loss=0.7875, mIoU=0.4184, acc=0.8618
14-09-26 23:56:20: Eval(no-train) - Target 81, acc: 0.8254, avg acc: 0.8255, cls loss: 0.4835  <- domain gap indicator (DA-D, cls-only, held-out -- never trained on)
14-09-26 23:56:26:   epoch 82 batch 0: collate wait 5.1s, fwd+bwd+step 0.4s
14-09-26 23:56:31:   epoch 82 batch 1: collate wait 5.2s, fwd+bwd+step 0.4s
14-09-26 23:56:38:   epoch 82 batch 2: collate wait 5.9s, fwd+bwd+step 0.5s
14-09-26 23:56:43:   epoch 82 batch 3: collate wait 5.1s, fwd+bwd+step 0.5s
14-09-26 23:56:50:   epoch 82 batch 4: collate wait 5.8s, fwd+bwd+step 0.5s
14-09-26 23:56:55:   epoch 82 batch 5: collate wait 5.2s, fwd+bwd+step 0.5s
14-09-26 23:57:02:   epoch 82 batch 6: collate wait 6.4s, fwd+bwd+step 0.5s
14-09-26 23:57:09:   epoch 82 batch 7: collate wait 6.1s, fwd+bwd+step 0.5s
14-09-26 23:57:15:   epoch 82 batch 8: collate wait 5.6s, fwd+bwd+step 0.5s
14-09-26 23:57:20:   epoch 82 batch 9: collate wait 5.1s, fwd+bwd+step 0.5s
14-09-26 23:57:24:   epoch 82 batch 10: collate wait 3.5s, fwd+bwd+step 0.4s
14-09-26 23:57:27:   epoch 82 batch 11: collate wait 2.5s, fwd+bwd+step 0.4s
14-09-26 23:57:31:   epoch 82 batch 12: collate wait 3.5s, fwd+bwd+step 0.4s
14-09-26 23:57:35:   epoch 82 batch 13: collate wait 3.3s, fwd+bwd+step 0.4s
14-09-26 23:57:39:   epoch 82 batch 14: collate wait 3.4s, fwd+bwd+step 0.4s
14-09-26 23:57:42:   epoch 82 batch 15: collate wait 2.9s, fwd+bwd+step 0.4s
14-09-26 23:57:42: Trn - Source+Target 82, cls loss: 0.0091, seg loss: 0.8658, coral loss: 0.0027, kendall s_cls: -0.7417, s_seg: 0.3936, s_coral: -0.8051
14-09-26 23:58:07: Val - Source 82, cls acc: 1.0000, cls avg acc: 1.0000, cls loss: 0.0042, seg loss: 0.9181, coral loss: 0.0044, total loss: 0.0565
14-09-26 23:58:07: Val - Source 82, Tomato seg: loss=1.2909, mIoU=0.2412, acc=0.4871
14-09-26 23:58:07: Val - Source 82, Maize seg: loss=0.7825, mIoU=0.4097, acc=0.8494
14-09-26 23:58:16: Eval(no-train) - Target 82, acc: 0.7778, avg acc: 0.7880, cls loss: 0.6080  <- domain gap indicator (DA-D, cls-only, held-out -- never trained on)
14-09-26 23:58:21:   epoch 83 batch 0: collate wait 4.9s, fwd+bwd+step 0.5s
14-09-26 23:58:28:   epoch 83 batch 1: collate wait 6.2s, fwd+bwd+step 0.4s
14-09-26 23:58:34:   epoch 83 batch 2: collate wait 5.7s, fwd+bwd+step 0.5s
14-09-26 23:58:40:   epoch 83 batch 3: collate wait 6.1s, fwd+bwd+step 0.5s
14-09-26 23:58:46:   epoch 83 batch 4: collate wait 4.9s, fwd+bwd+step 0.5s
14-09-26 23:58:52:   epoch 83 batch 5: collate wait 5.6s, fwd+bwd+step 0.5s
14-09-26 23:58:58:   epoch 83 batch 6: collate wait 5.9s, fwd+bwd+step 0.4s
14-09-26 23:59:04:   epoch 83 batch 7: collate wait 5.2s, fwd+bwd+step 0.5s
14-09-26 23:59:10:   epoch 83 batch 8: collate wait 5.5s, fwd+bwd+step 0.5s
14-09-26 23:59:16:   epoch 83 batch 9: collate wait 5.9s, fwd+bwd+step 0.5s
14-09-26 23:59:20:   epoch 83 batch 10: collate wait 3.4s, fwd+bwd+step 0.4s
14-09-26 23:59:24:   epoch 83 batch 11: collate wait 3.2s, fwd+bwd+step 0.4s
14-09-26 23:59:27:   epoch 83 batch 12: collate wait 3.1s, fwd+bwd+step 0.4s
14-09-26 23:59:31:   epoch 83 batch 13: collate wait 3.2s, fwd+bwd+step 0.4s
14-09-26 23:59:35:   epoch 83 batch 14: collate wait 3.8s, fwd+bwd+step 0.4s
14-09-26 23:59:38:   epoch 83 batch 15: collate wait 2.8s, fwd+bwd+step 0.4s
14-09-26 23:59:38: Trn - Source+Target 83, cls loss: 0.0038, seg loss: 0.8562, coral loss: 0.0024, kendall s_cls: -0.7428, s_seg: 0.3939, s_coral: -0.8062
15-09-26 00:00:03: Val - Source 83, cls acc: 1.0000, cls avg acc: 1.0000, cls loss: 0.0022, seg loss: 0.9098, coral loss: 0.0036, total loss: 0.0446
15-09-26 00:00:03: Val - Source 83, Tomato seg: loss=1.2989, mIoU=0.2405, acc=0.4852
15-09-26 00:00:03: Val - Source 83, Maize seg: loss=0.7683, mIoU=0.4139, acc=0.8579
15-09-26 00:00:12: Eval(no-train) - Target 83, acc: 0.8095, avg acc: 0.8130, cls loss: 0.6247  <- domain gap indicator (DA-D, cls-only, held-out -- never trained on)
15-09-26 00:00:18:   epoch 84 batch 0: collate wait 5.7s, fwd+bwd+step 0.5s
15-09-26 00:00:24:   epoch 84 batch 1: collate wait 5.5s, fwd+bwd+step 0.5s
15-09-26 00:00:30:   epoch 84 batch 2: collate wait 5.3s, fwd+bwd+step 0.5s
15-09-26 00:00:36:   epoch 84 batch 3: collate wait 5.8s, fwd+bwd+step 0.5s
15-09-26 00:00:42:   epoch 84 batch 4: collate wait 5.6s, fwd+bwd+step 0.5s
15-09-26 00:00:49:   epoch 84 batch 5: collate wait 6.2s, fwd+bwd+step 0.5s
15-09-26 00:00:55:   epoch 84 batch 6: collate wait 5.5s, fwd+bwd+step 0.5s
15-09-26 00:01:01:   epoch 84 batch 7: collate wait 5.9s, fwd+bwd+step 0.5s
15-09-26 00:01:07:   epoch 84 batch 8: collate wait 5.1s, fwd+bwd+step 0.5s
15-09-26 00:01:13:   epoch 84 batch 9: collate wait 5.6s, fwd+bwd+step 0.4s
15-09-26 00:01:16:   epoch 84 batch 10: collate wait 2.9s, fwd+bwd+step 0.4s
15-09-26 00:01:20:   epoch 84 batch 11: collate wait 3.1s, fwd+bwd+step 0.4s
15-09-26 00:01:24:   epoch 84 batch 12: collate wait 3.7s, fwd+bwd+step 0.4s
15-09-26 00:01:28:   epoch 84 batch 13: collate wait 3.3s, fwd+bwd+step 0.4s
15-09-26 00:01:31:   epoch 84 batch 14: collate wait 3.3s, fwd+bwd+step 0.4s
15-09-26 00:01:35:   epoch 84 batch 15: collate wait 2.7s, fwd+bwd+step 0.4s
15-09-26 00:01:35: Trn - Source+Target 84, cls loss: 0.0067, seg loss: 0.8220, coral loss: 0.0023, kendall s_cls: -0.7438, s_seg: 0.3940, s_coral: -0.8072
15-09-26 00:02:00: Val - Source 84, cls acc: 1.0000, cls avg acc: 1.0000, cls loss: 0.0020, seg loss: 0.9459, coral loss: 0.0038, total loss: 0.0678
15-09-26 00:02:00: Val - Source 84, Tomato seg: loss=1.3959, mIoU=0.2284, acc=0.4544
15-09-26 00:02:00: Val - Source 84, Maize seg: loss=0.7823, mIoU=0.4125, acc=0.8522
15-09-26 00:02:09: Eval(no-train) - Target 84, acc: 0.7460, avg acc: 0.7630, cls loss: 0.5385  <- domain gap indicator (DA-D, cls-only, held-out -- never trained on)
15-09-26 00:02:15:   epoch 85 batch 0: collate wait 5.8s, fwd+bwd+step 0.5s
15-09-26 00:02:21:   epoch 85 batch 1: collate wait 5.4s, fwd+bwd+step 0.5s
15-09-26 00:02:27:   epoch 85 batch 2: collate wait 5.8s, fwd+bwd+step 0.5s
15-09-26 00:02:33:   epoch 85 batch 3: collate wait 5.6s, fwd+bwd+step 0.5s
15-09-26 00:02:39:   epoch 85 batch 4: collate wait 5.2s, fwd+bwd+step 0.5s
15-09-26 00:02:45:   epoch 85 batch 5: collate wait 5.8s, fwd+bwd+step 0.5s
15-09-26 00:02:50:   epoch 85 batch 6: collate wait 4.7s, fwd+bwd+step 0.5s
15-09-26 00:02:57:   epoch 85 batch 7: collate wait 6.2s, fwd+bwd+step 0.5s
15-09-26 00:03:03:   epoch 85 batch 8: collate wait 5.9s, fwd+bwd+step 0.5s
15-09-26 00:03:09:   epoch 85 batch 9: collate wait 5.6s, fwd+bwd+step 0.5s
15-09-26 00:03:14:   epoch 85 batch 10: collate wait 3.7s, fwd+bwd+step 0.4s
15-09-26 00:03:17:   epoch 85 batch 11: collate wait 2.7s, fwd+bwd+step 0.4s
15-09-26 00:03:20:   epoch 85 batch 12: collate wait 3.2s, fwd+bwd+step 0.4s
15-09-26 00:03:25:   epoch 85 batch 13: collate wait 3.7s, fwd+bwd+step 0.4s
15-09-26 00:03:28:   epoch 85 batch 14: collate wait 3.3s, fwd+bwd+step 0.4s
15-09-26 00:03:32:   epoch 85 batch 15: collate wait 2.8s, fwd+bwd+step 0.4s
15-09-26 00:03:32: Trn - Source+Target 85, cls loss: 0.0154, seg loss: 0.8298, coral loss: 0.0023, kendall s_cls: -0.7446, s_seg: 0.3942, s_coral: -0.8081
15-09-26 00:03:56: Val - Source 85, cls acc: 1.0000, cls avg acc: 1.0000, cls loss: 0.0016, seg loss: 0.9265, coral loss: 0.0043, total loss: 0.0535
15-09-26 00:03:56: Val - Source 85, Tomato seg: loss=1.3086, mIoU=0.2442, acc=0.4901
15-09-26 00:03:56: Val - Source 85, Maize seg: loss=0.7876, mIoU=0.4148, acc=0.8549
15-09-26 00:04:05: Eval(no-train) - Target 85, acc: 0.7778, avg acc: 0.7880, cls loss: 0.6760  <- domain gap indicator (DA-D, cls-only, held-out -- never trained on)
15-09-26 00:04:11:   epoch 86 batch 0: collate wait 5.6s, fwd+bwd+step 0.5s
15-09-26 00:04:17:   epoch 86 batch 1: collate wait 5.7s, fwd+bwd+step 0.5s
15-09-26 00:04:24:   epoch 86 batch 2: collate wait 6.3s, fwd+bwd+step 0.5s
15-09-26 00:04:30:   epoch 86 batch 3: collate wait 5.3s, fwd+bwd+step 0.5s
15-09-26 00:04:36:   epoch 86 batch 4: collate wait 5.9s, fwd+bwd+step 0.5s
15-09-26 00:04:42:   epoch 86 batch 5: collate wait 5.6s, fwd+bwd+step 0.5s
15-09-26 00:04:48:   epoch 86 batch 6: collate wait 5.3s, fwd+bwd+step 0.4s
15-09-26 00:04:54:   epoch 86 batch 7: collate wait 5.5s, fwd+bwd+step 0.5s
15-09-26 00:05:01:   epoch 86 batch 8: collate wait 6.4s, fwd+bwd+step 0.5s
15-09-26 00:05:07:   epoch 86 batch 9: collate wait 6.1s, fwd+bwd+step 0.5s
15-09-26 00:05:11:   epoch 86 batch 10: collate wait 3.0s, fwd+bwd+step 0.4s
15-09-26 00:05:14:   epoch 86 batch 11: collate wait 2.7s, fwd+bwd+step 0.4s
15-09-26 00:05:17:   epoch 86 batch 12: collate wait 2.3s, fwd+bwd+step 0.4s
15-09-26 00:05:21:   epoch 86 batch 13: collate wait 3.4s, fwd+bwd+step 0.4s
15-09-26 00:05:24:   epoch 86 batch 14: collate wait 3.0s, fwd+bwd+step 0.4s
15-09-26 00:05:28:   epoch 86 batch 15: collate wait 3.2s, fwd+bwd+step 0.4s
15-09-26 00:05:28: Trn - Source+Target 86, cls loss: 0.0019, seg loss: 0.8372, coral loss: 0.0022, kendall s_cls: -0.7454, s_seg: 0.3943, s_coral: -0.8089
15-09-26 00:05:53: Val - Source 86, cls acc: 1.0000, cls avg acc: 1.0000, cls loss: 0.0015, seg loss: 0.9333, coral loss: 0.0038, total loss: 0.0567
15-09-26 00:05:53: Val - Source 86, Tomato seg: loss=1.3199, mIoU=0.2433, acc=0.4854
15-09-26 00:05:53: Val - Source 86, Maize seg: loss=0.7927, mIoU=0.4115, acc=0.8554
15-09-26 00:06:02: Eval(no-train) - Target 86, acc: 0.7460, avg acc: 0.7630, cls loss: 0.6200  <- domain gap indicator (DA-D, cls-only, held-out -- never trained on)
15-09-26 00:06:09:   epoch 87 batch 0: collate wait 6.3s, fwd+bwd+step 0.5s
15-09-26 00:06:15:   epoch 87 batch 1: collate wait 5.7s, fwd+bwd+step 0.5s
15-09-26 00:06:21:   epoch 87 batch 2: collate wait 5.3s, fwd+bwd+step 0.5s
15-09-26 00:06:26:   epoch 87 batch 3: collate wait 5.0s, fwd+bwd+step 0.5s
15-09-26 00:06:32:   epoch 87 batch 4: collate wait 5.2s, fwd+bwd+step 0.5s
15-09-26 00:06:39:   epoch 87 batch 5: collate wait 6.4s, fwd+bwd+step 0.5s
15-09-26 00:06:46:   epoch 87 batch 6: collate wait 6.6s, fwd+bwd+step 0.5s
15-09-26 00:06:52:   epoch 87 batch 7: collate wait 5.4s, fwd+bwd+step 0.5s
15-09-26 00:06:57:   epoch 87 batch 8: collate wait 5.2s, fwd+bwd+step 0.4s
15-09-26 00:07:05:   epoch 87 batch 9: collate wait 6.8s, fwd+bwd+step 0.5s
15-09-26 00:07:08:   epoch 87 batch 10: collate wait 3.3s, fwd+bwd+step 0.4s
15-09-26 00:07:12:   epoch 87 batch 11: collate wait 3.0s, fwd+bwd+step 0.4s
15-09-26 00:07:15:   epoch 87 batch 12: collate wait 3.2s, fwd+bwd+step 0.4s
15-09-26 00:07:19:   epoch 87 batch 13: collate wait 2.9s, fwd+bwd+step 0.4s
15-09-26 00:07:23:   epoch 87 batch 14: collate wait 3.8s, fwd+bwd+step 0.4s
15-09-26 00:07:26:   epoch 87 batch 15: collate wait 2.8s, fwd+bwd+step 0.4s
15-09-26 00:07:26: Trn - Source+Target 87, cls loss: 0.0336, seg loss: 0.8784, coral loss: 0.0023, kendall s_cls: -0.7460, s_seg: 0.3945, s_coral: -0.8095
15-09-26 00:07:51: Val - Source 87, cls acc: 1.0000, cls avg acc: 1.0000, cls loss: 0.0016, seg loss: 0.9307, coral loss: 0.0042, total loss: 0.0548
15-09-26 00:07:51: Val - Source 87, Tomato seg: loss=1.2784, mIoU=0.2408, acc=0.4857
15-09-26 00:07:51: Val - Source 87, Maize seg: loss=0.8042, mIoU=0.4111, acc=0.8534
15-09-26 00:08:00: Eval(no-train) - Target 87, acc: 0.7619, avg acc: 0.7755, cls loss: 0.5808  <- domain gap indicator (DA-D, cls-only, held-out -- never trained on)
15-09-26 00:08:06:   epoch 88 batch 0: collate wait 5.5s, fwd+bwd+step 0.5s
15-09-26 00:08:12:   epoch 88 batch 1: collate wait 5.6s, fwd+bwd+step 0.4s
15-09-26 00:08:18:   epoch 88 batch 2: collate wait 5.6s, fwd+bwd+step 0.5s
15-09-26 00:08:24:   epoch 88 batch 3: collate wait 5.4s, fwd+bwd+step 0.5s
15-09-26 00:08:30:   epoch 88 batch 4: collate wait 5.4s, fwd+bwd+step 0.5s
15-09-26 00:08:36:   epoch 88 batch 5: collate wait 5.8s, fwd+bwd+step 0.5s
15-09-26 00:08:43:   epoch 88 batch 6: collate wait 6.4s, fwd+bwd+step 0.5s
15-09-26 00:08:50:   epoch 88 batch 7: collate wait 6.6s, fwd+bwd+step 0.5s
15-09-26 00:08:56:   epoch 88 batch 8: collate wait 5.7s, fwd+bwd+step 0.5s
15-09-26 00:09:03:   epoch 88 batch 9: collate wait 6.0s, fwd+bwd+step 0.5s
15-09-26 00:09:07:   epoch 88 batch 10: collate wait 3.4s, fwd+bwd+step 0.4s
15-09-26 00:09:10:   epoch 88 batch 11: collate wait 3.2s, fwd+bwd+step 0.4s
15-09-26 00:09:14:   epoch 88 batch 12: collate wait 2.9s, fwd+bwd+step 0.5s
15-09-26 00:09:17:   epoch 88 batch 13: collate wait 2.8s, fwd+bwd+step 0.5s
15-09-26 00:09:20:   epoch 88 batch 14: collate wait 3.1s, fwd+bwd+step 0.4s
15-09-26 00:09:24:   epoch 88 batch 15: collate wait 2.9s, fwd+bwd+step 0.4s
15-09-26 00:09:24: Trn - Source+Target 88, cls loss: 0.0057, seg loss: 0.8447, coral loss: 0.0022, kendall s_cls: -0.7465, s_seg: 0.3946, s_coral: -0.8101
15-09-26 00:09:49: Val - Source 88, cls acc: 1.0000, cls avg acc: 1.0000, cls loss: 0.0016, seg loss: 0.9063, coral loss: 0.0043, total loss: 0.0378
15-09-26 00:09:49: Val - Source 88, Tomato seg: loss=1.2246, mIoU=0.2509, acc=0.5046
15-09-26 00:09:49: Val - Source 88, Maize seg: loss=0.7905, mIoU=0.4078, acc=0.8477
15-09-26 00:09:58: Eval(no-train) - Target 88, acc: 0.7302, avg acc: 0.7505, cls loss: 0.6833  <- domain gap indicator (DA-D, cls-only, held-out -- never trained on)
15-09-26 00:10:04:   epoch 89 batch 0: collate wait 5.7s, fwd+bwd+step 0.5s
15-09-26 00:10:10:   epoch 89 batch 1: collate wait 5.6s, fwd+bwd+step 0.5s
15-09-26 00:10:16:   epoch 89 batch 2: collate wait 5.8s, fwd+bwd+step 0.5s
15-09-26 00:10:23:   epoch 89 batch 3: collate wait 5.8s, fwd+bwd+step 0.5s
15-09-26 00:10:29:   epoch 89 batch 4: collate wait 6.0s, fwd+bwd+step 0.5s
15-09-26 00:10:35:   epoch 89 batch 5: collate wait 5.7s, fwd+bwd+step 0.5s
15-09-26 00:10:42:   epoch 89 batch 6: collate wait 5.9s, fwd+bwd+step 0.5s
15-09-26 00:10:48:   epoch 89 batch 7: collate wait 5.9s, fwd+bwd+step 0.5s
15-09-26 00:10:54:   epoch 89 batch 8: collate wait 5.8s, fwd+bwd+step 0.4s
15-09-26 00:11:00:   epoch 89 batch 9: collate wait 5.2s, fwd+bwd+step 0.5s
15-09-26 00:11:03:   epoch 89 batch 10: collate wait 2.8s, fwd+bwd+step 0.4s
15-09-26 00:11:06:   epoch 89 batch 11: collate wait 2.9s, fwd+bwd+step 0.4s
15-09-26 00:11:10:   epoch 89 batch 12: collate wait 3.0s, fwd+bwd+step 0.4s
15-09-26 00:11:14:   epoch 89 batch 13: collate wait 3.2s, fwd+bwd+step 0.4s
15-09-26 00:11:18:   epoch 89 batch 14: collate wait 3.7s, fwd+bwd+step 0.4s
15-09-26 00:11:21:   epoch 89 batch 15: collate wait 2.7s, fwd+bwd+step 0.4s
15-09-26 00:11:21: Trn - Source+Target 89, cls loss: 0.0014, seg loss: 0.8412, coral loss: 0.0022, kendall s_cls: -0.7470, s_seg: 0.3947, s_coral: -0.8106
15-09-26 00:11:46: Val - Source 89, cls acc: 1.0000, cls avg acc: 1.0000, cls loss: 0.0020, seg loss: 0.9424, coral loss: 0.0047, total loss: 0.0631
15-09-26 00:11:46: Val - Source 89, Tomato seg: loss=1.3147, mIoU=0.2362, acc=0.4724
15-09-26 00:11:46: Val - Source 89, Maize seg: loss=0.8070, mIoU=0.4061, acc=0.8426
15-09-26 00:11:55: Eval(no-train) - Target 89, acc: 0.7302, avg acc: 0.7505, cls loss: 0.6274  <- domain gap indicator (DA-D, cls-only, held-out -- never trained on)
15-09-26 00:12:01:   epoch 90 batch 0: collate wait 5.6s, fwd+bwd+step 0.5s
15-09-26 00:12:09:   epoch 90 batch 1: collate wait 6.7s, fwd+bwd+step 0.5s
15-09-26 00:12:14:   epoch 90 batch 2: collate wait 5.3s, fwd+bwd+step 0.5s
15-09-26 00:12:21:   epoch 90 batch 3: collate wait 5.7s, fwd+bwd+step 0.5s
15-09-26 00:12:27:   epoch 90 batch 4: collate wait 5.8s, fwd+bwd+step 0.5s
15-09-26 00:12:33:   epoch 90 batch 5: collate wait 5.6s, fwd+bwd+step 0.5s
15-09-26 00:12:40:   epoch 90 batch 6: collate wait 6.3s, fwd+bwd+step 0.5s
15-09-26 00:12:45:   epoch 90 batch 7: collate wait 4.9s, fwd+bwd+step 0.5s
15-09-26 00:12:52:   epoch 90 batch 8: collate wait 6.1s, fwd+bwd+step 0.5s
15-09-26 00:12:57:   epoch 90 batch 9: collate wait 5.2s, fwd+bwd+step 0.5s
15-09-26 00:13:01:   epoch 90 batch 10: collate wait 3.4s, fwd+bwd+step 0.4s
15-09-26 00:13:05:   epoch 90 batch 11: collate wait 3.8s, fwd+bwd+step 0.4s
15-09-26 00:13:09:   epoch 90 batch 12: collate wait 2.8s, fwd+bwd+step 0.4s
15-09-26 00:13:12:   epoch 90 batch 13: collate wait 2.7s, fwd+bwd+step 0.4s
15-09-26 00:13:15:   epoch 90 batch 14: collate wait 2.7s, fwd+bwd+step 0.4s
15-09-26 00:13:18:   epoch 90 batch 15: collate wait 3.1s, fwd+bwd+step 0.4s
15-09-26 00:13:18: Trn - Source+Target 90, cls loss: 0.0054, seg loss: 0.8533, coral loss: 0.0021, kendall s_cls: -0.7474, s_seg: 0.3948, s_coral: -0.8110
15-09-26 00:13:44: Val - Source 90, cls acc: 1.0000, cls avg acc: 1.0000, cls loss: 0.0017, seg loss: 0.9185, coral loss: 0.0045, total loss: 0.0458
15-09-26 00:13:44: Val - Source 90, Tomato seg: loss=1.2970, mIoU=0.2379, acc=0.4761
15-09-26 00:13:44: Val - Source 90, Maize seg: loss=0.7809, mIoU=0.4128, acc=0.8503
15-09-26 00:13:53: Eval(no-train) - Target 90, acc: 0.7460, avg acc: 0.7630, cls loss: 0.7364  <- domain gap indicator (DA-D, cls-only, held-out -- never trained on)
15-09-26 00:13:59:   epoch 91 batch 0: collate wait 4.7s, fwd+bwd+step 0.5s
15-09-26 00:14:05:   epoch 91 batch 1: collate wait 5.6s, fwd+bwd+step 0.4s
15-09-26 00:14:11:   epoch 91 batch 2: collate wait 6.0s, fwd+bwd+step 0.5s
15-09-26 00:14:18:   epoch 91 batch 3: collate wait 5.9s, fwd+bwd+step 0.5s
15-09-26 00:14:23:   epoch 91 batch 4: collate wait 5.1s, fwd+bwd+step 0.4s
15-09-26 00:14:29:   epoch 91 batch 5: collate wait 5.7s, fwd+bwd+step 0.5s
15-09-26 00:14:36:   epoch 91 batch 6: collate wait 6.1s, fwd+bwd+step 0.5s
15-09-26 00:14:42:   epoch 91 batch 7: collate wait 5.8s, fwd+bwd+step 0.5s
15-09-26 00:14:48:   epoch 91 batch 8: collate wait 5.9s, fwd+bwd+step 0.5s
15-09-26 00:14:56:   epoch 91 batch 9: collate wait 6.9s, fwd+bwd+step 0.5s
15-09-26 00:14:59:   epoch 91 batch 10: collate wait 2.9s, fwd+bwd+step 0.4s
15-09-26 00:15:02:   epoch 91 batch 11: collate wait 2.8s, fwd+bwd+step 0.4s
15-09-26 00:15:06:   epoch 91 batch 12: collate wait 3.1s, fwd+bwd+step 0.4s
15-09-26 00:15:10:   epoch 91 batch 13: collate wait 3.5s, fwd+bwd+step 0.4s
15-09-26 00:15:14:   epoch 91 batch 14: collate wait 3.8s, fwd+bwd+step 0.4s
15-09-26 00:15:17:   epoch 91 batch 15: collate wait 2.7s, fwd+bwd+step 0.4s
15-09-26 00:15:17: Trn - Source+Target 91, cls loss: 0.0037, seg loss: 0.8814, coral loss: 0.0021, kendall s_cls: -0.7477, s_seg: 0.3949, s_coral: -0.8113
15-09-26 00:15:43: Val - Source 91, cls acc: 1.0000, cls avg acc: 1.0000, cls loss: 0.0016, seg loss: 0.9401, coral loss: 0.0034, total loss: 0.0585
15-09-26 00:15:43: Val - Source 91, Tomato seg: loss=1.3219, mIoU=0.2306, acc=0.4601
15-09-26 00:15:43: Val - Source 91, Maize seg: loss=0.8013, mIoU=0.4089, acc=0.8521
15-09-26 00:15:52: Eval(no-train) - Target 91, acc: 0.7143, avg acc: 0.7380, cls loss: 0.7139  <- domain gap indicator (DA-D, cls-only, held-out -- never trained on)
15-09-26 00:15:57:   epoch 92 batch 0: collate wait 5.4s, fwd+bwd+step 0.5s
15-09-26 00:16:04:   epoch 92 batch 1: collate wait 6.1s, fwd+bwd+step 0.5s
15-09-26 00:16:10:   epoch 92 batch 2: collate wait 5.4s, fwd+bwd+step 0.5s
15-09-26 00:16:16:   epoch 92 batch 3: collate wait 5.8s, fwd+bwd+step 0.5s
15-09-26 00:16:21:   epoch 92 batch 4: collate wait 5.0s, fwd+bwd+step 0.5s
15-09-26 00:16:28:   epoch 92 batch 5: collate wait 5.9s, fwd+bwd+step 0.5s
15-09-26 00:16:34:   epoch 92 batch 6: collate wait 5.7s, fwd+bwd+step 0.5s
15-09-26 00:16:40:   epoch 92 batch 7: collate wait 5.7s, fwd+bwd+step 0.5s
15-09-26 00:16:46:   epoch 92 batch 8: collate wait 5.5s, fwd+bwd+step 0.4s
15-09-26 00:16:52:   epoch 92 batch 9: collate wait 5.3s, fwd+bwd+step 0.5s
15-09-26 00:16:56:   epoch 92 batch 10: collate wait 3.5s, fwd+bwd+step 0.4s
15-09-26 00:16:59:   epoch 92 batch 11: collate wait 2.8s, fwd+bwd+step 0.4s
15-09-26 00:17:03:   epoch 92 batch 12: collate wait 3.1s, fwd+bwd+step 0.4s
15-09-26 00:17:06:   epoch 92 batch 13: collate wait 3.0s, fwd+bwd+step 0.4s
15-09-26 00:17:09:   epoch 92 batch 14: collate wait 2.9s, fwd+bwd+step 0.4s
15-09-26 00:17:13:   epoch 92 batch 15: collate wait 3.2s, fwd+bwd+step 0.4s
15-09-26 00:17:13: Trn - Source+Target 92, cls loss: 0.0038, seg loss: 0.8037, coral loss: 0.0024, kendall s_cls: -0.7480, s_seg: 0.3950, s_coral: -0.8115
15-09-26 00:17:38: Val - Source 92, cls acc: 1.0000, cls avg acc: 1.0000, cls loss: 0.0014, seg loss: 0.9305, coral loss: 0.0041, total loss: 0.0523
15-09-26 00:17:38: Val - Source 92, Tomato seg: loss=1.2974, mIoU=0.2287, acc=0.4624
15-09-26 00:17:38: Val - Source 92, Maize seg: loss=0.7971, mIoU=0.4101, acc=0.8471
15-09-26 00:17:47: Eval(no-train) - Target 92, acc: 0.6984, avg acc: 0.7255, cls loss: 0.6473  <- domain gap indicator (DA-D, cls-only, held-out -- never trained on)
15-09-26 00:17:53:   epoch 93 batch 0: collate wait 5.5s, fwd+bwd+step 0.5s
15-09-26 00:17:59:   epoch 93 batch 1: collate wait 5.6s, fwd+bwd+step 0.4s
15-09-26 00:18:05:   epoch 93 batch 2: collate wait 5.7s, fwd+bwd+step 0.5s
15-09-26 00:18:12:   epoch 93 batch 3: collate wait 6.1s, fwd+bwd+step 0.5s
15-09-26 00:18:19:   epoch 93 batch 4: collate wait 6.5s, fwd+bwd+step 0.5s
15-09-26 00:18:25:   epoch 93 batch 5: collate wait 5.9s, fwd+bwd+step 0.5s
15-09-26 00:18:31:   epoch 93 batch 6: collate wait 4.8s, fwd+bwd+step 0.5s
15-09-26 00:18:37:   epoch 93 batch 7: collate wait 5.8s, fwd+bwd+step 0.5s
15-09-26 00:18:43:   epoch 93 batch 8: collate wait 5.8s, fwd+bwd+step 0.5s
15-09-26 00:18:50:   epoch 93 batch 9: collate wait 6.0s, fwd+bwd+step 0.5s
15-09-26 00:18:53:   epoch 93 batch 10: collate wait 2.8s, fwd+bwd+step 0.4s
15-09-26 00:18:56:   epoch 93 batch 11: collate wait 3.0s, fwd+bwd+step 0.4s
15-09-26 00:19:00:   epoch 93 batch 12: collate wait 2.9s, fwd+bwd+step 0.4s
15-09-26 00:19:03:   epoch 93 batch 13: collate wait 3.3s, fwd+bwd+step 0.4s
15-09-26 00:19:06:   epoch 93 batch 14: collate wait 2.4s, fwd+bwd+step 0.4s
15-09-26 00:19:09:   epoch 93 batch 15: collate wait 2.9s, fwd+bwd+step 0.4s
15-09-26 00:19:09: Trn - Source+Target 93, cls loss: 0.0043, seg loss: 0.8434, coral loss: 0.0020, kendall s_cls: -0.7482, s_seg: 0.3950, s_coral: -0.8117
15-09-26 00:19:34: Val - Source 93, cls acc: 1.0000, cls avg acc: 1.0000, cls loss: 0.0028, seg loss: 0.9281, coral loss: 0.0035, total loss: 0.0527
15-09-26 00:19:34: Val - Source 93, Tomato seg: loss=1.2775, mIoU=0.2395, acc=0.4850
15-09-26 00:19:34: Val - Source 93, Maize seg: loss=0.8011, mIoU=0.4091, acc=0.8485
15-09-26 00:19:43: Eval(no-train) - Target 93, acc: 0.7143, avg acc: 0.7380, cls loss: 0.5283  <- domain gap indicator (DA-D, cls-only, held-out -- never trained on)
15-09-26 00:19:49:   epoch 94 batch 0: collate wait 6.0s, fwd+bwd+step 0.4s
15-09-26 00:19:55:   epoch 94 batch 1: collate wait 5.4s, fwd+bwd+step 0.5s
15-09-26 00:20:01:   epoch 94 batch 2: collate wait 5.9s, fwd+bwd+step 0.5s
15-09-26 00:20:07:   epoch 94 batch 3: collate wait 5.4s, fwd+bwd+step 0.5s
15-09-26 00:20:13:   epoch 94 batch 4: collate wait 5.7s, fwd+bwd+step 0.4s
15-09-26 00:20:20:   epoch 94 batch 5: collate wait 5.8s, fwd+bwd+step 0.5s
15-09-26 00:20:27:   epoch 94 batch 6: collate wait 6.6s, fwd+bwd+step 0.5s
15-09-26 00:20:32:   epoch 94 batch 7: collate wait 5.2s, fwd+bwd+step 0.5s
15-09-26 00:20:39:   epoch 94 batch 8: collate wait 6.2s, fwd+bwd+step 0.5s
15-09-26 00:20:45:   epoch 94 batch 9: collate wait 5.5s, fwd+bwd+step 0.5s
15-09-26 00:20:49:   epoch 94 batch 10: collate wait 3.5s, fwd+bwd+step 0.4s
15-09-26 00:20:53:   epoch 94 batch 11: collate wait 3.3s, fwd+bwd+step 0.4s
15-09-26 00:20:56:   epoch 94 batch 12: collate wait 3.2s, fwd+bwd+step 0.4s
15-09-26 00:21:00:   epoch 94 batch 13: collate wait 3.2s, fwd+bwd+step 0.4s
15-09-26 00:21:03:   epoch 94 batch 14: collate wait 2.8s, fwd+bwd+step 0.5s
15-09-26 00:21:07:   epoch 94 batch 15: collate wait 3.4s, fwd+bwd+step 0.4s
15-09-26 00:21:07: Trn - Source+Target 94, cls loss: 0.0201, seg loss: 0.8454, coral loss: 0.0022, kendall s_cls: -0.7483, s_seg: 0.3950, s_coral: -0.8119
15-09-26 00:21:33: Val - Source 94, cls acc: 1.0000, cls avg acc: 1.0000, cls loss: 0.0013, seg loss: 0.8955, coral loss: 0.0042, total loss: 0.0282
15-09-26 00:21:33: Val - Source 94, Tomato seg: loss=1.2719, mIoU=0.2426, acc=0.4874
15-09-26 00:21:33: Val - Source 94, Maize seg: loss=0.7586, mIoU=0.4142, acc=0.8535
15-09-26 00:21:42: Eval(no-train) - Target 94, acc: 0.7460, avg acc: 0.7630, cls loss: 0.5966  <- domain gap indicator (DA-D, cls-only, held-out -- never trained on)
15-09-26 00:21:50:   epoch 95 batch 0: collate wait 7.5s, fwd+bwd+step 0.4s
15-09-26 00:21:56:   epoch 95 batch 1: collate wait 5.6s, fwd+bwd+step 0.5s
15-09-26 00:22:02:   epoch 95 batch 2: collate wait 5.5s, fwd+bwd+step 0.5s
15-09-26 00:22:09:   epoch 95 batch 3: collate wait 6.3s, fwd+bwd+step 0.4s
15-09-26 00:22:14:   epoch 95 batch 4: collate wait 5.2s, fwd+bwd+step 0.5s
15-09-26 00:22:20:   epoch 95 batch 5: collate wait 5.1s, fwd+bwd+step 0.5s
15-09-26 00:22:27:   epoch 95 batch 6: collate wait 6.3s, fwd+bwd+step 0.5s
15-09-26 00:22:33:   epoch 95 batch 7: collate wait 5.9s, fwd+bwd+step 0.5s
15-09-26 00:22:38:   epoch 95 batch 8: collate wait 4.8s, fwd+bwd+step 0.5s
15-09-26 00:22:44:   epoch 95 batch 9: collate wait 5.7s, fwd+bwd+step 0.5s
15-09-26 00:22:49:   epoch 95 batch 10: collate wait 3.7s, fwd+bwd+step 0.4s
15-09-26 00:22:52:   epoch 95 batch 11: collate wait 2.7s, fwd+bwd+step 0.4s
15-09-26 00:22:55:   epoch 95 batch 12: collate wait 3.1s, fwd+bwd+step 0.4s
15-09-26 00:22:59:   epoch 95 batch 13: collate wait 3.3s, fwd+bwd+step 0.4s
15-09-26 00:23:02:   epoch 95 batch 14: collate wait 2.8s, fwd+bwd+step 0.4s
15-09-26 00:23:06:   epoch 95 batch 15: collate wait 3.2s, fwd+bwd+step 0.4s
15-09-26 00:23:06: Trn - Source+Target 95, cls loss: 0.0113, seg loss: 0.8689, coral loss: 0.0022, kendall s_cls: -0.7484, s_seg: 0.3951, s_coral: -0.8120
15-09-26 00:23:32: Val - Source 95, cls acc: 1.0000, cls avg acc: 1.0000, cls loss: 0.0038, seg loss: 0.9488, coral loss: 0.0045, total loss: 0.0695
15-09-26 00:23:32: Val - Source 95, Tomato seg: loss=1.2758, mIoU=0.2476, acc=0.4889
15-09-26 00:23:32: Val - Source 95, Maize seg: loss=0.8298, mIoU=0.4116, acc=0.8529
15-09-26 00:23:40: Eval(no-train) - Target 95, acc: 0.7143, avg acc: 0.7380, cls loss: 0.6258  <- domain gap indicator (DA-D, cls-only, held-out -- never trained on)
15-09-26 00:23:46:   epoch 96 batch 0: collate wait 5.4s, fwd+bwd+step 0.5s
15-09-26 00:23:52:   epoch 96 batch 1: collate wait 5.2s, fwd+bwd+step 0.5s
15-09-26 00:23:57:   epoch 96 batch 2: collate wait 5.0s, fwd+bwd+step 0.5s
15-09-26 00:24:04:   epoch 96 batch 3: collate wait 5.9s, fwd+bwd+step 0.5s
15-09-26 00:24:10:   epoch 96 batch 4: collate wait 6.0s, fwd+bwd+step 0.4s
15-09-26 00:24:16:   epoch 96 batch 5: collate wait 5.6s, fwd+bwd+step 0.4s
15-09-26 00:24:22:   epoch 96 batch 6: collate wait 5.5s, fwd+bwd+step 0.5s
15-09-26 00:24:28:   epoch 96 batch 7: collate wait 5.6s, fwd+bwd+step 0.4s
15-09-26 00:24:35:   epoch 96 batch 8: collate wait 6.4s, fwd+bwd+step 0.4s
15-09-26 00:24:41:   epoch 96 batch 9: collate wait 5.0s, fwd+bwd+step 0.5s
15-09-26 00:24:45:   epoch 96 batch 10: collate wait 3.4s, fwd+bwd+step 0.4s
15-09-26 00:24:48:   epoch 96 batch 11: collate wait 3.0s, fwd+bwd+step 0.4s
15-09-26 00:24:51:   epoch 96 batch 12: collate wait 3.0s, fwd+bwd+step 0.4s
15-09-26 00:24:55:   epoch 96 batch 13: collate wait 3.5s, fwd+bwd+step 0.4s
15-09-26 00:24:58:   epoch 96 batch 14: collate wait 2.6s, fwd+bwd+step 0.4s
15-09-26 00:25:02:   epoch 96 batch 15: collate wait 2.8s, fwd+bwd+step 0.4s
15-09-26 00:25:02: Trn - Source+Target 96, cls loss: 0.0026, seg loss: 0.8449, coral loss: 0.0020, kendall s_cls: -0.7484, s_seg: 0.3951, s_coral: -0.8120
15-09-26 00:25:27: Val - Source 96, cls acc: 1.0000, cls avg acc: 1.0000, cls loss: 0.0017, seg loss: 0.9336, coral loss: 0.0030, total loss: 0.0531
15-09-26 00:25:27: Val - Source 96, Tomato seg: loss=1.2433, mIoU=0.2487, acc=0.4995
15-09-26 00:25:27: Val - Source 96, Maize seg: loss=0.8210, mIoU=0.4076, acc=0.8496
15-09-26 00:25:35: Eval(no-train) - Target 96, acc: 0.7619, avg acc: 0.7755, cls loss: 0.6611  <- domain gap indicator (DA-D, cls-only, held-out -- never trained on)
15-09-26 00:25:41:   epoch 97 batch 0: collate wait 5.5s, fwd+bwd+step 0.5s
15-09-26 00:25:48:   epoch 97 batch 1: collate wait 6.1s, fwd+bwd+step 0.5s
15-09-26 00:25:54:   epoch 97 batch 2: collate wait 5.7s, fwd+bwd+step 0.4s
15-09-26 00:26:16:   epoch 97 batch 3: collate wait 7.0s, fwd+bwd+step 15.3s
15-09-26 00:29:34:   epoch 97 batch 4: collate wait 10.9s, fwd+bwd+step 186.7s
15-09-26 00:30:07:   epoch 97 batch 5: collate wait 17.3s, fwd+bwd+step 15.3s
15-09-26 00:30:36:   epoch 97 batch 6: collate wait 15.5s, fwd+bwd+step 14.0s
15-09-26 00:31:07:   epoch 97 batch 7: collate wait 16.0s, fwd+bwd+step 15.1s
15-09-26 00:31:39:   epoch 97 batch 8: collate wait 17.5s, fwd+bwd+step 14.4s
15-09-26 00:57:10:   epoch 97 batch 9: collate wait 36.5s, fwd+bwd+step 1494.7s
15-09-26 00:57:26:   epoch 97 batch 10: collate wait 6.1s, fwd+bwd+step 9.6s
15-09-26 00:57:29:   epoch 97 batch 11: collate wait 3.3s, fwd+bwd+step 0.5s
15-09-26 00:57:34:   epoch 97 batch 12: collate wait 4.2s, fwd+bwd+step 0.7s
15-09-26 00:57:38:   epoch 97 batch 13: collate wait 3.3s, fwd+bwd+step 0.5s
15-09-26 00:57:42:   epoch 97 batch 14: collate wait 3.7s, fwd+bwd+step 0.5s
15-09-26 00:57:46:   epoch 97 batch 15: collate wait 3.6s, fwd+bwd+step 0.4s
15-09-26 00:57:46: Trn - Source+Target 97, cls loss: 0.0044, seg loss: 0.8502, coral loss: 0.0023, kendall s_cls: -0.7485, s_seg: 0.3951, s_coral: -0.8121
15-09-26 00:58:15: Val - Source 97, cls acc: 1.0000, cls avg acc: 1.0000, cls loss: 0.0058, seg loss: 0.9259, coral loss: 0.0028, total loss: 0.0563
15-09-26 00:58:15: Val - Source 97, Tomato seg: loss=1.2771, mIoU=0.2426, acc=0.4854
15-09-26 00:58:15: Val - Source 97, Maize seg: loss=0.7982, mIoU=0.4124, acc=0.8479
15-09-26 00:58:25: Eval(no-train) - Target 97, acc: 0.6984, avg acc: 0.7255, cls loss: 0.5929  <- domain gap indicator (DA-D, cls-only, held-out -- never trained on)
15-09-26 00:58:32:   epoch 98 batch 0: collate wait 6.4s, fwd+bwd+step 0.5s
15-09-26 00:58:38:   epoch 98 batch 1: collate wait 5.9s, fwd+bwd+step 0.5s
15-09-26 00:58:45:   epoch 98 batch 2: collate wait 6.3s, fwd+bwd+step 0.5s
15-09-26 00:58:51:   epoch 98 batch 3: collate wait 5.4s, fwd+bwd+step 0.5s
15-09-26 00:58:57:   epoch 98 batch 4: collate wait 5.8s, fwd+bwd+step 0.5s
15-09-26 00:59:04:   epoch 98 batch 5: collate wait 6.5s, fwd+bwd+step 0.5s
15-09-26 00:59:11:   epoch 98 batch 6: collate wait 6.6s, fwd+bwd+step 0.5s
15-09-26 00:59:17:   epoch 98 batch 7: collate wait 5.9s, fwd+bwd+step 0.5s
15-09-26 00:59:23:   epoch 98 batch 8: collate wait 5.6s, fwd+bwd+step 0.5s
15-09-26 00:59:29:   epoch 98 batch 9: collate wait 5.6s, fwd+bwd+step 0.5s
15-09-26 00:59:33:   epoch 98 batch 10: collate wait 3.5s, fwd+bwd+step 0.4s
15-09-26 01:04:43:   epoch 98 batch 11: collate wait 20.8s, fwd+bwd+step 288.6s
15-09-26 01:04:48:   epoch 98 batch 12: collate wait 4.4s, fwd+bwd+step 0.5s
15-09-26 01:04:53:   epoch 98 batch 13: collate wait 4.1s, fwd+bwd+step 0.9s
15-09-26 01:04:57:   epoch 98 batch 14: collate wait 3.6s, fwd+bwd+step 0.4s
15-09-26 01:05:01:   epoch 98 batch 15: collate wait 4.1s, fwd+bwd+step 0.4s
15-09-26 01:05:01: Trn - Source+Target 98, cls loss: 0.0028, seg loss: 0.8362, coral loss: 0.0022, kendall s_cls: -0.7485, s_seg: 0.3951, s_coral: -0.8121
15-09-26 01:05:29: Val - Source 98, cls acc: 1.0000, cls avg acc: 1.0000, cls loss: 0.0039, seg loss: 0.9092, coral loss: 0.0029, total loss: 0.0412
15-09-26 01:05:29: Val - Source 98, Tomato seg: loss=1.2891, mIoU=0.2330, acc=0.4695
15-09-26 01:05:29: Val - Source 98, Maize seg: loss=0.7710, mIoU=0.4137, acc=0.8569
15-09-26 01:05:39: Eval(no-train) - Target 98, acc: 0.6825, avg acc: 0.7130, cls loss: 0.7147  <- domain gap indicator (DA-D, cls-only, held-out -- never trained on)
15-09-26 01:05:46:   epoch 99 batch 0: collate wait 6.6s, fwd+bwd+step 0.4s
15-09-26 01:05:53:   epoch 99 batch 1: collate wait 6.4s, fwd+bwd+step 0.5s
15-09-26 01:05:59:   epoch 99 batch 2: collate wait 5.7s, fwd+bwd+step 0.5s
15-09-26 01:06:05:   epoch 99 batch 3: collate wait 5.6s, fwd+bwd+step 0.5s
15-09-26 01:06:12:   epoch 99 batch 4: collate wait 6.1s, fwd+bwd+step 0.5s
15-09-26 01:06:19:   epoch 99 batch 5: collate wait 6.7s, fwd+bwd+step 0.5s
15-09-26 01:06:24:   epoch 99 batch 6: collate wait 5.0s, fwd+bwd+step 0.5s
15-09-26 01:06:31:   epoch 99 batch 7: collate wait 6.1s, fwd+bwd+step 0.5s
15-09-26 01:06:38:   epoch 99 batch 8: collate wait 7.0s, fwd+bwd+step 0.5s
15-09-26 01:06:46:   epoch 99 batch 9: collate wait 6.8s, fwd+bwd+step 0.5s
15-09-26 01:06:49:   epoch 99 batch 10: collate wait 3.4s, fwd+bwd+step 0.4s
15-09-26 01:06:54:   epoch 99 batch 11: collate wait 3.6s, fwd+bwd+step 0.4s
15-09-26 01:06:57:   epoch 99 batch 12: collate wait 3.1s, fwd+bwd+step 0.4s
15-09-26 01:07:01:   epoch 99 batch 13: collate wait 3.2s, fwd+bwd+step 0.4s
15-09-26 01:07:04:   epoch 99 batch 14: collate wait 3.1s, fwd+bwd+step 0.4s
15-09-26 01:07:09:   epoch 99 batch 15: collate wait 3.9s, fwd+bwd+step 0.4s
15-09-26 01:07:09: Trn - Source+Target 99, cls loss: 0.0046, seg loss: 0.8507, coral loss: 0.0022, kendall s_cls: -0.7485, s_seg: 0.3951, s_coral: -0.8121
15-09-26 01:07:33: Val - Source 99, cls acc: 1.0000, cls avg acc: 1.0000, cls loss: 0.0018, seg loss: 0.9341, coral loss: 0.0033, total loss: 0.0541
15-09-26 01:07:33: Val - Source 99, Tomato seg: loss=1.2761, mIoU=0.2430, acc=0.4942
15-09-26 01:07:33: Val - Source 99, Maize seg: loss=0.8098, mIoU=0.4094, acc=0.8491
15-09-26 01:07:42: Eval(no-train) - Target 99, acc: 0.6984, avg acc: 0.7255, cls loss: 0.7274  <- domain gap indicator (DA-D, cls-only, held-out -- never trained on)
15-09-26 01:07:42: Best model at epoch 94, source val total loss 0.0282
15-09-26 01:07:50: FINAL best-model source val: cls acc: 1.0000, cls avg acc: 1.0000, seg loss: 0.8951
15-09-26 01:07:50: FINAL best-model source val, Tomato seg: loss=1.2362, mIoU=0.2482, acc=0.4958
15-09-26 01:07:50: FINAL best-model source val, Maize seg: loss=0.7711, mIoU=0.4150, acc=0.8562
15-09-26 01:07:59: FINAL target (Pheno4D held-out) test accuracy: 0.6825, avg acc: 0.7130, loss: 0.6825  <- classification-only; target segmentation not evaluated (see module docstring)
15-09-26 01:07:59: Confusion matrix (rows=true, cols=pred, order=['Tomato', 'Maize']):
[[24 16]
 [ 4 19]]
15-09-26 01:08:00: Per-class precision/recall/F1 on target test:
              precision    recall  f1-score   support

      Tomato     0.8571    0.6000    0.7059        40
       Maize     0.5429    0.8261    0.6552        23

    accuracy                         0.6825        63
   macro avg     0.7000    0.7130    0.6805        63
weighted avg     0.7424    0.6825    0.6874        63

